Code,Tag No,Equipment Class,Trade,Work Type,Request Date,WO Start Date,WO End Date,Total Hours Work
111201/1/2,Comp_E,ELECTRIC MOTOR,WORKSHOP,CORRECTIVE,14000104,14000108,14000111,14
110295/7,Comp_D,COMPRESSOR,ELECTRICAL,PREVENTIVE MAINTENANCE,14000102,14000103,14000103,6
110295/6,Comp_D,COMPRESSOR,WORKSHOP,PREVENTIVE MAINTENANCE,14000102,14000103,14000104,6
201496,Comp_B,COMPRESSOR,FIX MECHANICAL,CORRECTIVE,14041209,14041209,14041209,5
201391,Comp_B,COMPRESSOR,MACHINERY,CORRECTIVE,14041206,14041208,14041208,3
201092,Comp_E,COMPRESSOR,FIX MECHANICAL,CORRECTIVE,14041127,14041126,14041126,5
200910,Comp_B,ELECTRIC MOTOR,ELECTRICAL,CORRECTIVE,14041121,14041122,14041123,2
200871,Comp_C,COMPRESSOR,Condition Monitoring,PREVENTIVE MAINTENANCE,14041120,14041120,14041120,2
200870,Comp_B,COMPRESSOR,Condition Monitoring,PREVENTIVE MAINTENANCE,14041120,14041120,14041120,2
200693,Comp_B,ELECTRIC MOTOR,ELECTRICAL,CORRECTIVE,14041114,14041116,14041116,8
197796,Comp_B,COMPRESSOR,INSTRUMENT,CORRECTIVE,14040906,14040906,14040906,16
197780/4/2,Comp_A,PUMP,WORKSHOP,CORRECTIVE,14040915,14040916,14040916,12
197780/4/1,Comp_A,PUMP,ELECTRICAL,CORRECTIVE,14040912,14040920,14040920,8
197780/4,Comp_A,PUMP,WORKSHOP,CORRECTIVE,14040912,14040912,14040922,8
197780/3,Comp_A,PUMP,CRAFT,CORRECTIVE,14040906,14040906,14040906,8
197780/2,Comp_A,PUMP,ELECTRICAL,CORRECTIVE,14040906,14040906,14040906,6
197780,Comp_A,PUMP,MACHINERY,CORRECTIVE,14040906,14040906,14040906,9
197677,Comp_A,COMPRESSOR,FIX MECHANICAL,CORRECTIVE,14040903,14040904,14040904,10
197654,Comp_B,COMPRESSOR,ELECTRICAL,CORRECTIVE,14040903,14040902,14040902,3
197653,Comp_A,COMPRESSOR,ELECTRICAL,CORRECTIVE,14040903,14040902,14040902,2
197644,Comp_B,ELECTRIC MOTOR,ELECTRICAL,SERVICE,14040903,14040902,14040902,6
197567,Comp_A,RELAY,ELECTRICAL,PREVENTIVE MAINTENANCE,14040901,14041022,14041022,6
197554/1,Comp_A,SAFETY VALVE,WORKSHOP,PREVENTIVE MAINTENANCE,14041007,14041017,14041023,9
197554,Comp_A,SAFETY VALVE,FIX MECHANICAL,PREVENTIVE MAINTENANCE,14040901,14041108,14041108,10
197553/2,Comp_A,SAFETY VALVE,CRAFT,PREVENTIVE MAINTENANCE,14041102,14041105,14041105,4
197553/1,Comp_A,SAFETY VALVE,WORKSHOP,PREVENTIVE MAINTENANCE,14041007,14041007,14041023,17
197553,Comp_A,SAFETY VALVE,FIX MECHANICAL,PREVENTIVE MAINTENANCE,14040901,14041108,14041108,10
197552/1,Comp_A,SAFETY VALVE,WORKSHOP,PREVENTIVE MAINTENANCE,14041007,14041016,14041023,6
197552,Comp_A,SAFETY VALVE,FIX MECHANICAL,PREVENTIVE MAINTENANCE,14040901,14041108,14041108,10
197551/1,Comp_A,SAFETY VALVE,WORKSHOP,PREVENTIVE MAINTENANCE,14041007,14041016,14041023,6
197551,Comp_A,SAFETY VALVE,FIX MECHANICAL,PREVENTIVE MAINTENANCE,14040901,14041108,14041108,10
197531,Comp_E,COMPRESSOR,FIX MECHANICAL,CORRECTIVE,14040901,14040903,14040903,5
197518,Comp_E,COMPRESSOR,MACHINERY,CORRECTIVE,14040830,14040829,14040829,18
197377/1,Comp_E,BLOWER & FAN,ELECTRICAL,CORRECTIVE,14040826,14040910,14040910,6
197377,Comp_E,ELECTRIC MOTOR,ELECTRICAL,CORRECTIVE,14040826,14040902,14040911,6
197362,Comp_A,RELAY,ELECTRICAL,PREVENTIVE MAINTENANCE,14040825,14041020,14041020,6
197361,Comp_A,RELAY,ELECTRICAL,PREVENTIVE MAINTENANCE,14040825,14041021,14041021,6
197360,Comp_A,RELAY,ELECTRICAL,PREVENTIVE MAINTENANCE,14040825,14041023,14041023,6
197359,Comp_A,RELAY,ELECTRICAL,PREVENTIVE MAINTENANCE,14040825,14041020,14041020,6
197065,Comp_A,RELAY,ELECTRICAL,PREVENTIVE MAINTENANCE,14040818,14041021,14041021,6
197063,Comp_A,RELAY,ELECTRICAL,PREVENTIVE MAINTENANCE,14040818,14041023,14041023,6
196694/1,Comp_A,COMPRESSOR,WORKSHOP,CORRECTIVE,14040811,14040817,14040819,11
196694,Comp_A,COMPRESSOR,FIX MECHANICAL,CORRECTIVE,14040810,14040812,14040812,5
196636,Comp_E,PUMP,ELECTRICAL,CORRECTIVE,14040807,14040807,14040807,4
196537,Comp_B,COMPRESSOR,MACHINERY,CORRECTIVE,14040806,14040806,14040806,4
196533,Comp_E,COMPRESSOR,INSTRUMENT,CORRECTIVE,14040805,14041002,14041002,2
196498,Comp_A,COMPRESSOR,Condition Monitoring,PREVENTIVE MAINTENANCE,14040805,14040804,14040804,2
196496,Comp_E,COMPRESSOR,Condition Monitoring,PREVENTIVE MAINTENANCE,14040805,14040804,14040804,2
196440/1,Comp_B,SAFETY VALVE,WORKSHOP,PREVENTIVE MAINTENANCE,14040811,14040818,14040826,9
196439/1,Comp_B,SAFETY VALVE,WORKSHOP,PREVENTIVE MAINTENANCE,14040811,14040818,14040826,8
196438/1,Comp_B,SAFETY VALVE,WORKSHOP,PREVENTIVE MAINTENANCE,14040811,14040818,14040826,9
196358/2,Comp_C,COMPRESSOR,INSTRUMENT,CORRECTIVE,14040803,14040803,14040803,5
196358/1/1,Comp_C,COMPRESSOR,CRAFT,CORRECTIVE,14040803,14040803,14040803,8
196358/1,Comp_C,COMPRESSOR,MACHINERY,CORRECTIVE,14040803,14040803,14040803,30
196358,Comp_C,COMPRESSOR,INSTRUMENT,CORRECTIVE,14040803,14040803,14040803,10
196083,Comp_B,COMPRESSOR,INSTRUMENT,CORRECTIVE,14040728,14040728,14040728,2
196054,Comp_E,COMPRESSOR,INSTRUMENT,CORRECTIVE,14040727,14040727,14040727,6
196042/8,Comp_E,COMPRESSOR,CRAFT,CORRECTIVE,14040813,14040813,14040813,4
196042/6,Comp_E,COMPRESSOR,Condition Monitoring,CORRECTIVE,14040808,14040814,14040814,2
196042/5,Comp_E,COMPRESSOR,WORKSHOP,CORRECTIVE,14040807,14040812,14040812,5
196042/4,Comp_E,COMPRESSOR,CRAFT,CORRECTIVE,14040807,14040813,14040813,4
196042/3,Comp_E,COMPRESSOR,WORKSHOP,CORRECTIVE,14040805,14040805,14040805,1
196042/2,Comp_E,COMPRESSOR,WORKSHOP,CORRECTIVE,14040730,14040814,14040814,3
196042/1,Comp_E,COMPRESSOR,ELECTRICAL,CORRECTIVE,14040728,14040729,14040729,4
196042,Comp_E,COMPRESSOR,MACHINERY,CORRECTIVE,14040727,14040727,14040814,182
196040/1,Comp_D,COMPRESSOR,CRAFT,CORRECTIVE,14040728,14040728,14040728,8
196040,Comp_D,COMPRESSOR,FIX MECHANICAL,CORRECTIVE,14040727,14040730,14040730,5
195941,Comp_E,BLOWER & FAN,ELECTRICAL,CORRECTIVE,14040726,14040730,14040730,3
195940,Comp_E,ELECTRICAL SWITCH,ELECTRICAL,CORRECTIVE,14040726,14040727,14040727,8
195867,Comp_D,COMPRESSOR,CRAFT,SERVICE MAINTENANCE,14040723,14040729,14040729,8
195866,Comp_D,COMPRESSOR,WORKSHOP,SERVICE MAINTENANCE,14040723,14040724,14040724,4
195497,Comp_B,COMPRESSOR,Condition Monitoring,PREVENTIVE MAINTENANCE,14040715,14040716,14040716,2
195496,Comp_C,COMPRESSOR,Condition Monitoring,PREVENTIVE MAINTENANCE,14040715,14040716,14040716,2
195415,Comp_B,RELAY,ELECTRICAL,PREVENTIVE MAINTENANCE,14040714,14041024,14041024,8
195412,Comp_B,RELAY,ELECTRICAL,PREVENTIVE MAINTENANCE,14040714,14041024,14041024,8
195411,Comp_B,RELAY,ELECTRICAL,PREVENTIVE MAINTENANCE,14040714,14041023,14041023,6
195232,Comp_E,COMPRESSOR,INSTRUMENT,CORRECTIVE,14040711,14040711,14040711,4
195227,Comp_A,ELECTRIC MOTOR,ELECTRICAL,CORRECTIVE,14040711,14040710,14040710,9
195209,Comp_B,RELAY,ELECTRICAL,PREVENTIVE MAINTENANCE,14040710,14041024,14041024,8
195208,Comp_B,RELAY,ELECTRICAL,PREVENTIVE MAINTENANCE,14040710,14041024,14041024,8
195204,Comp_B,RELAY,ELECTRICAL,PREVENTIVE MAINTENANCE,14040710,14041023,14041023,6
195203,Comp_B,RELAY,ELECTRICAL,PREVENTIVE MAINTENANCE,14040710,14041024,14041024,8
194920,Comp_D,COMPRESSOR,WORKSHOP,SERVICE MAINTENANCE,14040705,14040709,14040721,18
194886/1,Comp_E,ELECTRIC MOTOR,ELECTRICAL,CORRECTIVE,14040703,14040707,14040707,12
194886,Comp_E,ELECTRIC MOTOR,ELECTRICAL,CORRECTIVE,14040703,14040703,14040703,2
194877,Comp_D,ELECTRIC MOTOR,CRAFT,SERVICE,14040702,14040716,14040716,10
194663,Comp_E,COMPRESSOR,FIX MECHANICAL,CORRECTIVE,14040630,14040630,14040630,5
193591/4,Comp_D,COMPRESSOR,CRAFT,CORRECTIVE,14040626,14040629,14040629,8
193591/3,Comp_D,COMPRESSOR,ELECTRICAL,CORRECTIVE,14040622,14040623,14040625,14
193591/2,Comp_D,COMPRESSOR,INSTRUMENT,CORRECTIVE,14040622,14040618,14040622,12
193591/1,Comp_D,COMPRESSOR,ELECTRICAL,CORRECTIVE,14040622,14040624,14040624,4
193591,Comp_D,COMPRESSOR,ELECTRICAL,CORRECTIVE,14040618,14040622,14040626,16
193243/2,Comp_D,COMPRESSOR,CRAFT,CORRECTIVE,14040623,14040629,14040629,36
193243/1,Comp_D,COMPRESSOR,CRAFT,CORRECTIVE,14040618,14040618,14040618,8
193243,Comp_D,COMPRESSOR,MACHINERY,CORRECTIVE,14040615,14040618,14040630,71
193242,Comp_D,COMPRESSOR,INSTRUMENT,CORRECTIVE,14040615,14040710,14040710,21
193239/4,Comp_D,COMPRESSOR,CRAFT,CORRECTIVE,14040702,14040707,14040707,8
193239/3,Comp_D,COMPRESSOR,WORKSHOP,CORRECTIVE,14040626,14040629,14040629,30
193239/2,Comp_D,COMPRESSOR,WORKSHOP,CORRECTIVE,14040624,14040625,14040625,24
193239/1,Comp_D,COMPRESSOR,CRAFT,CORRECTIVE,14040624,14040629,14040629,36
193239,Comp_D,COMPRESSOR,FIX MECHANICAL,CORRECTIVE,14040615,14040629,14040629,35
193204,Comp_A,COMPRESSOR,FIX MECHANICAL,CORRECTIVE,14040613,14040615,14040615,10
192976,Comp_A,HEAT EXCHANGER,FIX MECHANICAL,CORRECTIVE,14040609,14040615,14040615,5
192875,Comp_A,COMPRESSOR,INSTRUMENT,SERVICE,14040608,14040608,14040608,2
192735,Comp_E,COMPRESSOR,INSTRUMENT,CORRECTIVE,14040602,14040602,14040602,2
192729,Comp_E,COMPRESSOR,Condition Monitoring,CORRECTIVE,14040602,14040602,14040602,2
192046,Comp_E,COMPRESSOR,Condition Monitoring,CORRECTIVE,14040512,14040512,14040512,3
191060,Comp_D,HEAT EXCHANGER,CRAFT,SERVICE,14040430,14040430,14040430,10
190766,Comp_D,COMPRESSOR,FIX MECHANICAL,CORRECTIVE,14040428,14040430,14040430,5
189921,Comp_A,COMPRESSOR,INSTRUMENT,CORRECTIVE,14040418,14040423,14040423,4
189381/1,Comp_D,COMPRESSOR,WORKSHOP,CORRECTIVE,14040428,14040429,14040429,16
189381,Comp_D,COMPRESSOR,FIX MECHANICAL,CORRECTIVE,14040416,14040430,14040430,5
189334,Comp_A,COMPRESSOR,FIX MECHANICAL,CORRECTIVE,14040414,14040414,14040414,5
189236,Comp_A,COMPRESSOR,MACHINERY,CORRECTIVE,14040410,14040415,14040415,6
189197/1,Comp_E,ELECTRIC MOTOR,ELECTRICAL,CORRECTIVE,14040412,14040412,14040412,12
189197,Comp_E,ELECTRIC MOTOR,ELECTRICAL,CORRECTIVE,14040410,14040412,14040412,4
189185,Comp_E,COMPRESSOR,Condition Monitoring,PREVENTIVE MAINTENANCE,14040409,14040404,14040404,2
189184,Comp_A,COMPRESSOR,Condition Monitoring,PREVENTIVE MAINTENANCE,14040409,14040404,14040404,2
189181/2,Comp_E,ELECTRIC MOTOR,CRAFT,CORRECTIVE,14040412,14040412,14040412,6
189181/1,Comp_E,ELECTRIC MOTOR,ELECTRICAL,CORRECTIVE,14040410,14040411,14040412,24
189181,Comp_E,ELECTRIC MOTOR,ELECTRICAL,CORRECTIVE,14040409,14040409,14040412,5
188952,Comp_C,COMPRESSOR,FIX MECHANICAL,CORRECTIVE,14040407,14040410,14040410,5
188910,Comp_A,SAFETY VALVE,FIX MECHANICAL,CORRECTIVE,14040407,14040407,14040407,5
188808,Comp_D,INDICATOR,INSTRUMENT,PREVENTIVE MAINTENANCE,14040404,14040405,14040405,2
188807,Comp_D,INDICATOR,INSTRUMENT,PREVENTIVE MAINTENANCE,14040404,14040523,14040523,1
188806,Comp_D,INSTRUMENT SWITCH,INSTRUMENT,PREVENTIVE MAINTENANCE,14040404,14040414,14040414,4
188805,Comp_D,INDICATOR,INSTRUMENT,PREVENTIVE MAINTENANCE,14040404,14040615,14040615,2
188804,Comp_D,INDICATOR,INSTRUMENT,PREVENTIVE MAINTENANCE,14040404,14040405,14040405,2
188801,Comp_D,INDICATOR,INSTRUMENT,PREVENTIVE MAINTENANCE,14040404,14040405,14040405,3
188242,Comp_E,COMPRESSOR,Condition Monitoring,CORRECTIVE,14040321,14040321,14040321,2
188222,Comp_D,COMPRESSOR,MACHINERY,CORRECTIVE,14040320,14040404,14040404,4
187898,Comp_D,COMPRESSOR,WORKSHOP,SERVICE,14040313,14040313,14040313,2
187708,Comp_A,COMPRESSOR,INSTRUMENT,CORRECTIVE,14040311,14040311,14040311,2
187707,Comp_A,COMPRESSOR,FIX MECHANICAL,CORRECTIVE,14040311,14040311,14040311,10
187364,Comp_A,COMPRESSOR,Condition Monitoring,SERVICE MAINTENANCE,14040303,14040220,14040220,4
187285,Comp_B,COMPRESSOR,Condition Monitoring,PREVENTIVE MAINTENANCE,14040301,14040301,14040301,2
187284,Comp_C,COMPRESSOR,Condition Monitoring,PREVENTIVE MAINTENANCE,14040301,14040301,14040301,2
186602,Comp_E,COMPRESSOR,INSTRUMENT,CORRECTIVE,14040217,14040230,14040230,1
186434,Comp_D,COMPRESSOR,Condition Monitoring,PREVENTIVE MAINTENANCE,14040214,14040301,14040301,2
186338,Comp_B,COMPRESSOR,INSTRUMENT,CORRECTIVE,14040212,14040213,14040213,0
186029,Comp_D,COMPRESSOR,MACHINERY,CORRECTIVE,14040204,14040204,14040204,42
186013,Comp_B,HEAT EXCHANGER,FIX MECHANICAL,CORRECTIVE,14040203,14040114,14040114,5
185984,Comp_D,COMPRESSOR,ELECTRICAL,CORRECTIVE,14040203,14040202,14040202,2
185730,Comp_D,COMPRESSOR,MACHINERY,CORRECTIVE,14040127,14040127,14040127,6
184941,Comp_C,COMPRESSOR,FIX MECHANICAL,CORRECTIVE,14040121,14040123,14040123,5
184487/1,Comp_C,COMPRESSOR,INSTRUMENT,CORRECTIVE,14040120,14040120,14040120,2
184487,Comp_C,COMPRESSOR,INSTRUMENT,CORRECTIVE,14040118,14040118,14040118,2
184446,Comp_D,COMPRESSOR,ELECTRICAL,CORRECTIVE,14040117,14040117,14040117,6
184123,Comp_D,COMPRESSOR,INSTRUMENT,CORRECTIVE,14031229,14031229,14031230,2
184073,Comp_D,COMPRESSOR,MACHINERY,CORRECTIVE,14031227,14031227,14031227,8
184047,Comp_E,COMPRESSOR,INSTRUMENT,CORRECTIVE,14031227,14031227,14031227,3
184010,Comp_E,COMPRESSOR,FIX MECHANICAL,CORRECTIVE,14031226,14031226,14031226,5
183903,Comp_D,ELECTRIC MOTOR,Condition Monitoring,CORRECTIVE,14031222,14031222,14031222,2
183832,Comp_E,COMPRESSOR,Condition Monitoring,SERVICE,14031220,14031220,14031220,1
183782/2,Comp_B,COMPRESSOR,WORKSHOP,CORRECTIVE,14031219,14031220,14031221,5
183782/1,Comp_B,COMPRESSOR,CRAFT,CORRECTIVE,14031218,14031218,14031218,8
183782,Comp_B,COMPRESSOR,MACHINERY,CORRECTIVE,14031218,14031218,14031218,18
183624,Comp_D,COMPRESSOR,MACHINERY,CORRECTIVE,14031212,14031208,14031208,17
183623,Comp_C,COMPRESSOR,MACHINERY,CORRECTIVE,14031212,14031209,14031209,25
183622,Comp_B,COMPRESSOR,MACHINERY,CORRECTIVE,14031212,14031207,14031207,16
183505/2,Comp_E,ELECTRIC MOTOR,ELECTRICAL,CORRECTIVE,14040105,14040105,14040105,9
183505/1,Comp_E,ELECTRIC MOTOR,ELECTRICAL,CORRECTIVE,14031208,14031207,14040104,36
183505,Comp_E,ELECTRIC MOTOR,ELECTRICAL,CORRECTIVE,14031208,14031208,14040106,24
183399,Comp_D,COMPRESSOR,MACHINERY,CORRECTIVE,14031206,14031205,14031205,8
183359,Comp_D,COMPRESSOR,MACHINERY,CONDITION MONOTORING,14031204,14031205,14031205,8
183156,Comp_C,ELECTRIC MOTOR,INSTRUMENT,CORRECTIVE,14031129,14031129,14031129,1
183094,Comp_C,HEAT EXCHANGER,FIX MECHANICAL,CORRECTIVE,14031128,14031127,14031127,5
183057,Comp_D,COMPRESSOR,INSTRUMENT,CORRECTIVE,14031127,14031127,14031127,1
183045,Comp_D,INSTRUMENT SWITCH,INSTRUMENT,CORRECTIVE,14031127,14031127,14031127,1
182985,Comp_D,PUMP,Condition Monitoring,CORRECTIVE,14031126,14031126,14031126,2
182974,Comp_D,COMPRESSOR,ELECTRICAL,CORRECTIVE,14031125,14031125,14031125,3
182969/5,Comp_D,ELECTRIC MOTOR,ELECTRICAL,CORRECTIVE,14031125,14031130,14031201,12
182969/4,Comp_D,ELECTRIC MOTOR,ELECTRICAL,CORRECTIVE,14031125,14031125,14031125,6
182969/3,Comp_D,ELECTRIC MOTOR,ELECTRICAL,CORRECTIVE,14031125,14031125,14031125,1
182969/2/1/2,Comp_D,ELECTRIC MOTOR,WORKSHOP,CORRECTIVE,14031213,14031215,14031225,20
182969/2/1/1,Comp_D,ELECTRIC MOTOR,ELECTRICAL,CORRECTIVE,14031213,14031225,14031226,24
182969/2/1,Comp_D,ELECTRIC MOTOR,WORKSHOP,CORRECTIVE,14031129,14031128,14031208,12
182969/2,Comp_D,ELECTRIC MOTOR,MACHINERY,CORRECTIVE,14031124,14031125,14031129,15
182969/1,Comp_D,ELECTRIC MOTOR,FIX MECHANICAL,CORRECTIVE,14031124,14031125,14031125,8
182969,Comp_D,ELECTRIC MOTOR,ELECTRICAL,CORRECTIVE,14031124,14031124,14031125,6
182930/1/9,Comp_E,PUMP,ELECTRICAL,CORRECTIVE,14040110,14040112,14040112,12
182930/1/8,Comp_E,PUMP,ELECTRICAL,CORRECTIVE,14040110,14040112,14040112,8
182930/1/7,Comp_E,PUMP,FIX MECHANICAL,CORRECTIVE,14040110,14040117,14040117,5
182930/1/6,Comp_E,PUMP,CRAFT,CORRECTIVE,14040110,14040111,14040111,6
182930/1/5,Comp_E,PUMP,ELECTRICAL,CORRECTIVE,14031201,14031204,14031204,12
182930/1/3,Comp_E,PUMP,FIX MECHANICAL,CORRECTIVE,14031123,14031127,14031127,5
182930/1/2,Comp_E,PUMP,ELECTRICAL,CORRECTIVE,14031123,14031125,14031125,3
182930/1/1/1,Comp_E,PUMP,WORKSHOP,CORRECTIVE,14031128,14031212,14031212,6
182930/1/1,Comp_E,PUMP,WORKSHOP,CORRECTIVE,14031123,14031129,14040102,13
182930/1,Comp_E,PUMP,MACHINERY,CORRECTIVE,14031123,14031125,14040111,2
182930,Comp_E,PUMP,Condition Monitoring,CORRECTIVE,14031123,14031122,14031122,2
182917,Comp_E,COMPRESSOR,Condition Monitoring,PREVENTIVE MAINTENANCE,14031123,14031123,14031123,3
182887/6,Comp_A,ELECTRIC MOTOR,CRAFT,PREVENTIVE MAINTENANCE,14031212,14031213,14031213,10
182887/5,Comp_A,ELECTRIC MOTOR,ELECTRICAL,PREVENTIVE MAINTENANCE,14031205,14031212,14031212,12
182887/4,Comp_A,ELECTRIC MOTOR,ELECTRICAL,PREVENTIVE MAINTENANCE,14031205,14031208,14031208,12
182887/2,Comp_A,ELECTRIC MOTOR,CRAFT,PREVENTIVE MAINTENANCE,14031130,14031204,14031204,8
182887/1,Comp_A,ELECTRIC MOTOR,CRAFT,PREVENTIVE MAINTENANCE,14031129,14031130,14031130,8
182887,Comp_A,ELECTRIC MOTOR,ELECTRICAL,PREVENTIVE MAINTENANCE,14031123,14031123,14031130,25
182886/4,Comp_A,COMPRESSOR,WORKSHOP,PREVENTIVE MAINTENANCE,14040313,14040317,14040321,20
182886/3,Comp_A,COMPRESSOR,WORKSHOP,PREVENTIVE MAINTENANCE,14040313,14040313,14040313,8
182886/2,Comp_A,COMPRESSOR,CRAFT,PREVENTIVE MAINTENANCE,14040131,14040201,14040201,8
182886/1,Comp_A,COMPRESSOR,CRAFT,PREVENTIVE MAINTENANCE,14031218,14031219,14031219,8
182886,Comp_A,COMPRESSOR,FIX MECHANICAL,PREVENTIVE MAINTENANCE,14031123,14040402,14040402,125
182885/3,Comp_A,COMPRESSOR,CRAFT,PREVENTIVE MAINTENANCE,14040312,14040312,14040312,2
182885/2,Comp_A,COMPRESSOR,WORKSHOP,PREVENTIVE MAINTENANCE,14040206,14040206,14040207,8
182885/1,Comp_A,COMPRESSOR,CRAFT,PREVENTIVE MAINTENANCE,14031128,14031129,14031129,8
182885,Comp_A,COMPRESSOR,MACHINERY,PREVENTIVE MAINTENANCE,14031123,14031129,14040402,98
182861/1,Comp_A,COMPRESSOR,CRAFT,CORRECTIVE,14031123,14031123,14031123,8
182861,Comp_A,COMPRESSOR,FIX MECHANICAL,CORRECTIVE,14031123,14031124,14031124,5
182858,Comp_B,COMPRESSOR,INSTRUMENT,CORRECTIVE,14031122,14031124,14031124,1
182855,Comp_E,COMPRESSOR,Condition Monitoring,CORRECTIVE,14031122,14031122,14031122,2
182823,Comp_A,COMPRESSOR,MACHINERY,CORRECTIVE,14031120,14031122,14031122,28
182284,Comp_A,ELECTRIC MOTOR,ELECTRICAL,CONDITION MONOTORING,14031105,14031106,14031106,4
182252,Comp_B,COMPRESSOR,Condition Monitoring,PREVENTIVE MAINTENANCE,14031104,14031104,14031104,3
182251,Comp_A,COMPRESSOR,Condition Monitoring,PREVENTIVE MAINTENANCE,14031104,14031104,14031104,3
182250,Comp_C,COMPRESSOR,Condition Monitoring,PREVENTIVE MAINTENANCE,14031104,14031104,14031104,4
182182,Comp_A,COMPRESSOR,INSTRUMENT,CORRECTIVE,14031102,14031102,14031102,6
182109,Comp_E,COMPRESSOR,CRAFT,SERVICE,14031101,14031103,14031103,8
182002,Comp_A,COMPRESSOR,MACHINERY,CORRECTIVE,14031027,14031027,14031027,6
181991/1,Comp_D,COMPRESSOR,INSTRUMENT,CORRECTIVE,14031027,14031201,14031204,2
181991,Comp_D,COMPRESSOR,INSTRUMENT,CORRECTIVE,14031027,14031027,14031027,4
181956,Comp_A,COMPRESSOR,INSTRUMENT,CORRECTIVE,14031026,14031026,14031026,0
181844/3,Comp_D,COMPRESSOR,WORKSHOP,CORRECTIVE,14031115,14031121,14031123,10
181844/1/1,Comp_D,COMPRESSOR,WORKSHOP,CORRECTIVE,14031024,14031106,14031106,12
181844/1,Comp_D,COMPRESSOR,WORKSHOP,CORRECTIVE,14031024,14031029,14031114,36
181844,Comp_D,COMPRESSOR,FIX MECHANICAL,CORRECTIVE,14031022,14031024,14031024,10
181820,Comp_C,COMPRESSOR,FIX MECHANICAL,CORRECTIVE,14031022,14031023,14031023,5
181819,Comp_A,COMPRESSOR,FIX MECHANICAL,CORRECTIVE,14031022,14031023,14031023,5
181487/1,Comp_A,COMPRESSOR,ELECTRICAL,CORRECTIVE,14031015,14031016,14031016,9
181487,Comp_A,COMPRESSOR,ELECTRICAL,CORRECTIVE,14031013,14031013,14031015,16
181355,Comp_A,HEAT EXCHANGER,FIX MECHANICAL,CORRECTIVE,14031011,14031010,14031010,10
181307/1,Comp_A,HEAT EXCHANGER,CRAFT,CORRECTIVE,14031010,14031011,14031011,8
181307,Comp_A,HEAT EXCHANGER,MACHINERY,CORRECTIVE,14031010,14031011,14031011,12
180978,Comp_A,SAFETY VALVE,WORKSHOP,OVERHAUL,14031004,14030927,14030928,5
180977,Comp_A,SAFETY VALVE,WORKSHOP,OVERHAUL,14031004,14030922,14030924,11
180976,Comp_B,SAFETY VALVE,WORKSHOP,OVERHAUL,14031004,14031004,14031008,5
180975,Comp_B,SAFETY VALVE,WORKSHOP,OVERHAUL,14031004,14031004,14031008,5
180926,Comp_C,COMPRESSOR,INSTRUMENT,CORRECTIVE,14031004,14031004,14031004,8
180505,Comp_C,COMPRESSOR,INSTRUMENT,CORRECTIVE,14030925,14030925,14030925,1
180504,Comp_B,COMPRESSOR,INSTRUMENT,CORRECTIVE,14030925,14030925,14030925,1
179524,Comp_D,COMPRESSOR,MACHINERY,SERVICE,14030903,14030904,14030905,16
179518,Comp_A,COMPRESSOR,INSTRUMENT,CORRECTIVE,14030903,14030903,14030903,2
179482,Comp_B,ELECTRIC MOTOR,ELECTRICAL,SERVICE,14030903,14030901,14030901,2
179470,Comp_A,VALVE,FIX MECHANICAL,CORRECTIVE,14030902,14030903,14030903,10
179459,Comp_E,ELECTRIC MOTOR,ELECTRICAL,PREVENTIVE MAINTENANCE,14030901,14030827,14030901,17
179457,Comp_E,ELECTRICAL SWITCH,ELECTRICAL,CORRECTIVE,14030901,14030901,14030901,6
179446,Comp_A,HEAT EXCHANGER,FIX MECHANICAL,CORRECTIVE,14030901,14030903,14030903,5
179444/2,Comp_A,COMPRESSOR,WORKSHOP,CORRECTIVE,14030904,14030905,14030905,1
179444/1,Comp_A,COMPRESSOR,CRAFT,CORRECTIVE,14030902,14030904,14030904,12
179444,Comp_A,COMPRESSOR,MACHINERY,CORRECTIVE,14030901,14030903,14030903,20
179441,Comp_A,INSTRUMENT SWITCH,INSTRUMENT,CORRECTIVE,14030901,14030901,14030901,0
179440,Comp_B,ELECTRIC MOTOR,ELECTRICAL,CORRECTIVE,14030901,14030901,14030901,6
179416,Comp_A,VALVE,FIX MECHANICAL,CORRECTIVE,14030830,14030903,14030903,5
179370,Comp_A,ELECTRIC MOTOR,ELECTRICAL,CORRECTIVE,14030830,14030830,14030830,2
179292/2,Comp_E,ELECTRIC MOTOR,ELECTRICAL,CORRECTIVE,14030828,14030907,14030907,12
179292/1,Comp_E,ELECTRIC MOTOR,ELECTRICAL,CORRECTIVE,14030828,14030829,14030829,6
179292,Comp_E,ELECTRIC MOTOR,ELECTRICAL,CORRECTIVE,14030828,14030828,14030911,18
179291,Comp_E,COMPRESSOR,INSTRUMENT,CORRECTIVE,14030828,14030828,14030828,1
179280,Comp_E,ELECTRIC MOTOR,Condition Monitoring,SERVICE,14030828,14030903,14030903,3
179231,Comp_E,COMPRESSOR,FIX MECHANICAL,CORRECTIVE,14030827,14030829,14030829,5
178922,Comp_D,HEAT EXCHANGER,MECHANICAL SHIFT,CORRECTIVE,14030820,14030820,14030820,3
178831/2,Comp_D,COMPRESSOR,WORKSHOP,CORRECTIVE,14030820,14030821,14030821,1
178831/1,Comp_D,COMPRESSOR,WORKSHOP,CORRECTIVE,14030820,14030820,14030821,18
178831,Comp_D,COMPRESSOR,FIX MECHANICAL,CORRECTIVE,14030819,14030821,14030821,5
178688,Comp_E,COMPRESSOR,FIX MECHANICAL,CORRECTIVE,14030816,14030816,14030816,5
178686,Comp_E,COMPRESSOR,FIX MECHANICAL,CORRECTIVE,14030816,14030822,14030822,5
178576/1,Comp_E,COMPRESSOR,FIX MECHANICAL,CORRECTIVE,14030814,14030814,14030814,5
178576,Comp_E,COMPRESSOR,INSTRUMENT,CORRECTIVE,14030814,14030814,14030814,1
178484,Comp_E,COMPRESSOR,INSTRUMENT,PREVENTIVE MAINTENANCE,14030812,14030812,14030818,20
178483,Comp_E,COMPRESSOR,FIX MECHANICAL,PREVENTIVE MAINTENANCE,14030812,14030906,14030906,5
177912,Comp_D,COMPRESSOR,MACHINERY,CORRECTIVE,14030805,14030805,14030805,24
176893/2,Comp_E,ELECTRIC MOTOR,ELECTRICAL,CORRECTIVE,14030802,14030819,14030819,4
176893/1,Comp_E,ELECTRIC MOTOR,ELECTRICAL,CORRECTIVE,14030718,14030817,14030912,108
176893,Comp_E,ELECTRIC MOTOR,ELECTRICAL,CORRECTIVE,14030717,14030717,14030911,18
176707,Comp_D,COMPRESSOR,INSTRUMENT,CORRECTIVE,14030715,14030715,14030716,12
176691,Comp_D,COMPRESSOR,MACHINERY,CORRECTIVE,14030715,14030715,14030715,3
176402,Comp_B,PUMP,WORKSHOP,SERVICE,14030710,14030710,14030710,1
176019,Comp_C,PUMP,FIX MECHANICAL,CORRECTIVE,14030704,14030703,14030703,10
175915,Comp_B,COMPRESSOR,Condition Monitoring,PREVENTIVE MAINTENANCE,14030702,14030703,14030703,2
175914,Comp_A,COMPRESSOR,Condition Monitoring,PREVENTIVE MAINTENANCE,14030702,14030703,14030703,2
175913,Comp_D,COMPRESSOR,Condition Monitoring,PREVENTIVE MAINTENANCE,14030702,14030703,14030703,2
175076,Comp_C,COMPRESSOR,Condition Monitoring,PREVENTIVE MAINTENANCE,14030625,14030625,14030625,2
174617,Comp_E,COMPRESSOR,INSTRUMENT,SERVICE,14030617,14030617,14030622,12
174606,Comp_C,COMPRESSOR,INSTRUMENT,PREVENTIVE MAINTENANCE,14030617,14030617,14030617,6
174605/8,Comp_C,COMPRESSOR,CRAFT,PREVENTIVE MAINTENANCE,14030805,14030805,14030805,8
174605/7,Comp_C,COMPRESSOR,ELECTRICAL,PREVENTIVE MAINTENANCE,14030712,14030723,14030724,13
174605/6,Comp_C,COMPRESSOR,WORKSHOP,PREVENTIVE MAINTENANCE,14030710,14030711,14030724,12
174605/5,Comp_C,COMPRESSOR,CRAFT,PREVENTIVE MAINTENANCE,14030707,14030709,14030709,8
174605/4,Comp_C,COMPRESSOR,WORKSHOP,PREVENTIVE MAINTENANCE,14030705,14030730,14030730,2
174605/3,Comp_C,COMPRESSOR,WORKSHOP,PREVENTIVE MAINTENANCE,14030703,14030704,14030704,1
174605/2,Comp_C,COMPRESSOR,WORKSHOP,PREVENTIVE MAINTENANCE,14030701,14030701,14030710,7
174605/1,Comp_C,COMPRESSOR,CRAFT,PREVENTIVE MAINTENANCE,14030626,14030627,14030627,15
174605,Comp_C,COMPRESSOR,MACHINERY,PREVENTIVE MAINTENANCE,14030617,14030627,14030812,46
174604/4,Comp_C,COMPRESSOR,WORKSHOP,PREVENTIVE MAINTENANCE,14030805,14030806,14030806,2
174604/3,Comp_C,COMPRESSOR,CRAFT,PREVENTIVE MAINTENANCE,14030711,14030711,14030711,8
174604/2,Comp_C,COMPRESSOR,WORKSHOP,PREVENTIVE MAINTENANCE,14030701,14030701,14030704,6
174604/1,Comp_C,COMPRESSOR,CRAFT,PREVENTIVE MAINTENANCE,14030701,14030707,14030708,18
174604,Comp_C,COMPRESSOR,FIX MECHANICAL,PREVENTIVE MAINTENANCE,14030617,14030701,14030701,66
174603/4,Comp_C,ELECTRIC MOTOR,CRAFT,PREVENTIVE MAINTENANCE,14030715,14030715,14030715,8
174603/3,Comp_C,ELECTRIC MOTOR,ELECTRICAL,PREVENTIVE MAINTENANCE,14030708,14030715,14030715,20
174603/2,Comp_C,ELECTRIC MOTOR,ELECTRICAL,PREVENTIVE MAINTENANCE,14030708,14030715,14030715,16
174603/1,Comp_C,ELECTRIC MOTOR,CRAFT,PREVENTIVE MAINTENANCE,14030703,14030704,14030704,8
174603,Comp_C,ELECTRIC MOTOR,ELECTRICAL,PREVENTIVE MAINTENANCE,14030617,14030617,14030705,21
173782,Comp_E,COMPRESSOR,Condition Monitoring,CORRECTIVE,14030607,14030607,14030607,4
173445,Comp_E,COMPRESSOR,FIX MECHANICAL,CORRECTIVE,14030529,14030628,14030628,10
172823,Comp_D,COMPRESSOR,FIX MECHANICAL,CORRECTIVE,14030517,14030426,14030426,5
172819,Comp_C,COMPRESSOR,FIX MECHANICAL,CORRECTIVE,14030517,14030514,14030514,10
172665,Comp_C,COMPRESSOR,MACHINERY,CORRECTIVE,14030514,14030514,14030514,9
171585,Comp_D,HEAT EXCHANGER,FIX MECHANICAL,CORRECTIVE,14030501,14030502,14030502,10
171327,Comp_D,COMPRESSOR,MACHINERY,CORRECTIVE,14030427,14030501,14030501,2
170565,Comp_C,ELECTRIC MOTOR,ELECTRICAL,CORRECTIVE,14030414,14030414,14030414,6
170514,Comp_B,ELECTRIC MOTOR,ELECTRICAL,CORRECTIVE,14030413,14030413,14030413,6
170513/2,Comp_E,COMPRESSOR,WORKSHOP,CORRECTIVE,14030413,14030417,14030417,2
170513/1,Comp_E,COMPRESSOR,WORKSHOP,CORRECTIVE,14030413,14030413,14030417,9
170513,Comp_E,COMPRESSOR,MACHINERY,CORRECTIVE,14030413,14030413,14030413,28
170363/1/1,Comp_E,PUMP,Condition Monitoring,CORRECTIVE,14030411,14030412,14030412,3
170363/1,Comp_E,PUMP,MACHINERY,CORRECTIVE,14030410,14030412,14030412,8
170363,Comp_E,ELECTRIC MOTOR,ELECTRICAL,CORRECTIVE,14030410,14030410,14030410,3
170319,Comp_C,COMPRESSOR,INSTRUMENT,CORRECTIVE,14030409,14030409,14030409,4
169526,Comp_B,ELECTRICAL SWITCH,INSTRUMENT,CORRECTIVE,14030401,14030401,14030401,3
168994,Comp_A,COMPRESSOR,INSTRUMENT,CORRECTIVE,14030324,14030323,14030323,2
168956,Comp_A,COMPRESSOR,FIX MECHANICAL,CORRECTIVE,14030324,14030324,14030324,5
168630,Comp_E,ELECTRIC MOTOR,ELECTRICAL,CORRECTIVE,14030317,14030314,14030314,3
168613/1,Comp_E,ELECTRIC MOTOR,ELECTRICAL,CORRECTIVE,14030316,14030401,14030402,24
168613,Comp_E,ELECTRIC MOTOR,ELECTRICAL,CORRECTIVE,14030316,14030316,14030403,20
168553,Comp_E,COMPRESSOR,INSTRUMENT,CORRECTIVE,14030314,14030314,14030314,2
168483,Comp_E,COMPRESSOR,INSTRUMENT,CORRECTIVE,14030312,14030312,14030312,0
168430/5/1,Comp_D,COMPRESSOR,MACHINERY,CORRECTIVE,14030321,14030321,14030321,6
168430/5,Comp_D,COMPRESSOR,Condition Monitoring,CORRECTIVE,14030320,14030320,14030320,2
168430/4,Comp_D,COMPRESSOR,FIX MECHANICAL,CORRECTIVE,14030316,14030319,14030319,10
168430/3,Comp_D,COMPRESSOR,CRAFT,CORRECTIVE,14030316,14030319,14030319,10
168430/1,Comp_D,COMPRESSOR,INSTRUMENT,CORRECTIVE,14030313,14030313,14030313,3
168430,Comp_D,COMPRESSOR,MACHINERY,CORRECTIVE,14030312,14030316,14030320,34
168210/1,Comp_E,ELECTRIC MOTOR,ELECTRICAL,CORRECTIVE,14030307,14030307,14030308,24
168210,Comp_E,ELECTRIC MOTOR,ELECTRICAL,CORRECTIVE,14030307,14030307,14030308,14
168185,Comp_D,COMPRESSOR,INSTRUMENT,CORRECTIVE,14030306,14030306,14030306,2
168056,Comp_A,COMPRESSOR,Condition Monitoring,PREVENTIVE MAINTENANCE,14030304,14030303,14030303,2
168055,Comp_B,COMPRESSOR,Condition Monitoring,PREVENTIVE MAINTENANCE,14030304,14030303,14030303,2
168054,Comp_C,COMPRESSOR,Condition Monitoring,PREVENTIVE MAINTENANCE,14030304,14030303,14030303,2
168053,Comp_E,COMPRESSOR,Condition Monitoring,PREVENTIVE MAINTENANCE,14030304,14030303,14030303,2
168051,Comp_D,COMPRESSOR,Condition Monitoring,PREVENTIVE MAINTENANCE,14030304,14030303,14030303,2
167881,Comp_D,COMPRESSOR,FIX MECHANICAL,CORRECTIVE,14030230,14030230,14030230,10
166503/1,Comp_D,ELECTRIC MOTOR,ELECTRICAL,CORRECTIVE,14030216,14030216,14030216,6
166503,Comp_D,ELECTRIC MOTOR,ELECTRICAL,CORRECTIVE,14030215,14030215,14030215,1
166406,Comp_C,SAFETY VALVE,FIX MECHANICAL,PREVENTIVE MAINTENANCE,14030210,14030805,14030805,5
166405,Comp_C,SAFETY VALVE,FIX MECHANICAL,PREVENTIVE MAINTENANCE,14030210,14030805,14030805,5
166404,Comp_C,SAFETY VALVE,FIX MECHANICAL,PREVENTIVE MAINTENANCE,14030210,14030805,14030805,5
166403,Comp_C,SAFETY VALVE,FIX MECHANICAL,PREVENTIVE MAINTENANCE,14030210,14030805,14030805,5
166381,Comp_A,COMPRESSOR,FIX MECHANICAL,CORRECTIVE,14030210,14030209,14030209,15
166004,Comp_C,HEAT EXCHANGER,FIX MECHANICAL,CORRECTIVE,14030202,14030202,14030202,5
165897,Comp_D,COMPRESSOR,ELECTRICAL,CORRECTIVE,14030128,14030128,14030128,2
165819,Comp_C,RELAY,ELECTRICAL,PREVENTIVE MAINTENANCE,14030128,14030628,14030629,6
165818,Comp_C,RELAY,ELECTRICAL,PREVENTIVE MAINTENANCE,14030128,14030625,14030625,6
165817,Comp_C,RELAY,ELECTRICAL,PREVENTIVE MAINTENANCE,14030128,14030620,14030620,4
165816,Comp_C,RELAY,ELECTRICAL,PREVENTIVE MAINTENANCE,14030128,14030628,14030629,6
165815,Comp_C,RELAY,ELECTRICAL,PREVENTIVE MAINTENANCE,14030128,14030621,14030621,6
165814,Comp_C,RELAY,ELECTRICAL,PREVENTIVE MAINTENANCE,14030128,14030620,14030620,6
165813,Comp_C,RELAY,ELECTRICAL,PREVENTIVE MAINTENANCE,14030128,14030628,14030629,6
165503/4,Comp_A,COMPRESSOR,CRAFT,CORRECTIVE,14030128,14030128,14030128,8
165503/3,Comp_A,COMPRESSOR,INSTRUMENT,CORRECTIVE,14030121,14030121,14030121,3
165503/2,Comp_A,COMPRESSOR,CRAFT,CORRECTIVE,14030120,14030121,14030121,8
165503/1,Comp_A,COMPRESSOR,WORKSHOP,CORRECTIVE,14030120,14030120,14030127,9
165503,Comp_A,COMPRESSOR,MACHINERY,CORRECTIVE,14030119,14030121,14030129,41
165488,Comp_D,COMPRESSOR,ELECTRICAL,CORRECTIVE,14030119,14030119,14030119,2
165293/2,Comp_D,COMPRESSOR,INSTRUMENT,CORRECTIVE,14030113,14030114,14030115,19
165293,Comp_D,COMPRESSOR,INSTRUMENT,CORRECTIVE,14030113,14030113,14030113,3
164903,Comp_D,ELECTRIC MOTOR,ELECTRICAL,CORRECTIVE,14021224,14021224,14021224,3
164703,Comp_E,ELECTRIC MOTOR,ELECTRICAL,CORRECTIVE,14021217,14021220,14021220,2
164688,Comp_A,COMPRESSOR,INSTRUMENT,CORRECTIVE,14021216,14021216,14021216,2
164661,Comp_A,COMPRESSOR,FIX MECHANICAL,CORRECTIVE,14021216,14021216,14021216,5
164178/1,Comp_E,BLOWER & FAN,ELECTRICAL,CORRECTIVE,14021201,14021205,14021205,12
164178,Comp_E,BLOWER & FAN,ELECTRICAL,CORRECTIVE,14021201,14021201,14021205,10
164099,Comp_E,COMPRESSOR,MACHINERY,CONDITION MONOTORING,14021129,14021130,14021130,6
164098,Comp_A,COMPRESSOR,MACHINERY,CONDITION MONOTORING,14021129,14021130,14021130,6
163510/1,Comp_A,PUMP,ELECTRICAL,CORRECTIVE,14021110,14021110,14021110,2
163510,Comp_A,ELECTRIC MOTOR,ELECTRICAL,CORRECTIVE,14021110,14021110,14021110,12
163486/1,Comp_D,SAFETY VALVE,WORKSHOP,PREVENTIVE MAINTENANCE,14021110,14021102,14021104,6
163486,Comp_D,SAFETY VALVE,FIX MECHANICAL,PREVENTIVE MAINTENANCE,14021110,14021202,14021202,10
163485/1,Comp_D,SAFETY VALVE,WORKSHOP,PREVENTIVE MAINTENANCE,14021110,14021110,14021111,12
163485,Comp_D,SAFETY VALVE,FIX MECHANICAL,PREVENTIVE MAINTENANCE,14021110,14021202,14021202,10
163484/1,Comp_D,SAFETY VALVE,WORKSHOP,PREVENTIVE MAINTENANCE,14021110,14021102,14021104,6
163484,Comp_D,SAFETY VALVE,FIX MECHANICAL,PREVENTIVE MAINTENANCE,14021110,14021202,14021202,10
163483/1,Comp_D,SAFETY VALVE,WORKSHOP,PREVENTIVE MAINTENANCE,14021110,14021105,14021108,12
163483,Comp_D,SAFETY VALVE,FIX MECHANICAL,PREVENTIVE MAINTENANCE,14021110,14021202,14021202,10
163439,Comp_A,PUMP,WORKSHOP,SERVICE,14021109,14021109,14021109,2
163386,Comp_B,SAFETY VALVE,WORKSHOP,SERVICE,14021108,14021109,14021109,1
163283,Comp_A,COMPRESSOR,FIX MECHANICAL,CORRECTIVE,14021107,14021108,14021108,5
163232,Comp_E,COMPRESSOR,Condition Monitoring,PREVENTIVE MAINTENANCE,14021104,14021104,14021104,2
163231,Comp_A,COMPRESSOR,Condition Monitoring,PREVENTIVE MAINTENANCE,14021104,14021104,14021104,2
163230,Comp_C,COMPRESSOR,Condition Monitoring,PREVENTIVE MAINTENANCE,14021104,14021104,14021104,2
163229,Comp_B,COMPRESSOR,Condition Monitoring,PREVENTIVE MAINTENANCE,14021104,14021104,14021104,2
163223,Comp_E,COMPRESSOR,INSTRUMENT,CORRECTIVE,14021104,14021104,14021104,14
163181,Comp_A,COMPRESSOR,FIX MECHANICAL,CORRECTIVE,14021102,14021116,14021116,10
163154,Comp_C,HEAT EXCHANGER,FIX MECHANICAL,CORRECTIVE,14021101,14021102,14021102,5
163104/1,Comp_A,COMPRESSOR,MACHINERY,CORRECTIVE,14021030,14021030,14021030,15
163104,Comp_A,COMPRESSOR,INSTRUMENT,CORRECTIVE,14021030,14021030,14021030,4
162960,Comp_D,RELAY,ELECTRICAL,PREVENTIVE MAINTENANCE,14021026,14021114,14021114,4
162959,Comp_D,RELAY,ELECTRICAL,PREVENTIVE MAINTENANCE,14021026,14021110,14021110,6
162958,Comp_D,RELAY,ELECTRICAL,PREVENTIVE MAINTENANCE,14021026,14021110,14021110,6
162957,Comp_D,RELAY,ELECTRICAL,PREVENTIVE MAINTENANCE,14021026,14021111,14021111,6
162956,Comp_D,RELAY,ELECTRICAL,PREVENTIVE MAINTENANCE,14021026,14021111,14021111,6
162955,Comp_D,RELAY,ELECTRICAL,PREVENTIVE MAINTENANCE,14021026,14021109,14021109,4
162954,Comp_D,RELAY,ELECTRICAL,PREVENTIVE MAINTENANCE,14021026,14021109,14021109,4
162937/9,Comp_D,COMPRESSOR,WORKSHOP,PREVENTIVE MAINTENANCE,14021226,14030120,14030120,8
162937/8/1,Comp_D,COMPRESSOR,MACHINERY,PREVENTIVE MAINTENANCE,14030105,14030211,14030211,6
162937/8,Comp_D,COMPRESSOR,Condition Monitoring,PREVENTIVE MAINTENANCE,14021223,14021224,14021224,3
162937/6,Comp_D,COMPRESSOR,WORKSHOP,PREVENTIVE MAINTENANCE,14021124,14021125,14021125,1
162937/5,Comp_D,COMPRESSOR,WORKSHOP,PREVENTIVE MAINTENANCE,14021123,14021124,14021124,2
162937/4,Comp_D,COMPRESSOR,CRAFT,PREVENTIVE MAINTENANCE,14021115,14021116,14021116,15
162937/3,Comp_D,COMPRESSOR,Condition Monitoring,PREVENTIVE MAINTENANCE,14021028,14021025,14021025,2
162937/2,Comp_D,COMPRESSOR,WORKSHOP,PREVENTIVE MAINTENANCE,14021028,14030211,14030211,2
162937/1,Comp_D,COMPRESSOR,CRAFT,PREVENTIVE MAINTENANCE,14021026,14021030,14021030,10
162937,Comp_D,COMPRESSOR,MACHINERY,PREVENTIVE MAINTENANCE,14021026,14021026,14021026,76
162936/7,Comp_D,ELECTRIC MOTOR,CRAFT,PREVENTIVE MAINTENANCE,14021107,14021108,14021108,5
162936/6,Comp_D,ELECTRIC MOTOR,CRAFT,PREVENTIVE MAINTENANCE,14021104,14021107,14021107,8
162936/5,Comp_D,ELECTRIC MOTOR,ELECTRICAL,PREVENTIVE MAINTENANCE,14021028,14021104,14021104,12
162936/4,Comp_D,ELECTRIC MOTOR,ELECTRICAL,PREVENTIVE MAINTENANCE,14021028,14021104,14021104,12
162936/3,Comp_D,ELECTRIC MOTOR,ELECTRICAL,PREVENTIVE MAINTENANCE,14021028,14021104,14021104,12
162936/2/1,Comp_D,ELECTRIC MOTOR,WORKSHOP,PREVENTIVE MAINTENANCE,14021103,14021104,14021104,8
162936/2,Comp_D,ELECTRIC MOTOR,ELECTRICAL,PREVENTIVE MAINTENANCE,14021028,14021104,14021104,12
162936/1,Comp_D,ELECTRIC MOTOR,CRAFT,PREVENTIVE MAINTENANCE,14021028,14021028,14021028,8
162936,Comp_D,ELECTRIC MOTOR,ELECTRICAL,PREVENTIVE MAINTENANCE,14021026,14021026,14021114,64
162935/9,Comp_D,COMPRESSOR,CRAFT,PREVENTIVE MAINTENANCE,14021128,14021129,14021129,8
162935/8,Comp_D,COMPRESSOR,WORKSHOP,PREVENTIVE MAINTENANCE,14021126,14021201,14021202,9
162935/7,Comp_D,COMPRESSOR,CRAFT,PREVENTIVE MAINTENANCE,14021121,14021121,14021121,8
162935/6,Comp_D,COMPRESSOR,WORKSHOP,PREVENTIVE MAINTENANCE,14021109,14021112,14021112,2
162935/5,Comp_D,COMPRESSOR,CRAFT,PREVENTIVE MAINTENANCE,14021109,14021109,14021109,5
162935/4,Comp_D,COMPRESSOR,WORKSHOP,PREVENTIVE MAINTENANCE,14021109,14021109,14021111,12
162935/3,Comp_D,COMPRESSOR,WORKSHOP,PREVENTIVE MAINTENANCE,14021109,14021109,14021110,11
162935/2,Comp_D,COMPRESSOR,CRAFT,PREVENTIVE MAINTENANCE,14021103,14021105,14021108,35
162935/11,Comp_D,COMPRESSOR,WORKSHOP,PREVENTIVE MAINTENANCE,14021213,14021213,14021214,6
162935/10,Comp_D,COMPRESSOR,CRAFT,PREVENTIVE MAINTENANCE,14021128,14021128,14021128,8
162935/1,Comp_D,COMPRESSOR,CRAFT,PREVENTIVE MAINTENANCE,14021103,14021103,14021103,8
162935,Comp_D,COMPRESSOR,FIX MECHANICAL,PREVENTIVE MAINTENANCE,14021026,14021224,14021224,120
162934,Comp_D,COMPRESSOR,INSTRUMENT,PREVENTIVE MAINTENANCE,14021026,14021026,14021026,4
162921,Comp_D,COMPRESSOR,Condition Monitoring,PREVENTIVE MAINTENANCE,14021025,14021025,14021025,2
162890,Comp_D,COMPRESSOR,Condition Monitoring,CORRECTIVE,14021024,14021025,14021025,2
162799/4,Comp_A,PUMP,CRAFT,CORRECTIVE,14021023,14021024,14021024,8
162799/3,Comp_A,PUMP,WORKSHOP,CORRECTIVE,14021023,14021024,14021117,19
162799/2/1,Comp_A,PUMP,CRAFT,CORRECTIVE,14021024,14021024,14021024,4
162799/2,Comp_A,PUMP,ELECTRICAL,CORRECTIVE,14021023,14021023,14021023,2
162799/1,Comp_A,PUMP,FIX MECHANICAL,CORRECTIVE,14021023,14021023,14021023,5
162799,Comp_A,PUMP,MACHINERY,CORRECTIVE,14021023,14021109,14021109,8
162738/5,Comp_A,PUMP,ELECTRICAL,CORRECTIVE,14021024,14021026,14021108,128
162738/4,Comp_A,PUMP,ELECTRICAL,CORRECTIVE,14021024,14021102,14021107,28
162738/3/2/1,Comp_A,PUMP,WORKSHOP,CORRECTIVE,14021023,14021024,14021024,1
162738/3/2,Comp_A,PUMP,WORKSHOP,CORRECTIVE,14021021,14021023,14021109,26
162738/3/1,Comp_A,PUMP,Condition Monitoring,CORRECTIVE,14021021,14021019,14021019,1
162738/3,Comp_A,PUMP,MACHINERY,CORRECTIVE,14021021,14021021,14021021,3
162738/2/1,Comp_A,PUMP,WORKSHOP,CORRECTIVE,14021021,14021021,14021024,6
162738/2,Comp_A,PUMP,FIX MECHANICAL,CORRECTIVE,14021021,14021021,14021021,5
162738/1,Comp_A,PUMP,MACHINERY,CORRECTIVE,14021020,14021020,14021020,1
162738,Comp_A,ELECTRIC MOTOR,ELECTRICAL,CORRECTIVE,14021020,14021024,14021024,16
162723/1,Comp_A,ELECTRICAL SWITCH,CRAFT,CORRECTIVE,14021020,14021021,14021021,6
162723,Comp_A,ELECTRICAL SWITCH,ELECTRICAL,CORRECTIVE,14021019,14021019,14021019,8
162528,Comp_B,BLOWER & FAN,ELECTRICAL,CORRECTIVE,14021015,14021015,14021015,6
162346,Comp_E,COMPRESSOR,INSTRUMENT,CORRECTIVE,14021010,14021010,14021010,7
162152/2,Comp_D,COMPRESSOR,WORKSHOP,CORRECTIVE,14021028,14021028,14021028,16
162152/1,Comp_D,COMPRESSOR,WORKSHOP,CORRECTIVE,14021017,14021024,14021024,9
162152,Comp_D,COMPRESSOR,FIX MECHANICAL,CORRECTIVE,14021005,14021117,14021117,5
162099,Comp_B,COMPRESSOR,CRAFT,SERVICE,14021005,14021005,14021005,28
161997,Comp_A,COMPRESSOR,INSTRUMENT,SERVICE,14021002,14021003,14021003,1
161906,Comp_A,COMPRESSOR,ELECTRICAL,CORRECTIVE,14020930,14020929,14020929,4
161320,Comp_A,RELAY,ELECTRICAL,PREVENTIVE MAINTENANCE,14020915,14020817,14020817,6
161319,Comp_A,RELAY,ELECTRICAL,PREVENTIVE MAINTENANCE,14020915,14020823,14020823,4
161318,Comp_A,RELAY,ELECTRICAL,PREVENTIVE MAINTENANCE,14020915,14020817,14020817,6
161317,Comp_A,RELAY,ELECTRICAL,PREVENTIVE MAINTENANCE,14020915,14020823,14020823,4
161316,Comp_A,RELAY,ELECTRICAL,PREVENTIVE MAINTENANCE,14020915,14020824,14020824,4
161315,Comp_A,RELAY,ELECTRICAL,PREVENTIVE MAINTENANCE,14020915,14020824,14020824,4
161156,Comp_D,ELECTRIC MOTOR,ELECTRICAL,SHIFT SHAB,14020911,14020911,14020911,3
161155,Comp_D,COMPRESSOR,ELECTRICAL,SHIFT SHAB,14020911,14020911,14020911,3
160531/1/1,Comp_A,SAFETY VALVE,WORKSHOP,PREVENTIVE MAINTENANCE,14020829,14020829,14020829,1
160531/1,Comp_A,SAFETY VALVE,WORKSHOP,PREVENTIVE MAINTENANCE,14020827,14020827,14020901,14
160531,Comp_A,SAFETY VALVE,FIX MECHANICAL,PREVENTIVE MAINTENANCE,14020827,14020830,14020830,10
160530/1,Comp_A,SAFETY VALVE,WORKSHOP,PREVENTIVE MAINTENANCE,14020827,14020827,14020827,3
160530,Comp_A,SAFETY VALVE,FIX MECHANICAL,PREVENTIVE MAINTENANCE,14020827,14020830,14020830,10
160529/1,Comp_A,SAFETY VALVE,WORKSHOP,PREVENTIVE MAINTENANCE,14020827,14020827,14020827,5
160529,Comp_A,SAFETY VALVE,FIX MECHANICAL,PREVENTIVE MAINTENANCE,14020827,14020830,14020830,10
160528/1,Comp_A,SAFETY VALVE,WORKSHOP,PREVENTIVE MAINTENANCE,14020827,14020827,14020827,5
160528,Comp_A,SAFETY VALVE,FIX MECHANICAL,PREVENTIVE MAINTENANCE,14020827,14020830,14020830,10
160345,Comp_C,HEAT EXCHANGER,FIX MECHANICAL,CORRECTIVE,14020822,14020822,14020822,5
160308,Comp_D,INDICATOR,INSTRUMENT,CORRECTIVE,14020821,14020821,14020821,1
160266,Comp_B,COMPRESSOR,CRAFT,SERVICE,14020820,14020821,14020821,16
160201,Comp_D,BLOWER & FAN,ELECTRICAL,CORRECTIVE,14020819,14020819,14020819,1
160087/2,Comp_A,COMPRESSOR,WORKSHOP,CORRECTIVE,14020817,14020817,14020817,4
160087/1,Comp_A,VALVE,WORKSHOP,CORRECTIVE,14020816,14020816,14020820,16
160087,Comp_A,VALVE,FIX MECHANICAL,CORRECTIVE,14020816,14020817,14020817,5
159999,Comp_B,COMPRESSOR,MACHINERY,CORRECTIVE,14020814,14020814,14020814,10
159990,Comp_A,COMPRESSOR,FIX MECHANICAL,CORRECTIVE,14020814,14020822,14020822,5
159976/9,Comp_A,COMPRESSOR,WORKSHOP,PREVENTIVE MAINTENANCE,14021006,14021011,14021011,12
159976/8,Comp_A,COMPRESSOR,WORKSHOP,PREVENTIVE MAINTENANCE,14020922,14020923,14020923,3
159976/5,Comp_A,COMPRESSOR,CRAFT,PREVENTIVE MAINTENANCE,14020830,14020901,14020901,8
159976/4,Comp_A,COMPRESSOR,CRAFT,PREVENTIVE MAINTENANCE,14020830,14020830,14020830,4
159976/3,Comp_A,COMPRESSOR,WORKSHOP,PREVENTIVE MAINTENANCE,14020827,14020827,14020827,4
159976/10,Comp_A,COMPRESSOR,CRAFT,PREVENTIVE MAINTENANCE,14021009,14020928,14020928,9
159976/1,Comp_A,COMPRESSOR,CRAFT,PREVENTIVE MAINTENANCE,14020816,14020816,14020816,3
159976,Comp_A,COMPRESSOR,FIX MECHANICAL,PREVENTIVE MAINTENANCE,14020813,14020817,14021016,145
159975,Comp_A,ELECTRIC MOTOR,ELECTRICAL,PREVENTIVE MAINTENANCE,14020813,14020815,14020818,30
159974,Comp_A,COMPRESSOR,INSTRUMENT,PREVENTIVE MAINTENANCE,14020813,14020929,14020929,10
159973/9,Comp_A,COMPRESSOR,WORKSHOP,PREVENTIVE MAINTENANCE,14020915,14030115,14030118,10
159973/7,Comp_A,COMPRESSOR,CRAFT,PREVENTIVE MAINTENANCE,14020911,14020911,14020911,3
159973/6,Comp_A,COMPRESSOR,WORKSHOP,PREVENTIVE MAINTENANCE,14020825,14020827,14020829,14
159973/4,Comp_A,COMPRESSOR,WORKSHOP,PREVENTIVE MAINTENANCE,14020820,14020922,14020922,1
159973/3,Comp_A,COMPRESSOR,Condition Monitoring,PREVENTIVE MAINTENANCE,14020820,14020821,14020821,1
159973/2,Comp_A,COMPRESSOR,WORKSHOP,PREVENTIVE MAINTENANCE,14020818,14020818,14020820,8
159973/11,Comp_A,COMPRESSOR,WORKSHOP,PREVENTIVE MAINTENANCE,14020923,14020926,14020926,2
159973/10,Comp_A,COMPRESSOR,CRAFT,PREVENTIVE MAINTENANCE,14020920,14020921,14020921,23
159973/1,Comp_A,COMPRESSOR,CRAFT,PREVENTIVE MAINTENANCE,14020815,14020815,14020825,120
159973,Comp_A,COMPRESSOR,MACHINERY,PREVENTIVE MAINTENANCE,14020813,14020816,14020925,45
159972,Comp_A,RELAY,ELECTRICAL,PREVENTIVE MAINTENANCE,14020813,14020817,14020827,15
159803,Comp_B,COMPRESSOR,Condition Monitoring,CORRECTIVE,14020809,14020814,14020814,2
159793,Comp_B,RELAY,ELECTRICAL,CORRECTIVE,14020809,14020809,14020809,4
159610,Comp_B,COMPRESSOR,INSTRUMENT,CORRECTIVE,14020805,14020805,14020805,3
159587/5,Comp_B,COMPRESSOR,WORKSHOP,CORRECTIVE,14030107,14030108,14030108,3
159587/4,Comp_B,COMPRESSOR,WORKSHOP,CORRECTIVE,14030107,14030107,14030109,6
159587/3,Comp_B,COMPRESSOR,CRAFT,CORRECTIVE,14030107,14030107,14030107,4
159587/2,Comp_B,COMPRESSOR,CRAFT,CORRECTIVE,14021216,14021216,14021216,4
159587/1,Comp_B,COMPRESSOR,WORKSHOP,CORRECTIVE,14020808,14020809,14020809,4
159587,Comp_B,COMPRESSOR,FIX MECHANICAL,CORRECTIVE,14020804,14020808,14030101,25
159462,Comp_C,COMPRESSOR,MACHINERY,CORRECTIVE,14020801,14020730,14020730,8
159461,Comp_A,COMPRESSOR,MACHINERY,CORRECTIVE,14020801,14020730,14020730,8
159159,Comp_E,COMPRESSOR,INSTRUMENT,CORRECTIVE,14020724,14020724,14020724,2
159108,Comp_E,COMPRESSOR,Condition Monitoring,CORRECTIVE,14020724,14020724,14020724,2
158320/2,Comp_E,ELECTRIC MOTOR,ELECTRICAL,CORRECTIVE,14020918,14020919,14020919,12
158320/1,Comp_E,ELECTRIC MOTOR,WORKSHOP,CORRECTIVE,14020830,14020902,14020902,1
158320,Comp_E,ELECTRIC MOTOR,ELECTRICAL,CORRECTIVE,14020706,14020705,14030403,34
158255/1,Comp_B,SAFETY VALVE,WORKSHOP,PREVENTIVE MAINTENANCE,14020710,14020710,14020713,9
158255,Comp_B,SAFETY VALVE,FIX MECHANICAL,PREVENTIVE MAINTENANCE,14020704,14020802,14020802,10
158254/1/1,Comp_B,SAFETY VALVE,WORKSHOP,PREVENTIVE MAINTENANCE,14020720,14020718,14020718,2
158254/1,Comp_B,SAFETY VALVE,WORKSHOP,PREVENTIVE MAINTENANCE,14020710,14020710,14020723,12
158254,Comp_B,SAFETY VALVE,FIX MECHANICAL,PREVENTIVE MAINTENANCE,14020704,14020802,14020802,5
158253/1,Comp_B,SAFETY VALVE,WORKSHOP,PREVENTIVE MAINTENANCE,14020710,14020710,14020713,6
158253,Comp_B,SAFETY VALVE,FIX MECHANICAL,PREVENTIVE MAINTENANCE,14020704,14020802,14020802,10
158252/1,Comp_B,SAFETY VALVE,WORKSHOP,PREVENTIVE MAINTENANCE,14020710,14020710,14020713,7
158252,Comp_B,SAFETY VALVE,FIX MECHANICAL,PREVENTIVE MAINTENANCE,14020704,14020804,14020804,10
158251,Comp_B,RELAY,ELECTRICAL,PREVENTIVE MAINTENANCE,14020704,14020709,14020709,6
158250,Comp_B,RELAY,ELECTRICAL,PREVENTIVE MAINTENANCE,14020704,14020710,14020710,6
158249,Comp_B,RELAY,ELECTRICAL,PREVENTIVE MAINTENANCE,14020704,14020710,14020710,6
158248,Comp_B,RELAY,ELECTRICAL,PREVENTIVE MAINTENANCE,14020704,14020708,14020708,6
158247,Comp_B,RELAY,ELECTRICAL,PREVENTIVE MAINTENANCE,14020704,14020708,14020708,6
158246,Comp_B,RELAY,ELECTRICAL,PREVENTIVE MAINTENANCE,14020704,14020707,14020707,6
158245,Comp_B,RELAY,ELECTRICAL,PREVENTIVE MAINTENANCE,14020704,14020707,14020707,6
158237/4,Comp_B,ELECTRIC MOTOR,CRAFT,PREVENTIVE MAINTENANCE,14020724,14020726,14020726,8
158237/3,Comp_B,ELECTRIC MOTOR,ELECTRICAL,PREVENTIVE MAINTENANCE,14020706,14020709,14020709,12
158237/2,Comp_B,ELECTRIC MOTOR,ELECTRICAL,PREVENTIVE MAINTENANCE,14020706,14020709,14020709,12
158237/1,Comp_B,ELECTRIC MOTOR,CRAFT,PREVENTIVE MAINTENANCE,14020706,14020706,14020706,3
158237,Comp_B,ELECTRIC MOTOR,ELECTRICAL,PREVENTIVE MAINTENANCE,14020704,14020705,14020804,60
158228,Comp_B,COMPRESSOR,INSTRUMENT,PREVENTIVE MAINTENANCE,14020704,14020823,14020823,2
158227/4,Comp_B,COMPRESSOR,CRAFT,PREVENTIVE MAINTENANCE,14020726,14020726,14020726,8
158227/3,Comp_B,COMPRESSOR,CRAFT,PREVENTIVE MAINTENANCE,14020723,14020724,14020724,2
158227/2,Comp_B,COMPRESSOR,CRAFT,PREVENTIVE MAINTENANCE,14020723,14020723,14020723,4
158227/1,Comp_B,COMPRESSOR,CRAFT,PREVENTIVE MAINTENANCE,14020709,14020712,14020712,14
158227,Comp_B,COMPRESSOR,FIX MECHANICAL,PREVENTIVE MAINTENANCE,14020704,14020803,14020804,255
158223,Comp_D,COMPRESSOR,Condition Monitoring,PREVENTIVE MAINTENANCE,14020704,14020704,14020704,2
158222,Comp_C,COMPRESSOR,Condition Monitoring,PREVENTIVE MAINTENANCE,14020704,14020704,14020704,2
158221,Comp_A,COMPRESSOR,Condition Monitoring,PREVENTIVE MAINTENANCE,14020704,14020704,14020704,2
158220,Comp_E,COMPRESSOR,Condition Monitoring,PREVENTIVE MAINTENANCE,14020704,14020704,14020704,2
158219,Comp_B,COMPRESSOR,Condition Monitoring,PREVENTIVE MAINTENANCE,14020704,14020704,14020704,2
158217/1/4,Comp_E,BLOWER & FAN,WORKSHOP,CORRECTIVE,14020815,14020821,14020821,4
158217/1/3,Comp_E,BLOWER & FAN,WORKSHOP,CORRECTIVE,14020719,14020806,14020806,2
158217/1/2,Comp_E,BLOWER & FAN,WORKSHOP,CORRECTIVE,14020718,14020717,14020717,2
158217/1/1,Comp_E,BLOWER & FAN,WORKSHOP,CORRECTIVE,14020716,14020717,14020717,1
158217,Comp_E,BLOWER & FAN,ELECTRICAL,CORRECTIVE,14020704,14020704,14020710,7
158009/1,Comp_E,ELECTRIC MOTOR,ELECTRICAL,CORRECTIVE,14020701,14020704,14020704,12
158009,Comp_E,ELECTRIC MOTOR,ELECTRICAL,CORRECTIVE,14020701,14020701,14020704,12
158007/1,Comp_E,COMPRESSOR,CRAFT,SERVICE,14020701,14020703,14020703,8
158007,Comp_E,COMPRESSOR,FIX MECHANICAL,SERVICE,14020701,14020703,14020703,1
158000,Comp_E,COMPRESSOR,CRAFT,CORRECTIVE,14020631,14020801,14020801,16
157986,Comp_E,COMPRESSOR,Condition Monitoring,CORRECTIVE,14020631,14020628,14020630,12
157806,Comp_E,COMPRESSOR,MACHINERY,SERVICE,14020627,14020628,14020629,40
157794,Comp_E,COMPRESSOR,FIX MECHANICAL,CORRECTIVE,14020627,14020628,14020628,5
157748/8,Comp_E,PUMP,FIX MECHANICAL,CORRECTIVE,14020629,14020701,14020701,5
157748/7,Comp_E,PUMP,CRAFT,CORRECTIVE,14020629,14020701,14020701,8
157748/5,Comp_E,PUMP,Condition Monitoring,CORRECTIVE,14020626,14020626,14020626,2
157748/4,Comp_E,PUMP,WORKSHOP,CORRECTIVE,14020626,14020628,14020629,12
157748/3,Comp_E,PUMP,FIX MECHANICAL,CORRECTIVE,14020626,14020627,14020627,5
157748/2,Comp_E,PUMP,ELECTRICAL,CORRECTIVE,14020626,14020627,14020627,6
157748/1,Comp_E,PUMP,CRAFT,CORRECTIVE,14020626,14020627,14020627,8
157748,Comp_E,PUMP,MACHINERY,CORRECTIVE,14020625,14020701,14020701,8
157653,Comp_C,PUMP,FIX MECHANICAL,CORRECTIVE,14020622,14020622,14020622,5
156822,Comp_C,COMPRESSOR,INSTRUMENT,CORRECTIVE,14020615,14020715,14020715,4
156821,Comp_C,ELECTRICAL SWITCH,INSTRUMENT,CORRECTIVE,14020615,14020715,14020715,2
156657,Comp_C,COMPRESSOR,INSTRUMENT,CORRECTIVE,14020609,14020609,14020609,1
156572/2,Comp_C,COMPRESSOR,WORKSHOP,CORRECTIVE,14020608,14020608,14020608,1
156572/1,Comp_C,COMPRESSOR,WORKSHOP,CORRECTIVE,14020606,14020607,14020607,2
156572,Comp_C,COMPRESSOR,FIX MECHANICAL,CORRECTIVE,14020606,14020608,14020608,5
156466,Comp_A,COMPRESSOR,ELECTRICAL,CORRECTIVE,14020604,14020604,14020604,4
156390,Comp_B,COMPRESSOR,INSTRUMENT,CORRECTIVE,14020603,14020604,14020604,2
156329/6/4,Comp_C,ELECTRIC MOTOR,CRAFT,CORRECTIVE,14020622,14020622,14020622,8
156329/6/3/1,Comp_C,ELECTRIC MOTOR,WORKSHOP,CORRECTIVE,14020613,14020614,14020620,18
156329/6/3,Comp_C,ELECTRIC MOTOR,WORKSHOP,CORRECTIVE,14020612,14020613,14020626,10
156329/6/2,Comp_C,ELECTRIC MOTOR,CRAFT,CORRECTIVE,14020612,14020612,14020612,8
156329/6/1,Comp_C,ELECTRIC MOTOR,FIX MECHANICAL,CORRECTIVE,14020612,14020611,14020611,5
156329/6,Comp_C,ELECTRIC MOTOR,MACHINERY,CORRECTIVE,14020611,14020623,14020623,16
156329/5,Comp_C,ELECTRIC MOTOR,ELECTRICAL,CORRECTIVE,14020604,14020605,14020605,32
156329/4/1,Comp_C,ELECTRIC MOTOR,WORKSHOP,CORRECTIVE,14020606,14020606,14020606,2
156329/4,Comp_C,ELECTRIC MOTOR,WORKSHOP,CORRECTIVE,14020602,14020604,14020607,15
156329/3,Comp_C,ELECTRIC MOTOR,CRAFT,CORRECTIVE,14020601,14020606,14020606,8
156329/2,Comp_C,ELECTRIC MOTOR,ELECTRICAL,CORRECTIVE,14020531,14020605,14020605,21
156329/1,Comp_C,ELECTRIC MOTOR,FIX MECHANICAL,CORRECTIVE,14020531,14020531,14020531,5
156329,Comp_C,ELECTRIC MOTOR,ELECTRICAL,CORRECTIVE,14020531,14020531,14020622,22
156126/6/5,Comp_C,ELECTRIC MOTOR,FIX MECHANICAL,CORRECTIVE,14020613,14020614,14020614,5
156126/6/4,Comp_C,ELECTRIC MOTOR,CRAFT,CORRECTIVE,14020613,14020613,14020613,8
156126/6/3,Comp_C,ELECTRIC MOTOR,WORKSHOP,CORRECTIVE,14020612,14020611,14020612,12
156126/6/2,Comp_C,ELECTRIC MOTOR,CRAFT,CORRECTIVE,14020612,14020612,14020612,4
156126/6/1,Comp_C,ELECTRIC MOTOR,FIX MECHANICAL,CORRECTIVE,14020612,14020611,14020611,5
156126/6,Comp_C,ELECTRIC MOTOR,MACHINERY,CORRECTIVE,14020611,14020614,14020614,8
156126/5,Comp_C,ELECTRIC MOTOR,FIX MECHANICAL,CORRECTIVE,14020606,14020609,14020609,5
156126/4/3,Comp_C,ELECTRIC MOTOR,WORKSHOP,CORRECTIVE,14020611,14020611,14020612,4
156126/4/2,Comp_C,ELECTRIC MOTOR,WORKSHOP,CORRECTIVE,14020606,14020606,14020606,2
156126/4/1,Comp_C,ELECTRIC MOTOR,WORKSHOP,CORRECTIVE,14020602,14020602,14020602,1
156126/4,Comp_C,ELECTRIC MOTOR,WORKSHOP,CORRECTIVE,14020601,14020602,14020612,18
156126/3,Comp_C,ELECTRIC MOTOR,ELECTRICAL,CORRECTIVE,14020531,14020606,14020606,21
156126/2,Comp_C,ELECTRIC MOTOR,FIX MECHANICAL,CORRECTIVE,14020529,14020529,14020529,5
156126/1,Comp_C,ELECTRIC MOTOR,CRAFT,CORRECTIVE,14020529,14020530,14020530,6
156126,Comp_C,ELECTRIC MOTOR,ELECTRICAL,CORRECTIVE,14020528,14020528,14020614,11
155733,Comp_A,VALVE,FIX MECHANICAL,CORRECTIVE,14020519,14020519,14020519,8
155183,Comp_C,COMPRESSOR,FIX MECHANICAL,CORRECTIVE,14020506,14020507,14020507,4
154936/7,Comp_D,COMPRESSOR,CRAFT,CORRECTIVE,14020508,14020523,14020523,10
154936/6,Comp_D,COMPRESSOR,WORKSHOP,CORRECTIVE,14020503,14020503,14020508,10
154936/5/1,Comp_D,COMPRESSOR,WORKSHOP,CORRECTIVE,14020503,14020504,14020504,2
154936/5,Comp_D,COMPRESSOR,FIX MECHANICAL,CORRECTIVE,14020501,14020503,14020503,5
154936/4,Comp_D,COMPRESSOR,INSTRUMENT,CORRECTIVE,14020501,14020502,14020502,2
154936/3,Comp_D,COMPRESSOR,WORKSHOP,CORRECTIVE,14020501,14020503,14020503,5
154936/2,Comp_D,COMPRESSOR,WORKSHOP,CORRECTIVE,14020501,14020503,14020503,2
154936/1,Comp_D,COMPRESSOR,CRAFT,CORRECTIVE,14020501,14020502,14020502,18
154936,Comp_D,COMPRESSOR,MACHINERY,CORRECTIVE,14020501,14020503,14020504,42
154867,Comp_B,COMPRESSOR,Condition Monitoring,SERVICE,14020429,14020429,14020429,4
154366/1,Comp_E,COMPRESSOR,ELECTRICAL,CORRECTIVE,14020426,14020425,14020426,27
154366,Comp_E,COMPRESSOR,ELECTRICAL,CORRECTIVE,14020425,14020425,14020426,8
153936,Comp_B,COMPRESSOR,FIX MECHANICAL,CORRECTIVE,14020422,14020422,14020422,5
153863,Comp_B,COMPRESSOR,FIX MECHANICAL,CORRECTIVE,14020420,14020420,14020420,5
153430/1/1,Comp_C,COMPRESSOR,CRAFT,CORRECTIVE,14020424,14020425,14020425,18
153429,Comp_C,ELECTRIC MOTOR,ELECTRICAL,CORRECTIVE,14020413,14020413,14020413,3
153396,Comp_E,COMPRESSOR,FIX MECHANICAL,CORRECTIVE,14020411,14020414,14020414,5
153358/9,Comp_B,COMPRESSOR,FIX MECHANICAL,CORRECTIVE,14020413,14020414,14020414,15
153358/8,Comp_B,COMPRESSOR,CRAFT,CORRECTIVE,14020413,14020415,14020415,16
153358/7,Comp_B,COMPRESSOR,CRAFT,CORRECTIVE,14020412,14020413,14020413,8
153358/6,Comp_B,COMPRESSOR,WORKSHOP,CORRECTIVE,14020412,14020414,14020414,6
153358/5,Comp_B,COMPRESSOR,Condition Monitoring,CORRECTIVE,14020412,14020412,14020412,3
153358/4,Comp_B,COMPRESSOR,WORKSHOP,CORRECTIVE,14020411,14020414,14020414,6
153358/3,Comp_B,COMPRESSOR,INSTRUMENT,CORRECTIVE,14020410,14020411,14020411,8
153358/2,Comp_B,COMPRESSOR,FIX MECHANICAL,CORRECTIVE,14020410,14020411,14020411,5
153358/10,Comp_B,COMPRESSOR,Condition Monitoring,CORRECTIVE,14020414,14020424,14020424,2
153358/1,Comp_B,COMPRESSOR,CRAFT,CORRECTIVE,14020410,14020411,14020411,10
153358,Comp_B,COMPRESSOR,MACHINERY,CORRECTIVE,14020410,14020411,14020415,104
153212,Comp_E,COMPRESSOR,MECHANICAL SHIFT,SHIFT SHAB,14020405,14020405,14020405,3
153153/1/1,Comp_E,ELECTRIC MOTOR,WORKSHOP,CORRECTIVE,14020414,14020424,14020424,2
153153/1,Comp_E,ELECTRIC MOTOR,ELECTRICAL,CORRECTIVE,14020405,14020411,14020414,72
153153,Comp_E,ELECTRIC MOTOR,ELECTRICAL,CORRECTIVE,14020405,14020405,14020421,10
152820,Comp_D,COMPRESSOR,INSTRUMENT,CORRECTIVE,14020327,14020327,14020327,2
152547,Comp_E,COMPRESSOR,INSTRUMENT,CORRECTIVE,14020320,14020320,14020321,4
152501,Comp_B,COMPRESSOR,INSTRUMENT,PREVENTIVE MAINTENANCE,14020320,14020323,14020323,0
152498/9,Comp_B,COMPRESSOR,ELECTRICAL,PREVENTIVE MAINTENANCE,14020804,14020804,14020804,6
152498/8,Comp_B,COMPRESSOR,CRAFT,PREVENTIVE MAINTENANCE,14020804,14020806,14020806,8
152498/7,Comp_B,COMPRESSOR,WORKSHOP,PREVENTIVE MAINTENANCE,14020803,14020823,14020823,1
152498/6,Comp_B,COMPRESSOR,WORKSHOP,PREVENTIVE MAINTENANCE,14020801,14020801,14020802,3
152498/5,Comp_B,COMPRESSOR,WORKSHOP,PREVENTIVE MAINTENANCE,14020706,14020710,14020710,8
152498/4,Comp_B,COMPRESSOR,CRAFT,PREVENTIVE MAINTENANCE,14020704,14020716,14020716,10
152498/3,Comp_B,COMPRESSOR,CRAFT,PREVENTIVE MAINTENANCE,14020704,14020705,14020705,21
152498/2,Comp_B,COMPRESSOR,Condition Monitoring,PREVENTIVE MAINTENANCE,14020704,14020704,14020704,4
152498/11,Comp_B,COMPRESSOR,WORKSHOP,PREVENTIVE MAINTENANCE,14020806,14020807,14020807,3
152498/10/1,Comp_B,COMPRESSOR,WORKSHOP,PREVENTIVE MAINTENANCE,14020808,14020809,14020809,1
152498/10,Comp_B,COMPRESSOR,WORKSHOP,PREVENTIVE MAINTENANCE,14020804,14020806,14020809,27
152498/1,Comp_B,COMPRESSOR,CRAFT,PREVENTIVE MAINTENANCE,14020328,14020328,14020328,12
152498,Comp_B,COMPRESSOR,MACHINERY,PREVENTIVE MAINTENANCE,14020320,14020705,14020809,33
152411,Comp_E,COMPRESSOR,CRAFT,SERVICE,14020318,14020327,14020327,4
152383/1,Comp_E,COMPRESSOR,INSTRUMENT,CORRECTIVE,14020320,14020413,14020413,2
152383,Comp_E,COMPRESSOR,INSTRUMENT,CORRECTIVE,14020317,14020317,14020317,2
152003/1,Comp_C,COMPRESSOR,CRAFT,CORRECTIVE,14020320,14020321,14020321,8
152003,Comp_C,VALVE,FIX MECHANICAL,CORRECTIVE,14020314,14020505,14020505,5
151551,Comp_E,COMPRESSOR,INSTRUMENT,CORRECTIVE,14020313,14020313,14020314,3
151543,Comp_C,COMPRESSOR,FIX MECHANICAL,CORRECTIVE,14020312,14020314,14020314,5
151505,Comp_E,COMPRESSOR,INSTRUMENT,CORRECTIVE,14020310,14020310,14020314,20
151402,Comp_D,COMPRESSOR,Condition Monitoring,PREVENTIVE MAINTENANCE,14020308,14020308,14020308,1
151401,Comp_A,COMPRESSOR,Condition Monitoring,PREVENTIVE MAINTENANCE,14020308,14020308,14020308,1
151400,Comp_B,COMPRESSOR,Condition Monitoring,PREVENTIVE MAINTENANCE,14020308,14020308,14020308,1
151399,Comp_C,COMPRESSOR,Condition Monitoring,PREVENTIVE MAINTENANCE,14020308,14020308,14020308,1
151398,Comp_E,COMPRESSOR,Condition Monitoring,PREVENTIVE MAINTENANCE,14020308,14020308,14020308,1
151320,Comp_D,HEAT EXCHANGER,FIX MECHANICAL,CORRECTIVE,14020307,14020308,14020308,5
151091,Comp_E,COMPRESSOR,Condition Monitoring,CORRECTIVE,14020301,14020309,14020309,3
150888,Comp_E,COMPRESSOR,Condition Monitoring,CORRECTIVE,14020227,14020225,14020225,13
150643,Comp_D,ELECTRIC MOTOR,ELECTRICAL,SERVICE,14020224,14020309,14020309,15
150601,Comp_B,COMPRESSOR,FIX MECHANICAL,CORRECTIVE,14020223,14020224,14020224,10
150599,Comp_A,COMPRESSOR,FIX MECHANICAL,CORRECTIVE,14020223,14020223,14020223,5
150416,Comp_D,COMPRESSOR,FIX MECHANICAL,CORRECTIVE,14020218,14020217,14020217,5
150405,Comp_A,COMPRESSOR,FIX MECHANICAL,CORRECTIVE,14020218,14020218,14020218,5
150382/5,Comp_C,COMPRESSOR,Condition Monitoring,CORRECTIVE,14020219,14020219,14020219,2
150382/4,Comp_C,COMPRESSOR,ELECTRICAL,CORRECTIVE,14020218,14020218,14020218,7
150382/3,Comp_C,COMPRESSOR,FIX MECHANICAL,CORRECTIVE,14020218,14020218,14020218,6
150382/2/2,Comp_C,COMPRESSOR,WORKSHOP,CORRECTIVE,14020313,14020314,14020315,5
150382/2/1,Comp_C,COMPRESSOR,WORKSHOP,CORRECTIVE,14020224,14020225,14020225,1
150382/2,Comp_C,COMPRESSOR,WORKSHOP,CORRECTIVE,14020218,14020223,14020316,16
150382/1,Comp_C,COMPRESSOR,CRAFT,CORRECTIVE,14020218,14020218,14020218,16
150382,Comp_C,PUMP,MACHINERY,CORRECTIVE,14020218,14020218,14020218,12
150380,Comp_C,PUMP,MECHANICAL SHIFT,SHIFT SHAB,14020217,14020217,14020217,6
149246,Comp_D,COMPRESSOR,INSTRUMENT,CORRECTIVE,14020131,14020131,14020131,6
149008/4,Comp_C,COMPRESSOR,MACHINERY,CORRECTIVE,14020206,14020205,14020205,3
149008/2,Comp_C,COMPRESSOR,CRAFT,CORRECTIVE,14020130,14020205,14020205,8
149008/1,Comp_C,COMPRESSOR,ELECTRICAL,CORRECTIVE,14020126,14020130,14020130,9
149008,Comp_C,COMPRESSOR,ELECTRICAL,CORRECTIVE,14020123,14020124,14020205,17
149005/1,Comp_E,SAFETY VALVE,WORKSHOP,PREVENTIVE MAINTENANCE,14020127,14020127,14020205,13
149005,Comp_E,SAFETY VALVE,FIX MECHANICAL,PREVENTIVE MAINTENANCE,14020123,14020210,14020210,10
148448,Comp_D,HEAT EXCHANGER,FIX MECHANICAL,CORRECTIVE,14020106,14020106,14020106,5
148271/1,Comp_B,PUMP,WORKSHOP,CORRECTIVE,14011225,14011225,14011227,3
148271,Comp_B,PUMP,FIX MECHANICAL,CORRECTIVE,14011225,14011225,14011225,4
148249/6,Comp_C,ELECTRIC MOTOR,MACHINERY,CORRECTIVE,14020107,14020107,14020107,3
148249/5,Comp_C,ELECTRIC MOTOR,CRAFT,CORRECTIVE,14020106,14020107,14020107,8
148249/4,Comp_C,ELECTRIC MOTOR,WORKSHOP,CORRECTIVE,14020101,14020102,14020102,1
148249/3,Comp_C,ELECTRIC MOTOR,ELECTRICAL,CORRECTIVE,14011228,14020106,14020107,12
148249/2,Comp_C,ELECTRIC MOTOR,CRAFT,CORRECTIVE,14011224,14011227,14011227,4
148249/1/1,Comp_C,ELECTRIC MOTOR,MACHINERY,CORRECTIVE,14011224,14011227,14011227,8
148249/1,Comp_C,ELECTRIC MOTOR,MACHINERY,CORRECTIVE,14011224,14011227,14011227,8
148249,Comp_C,ELECTRIC MOTOR,ELECTRICAL,CORRECTIVE,14011224,14020107,14020107,12
148248/1,Comp_B,ELECTRIC MOTOR,ELECTRICAL,CORRECTIVE,14011224,14020106,14020106,4
148248,Comp_B,ELECTRIC MOTOR,ELECTRICAL,CORRECTIVE,14011224,14011224,14020106,3
148198,Comp_C,COMPRESSOR,ELECTRICAL,CORRECTIVE,14011223,14011223,14011223,6
148166,Comp_E,COMPRESSOR,WORKSHOP,PREVENTIVE MAINTENANCE,14011221,14020129,14020129,6
147875/1,Comp_D,INDICATOR,INSTRUMENT,CORRECTIVE,14011220,14011221,14011221,2
147875,Comp_D,INDICATOR,INSTRUMENT,CORRECTIVE,14011215,14011215,14011215,1
147831/2,Comp_D,COMPRESSOR,WORKSHOP,CORRECTIVE,14011215,14011216,14011216,12
147831/1,Comp_D,COMPRESSOR,CRAFT,CORRECTIVE,14011214,14011214,14011214,29
147831,Comp_D,COMPRESSOR,MACHINERY,CORRECTIVE,14011213,14011214,14011214,19
147320/1,Comp_E,ELECTRIC MOTOR,ELECTRICAL,PREVENTIVE MAINTENANCE,14011201,14020108,14020109,16
147320,Comp_E,ELECTRIC MOTOR,ELECTRICAL,PREVENTIVE MAINTENANCE,14011201,14011201,14020227,21
147319,Comp_E,ELECTRIC MOTOR,ELECTRICAL,PREVENTIVE MAINTENANCE,14011201,14010704,14010704,6
146909,Comp_D,COMPRESSOR,MACHINERY,CORRECTIVE,14011120,14011124,14011124,15
146803/4/1,Comp_B,PUMP,WORKSHOP,CORRECTIVE,14011126,14011202,14011204,12
146803/4,Comp_B,PUMP,WORKSHOP,CORRECTIVE,14011117,14011124,14011206,9
146803/3,Comp_B,PUMP,ELECTRICAL,CORRECTIVE,14011117,14011119,14011119,9
146803/2,Comp_B,PUMP,FIX MECHANICAL,CORRECTIVE,14011117,14011119,14011119,5
146803/1,Comp_B,PUMP,CRAFT,CORRECTIVE,14011117,14011119,14011119,3
146803,Comp_B,PUMP,MACHINERY,CORRECTIVE,14011117,14011119,14011119,4
146794,Comp_E,COMPRESSOR,Condition Monitoring,PREVENTIVE MAINTENANCE,14011117,14011110,14011110,3
146793,Comp_B,COMPRESSOR,Condition Monitoring,PREVENTIVE MAINTENANCE,14011117,14011110,14011110,3
146792,Comp_A,COMPRESSOR,Condition Monitoring,PREVENTIVE MAINTENANCE,14011117,14011110,14011110,3
146791,Comp_D,COMPRESSOR,Condition Monitoring,PREVENTIVE MAINTENANCE,14011117,14011110,14011110,3
146790,Comp_C,COMPRESSOR,Condition Monitoring,PREVENTIVE MAINTENANCE,14011117,14011110,14011110,3
146728/9,Comp_E,COMPRESSOR,WORKSHOP,CORRECTIVE,14011218,14011228,14011229,4
146728/8,Comp_E,COMPRESSOR,WORKSHOP,CORRECTIVE,14011215,14011221,14011228,26
146728/7,Comp_E,COMPRESSOR,CRAFT,CORRECTIVE,14011211,14011212,14011212,3
146728/6,Comp_E,COMPRESSOR,INSTRUMENT,CORRECTIVE,14011127,14011116,14011116,8
146728/5,Comp_E,COMPRESSOR,WORKSHOP,CORRECTIVE,14011126,14011126,14011127,10
146728/3,Comp_E,COMPRESSOR,ELECTRICAL,CORRECTIVE,14011116,14011119,14011120,6
146728/2/1,Comp_E,COMPRESSOR,WORKSHOP,CORRECTIVE,14011119,14011119,14011120,12
146728/2,Comp_E,COMPRESSOR,FIX MECHANICAL,CORRECTIVE,14011116,14011120,14011120,14
146728/16/1,Comp_E,COMPRESSOR,CRAFT,CORRECTIVE,14020219,14020219,14020219,3
146728/15,Comp_E,COMPRESSOR,Condition Monitoring,CORRECTIVE,14020217,14020308,14020308,3
146728/14,Comp_E,COMPRESSOR,ELECTRICAL,CORRECTIVE,14020217,14020218,14020227,14
146728/13,Comp_E,COMPRESSOR,INSTRUMENT,CORRECTIVE,14020217,14020218,14020218,12
146728/12,Comp_E,COMPRESSOR,FIX MECHANICAL,CORRECTIVE,14020217,14020228,14020228,20
146728/11,Comp_E,COMPRESSOR,CRAFT,CORRECTIVE,14020217,14020220,14020220,8
146728/10,Comp_E,COMPRESSOR,CRAFT,CORRECTIVE,14011223,14011227,14011227,4
146728/1/1,Comp_E,COMPRESSOR,WORKSHOP,CORRECTIVE,14011121,14011121,14011126,30
146728/1,Comp_E,COMPRESSOR,CRAFT,CORRECTIVE,14011116,14011119,14011119,12
146728,Comp_E,COMPRESSOR,MACHINERY,CORRECTIVE,14011116,14011202,14020228,190
146671,Comp_A,COMPRESSOR,INSTRUMENT,CORRECTIVE,14011113,14011113,14011113,0
146670,Comp_A,COMPRESSOR,MACHINERY,CORRECTIVE,14011113,14011112,14011112,1
146601,Comp_E,COMPRESSOR,FIX MECHANICAL,CORRECTIVE,14011111,14011112,14011112,8
146367/1,Comp_D,COMPRESSOR,MACHINERY,CORRECTIVE,14011108,14011108,14011108,11
146367,Comp_D,COMPRESSOR,INSTRUMENT,CORRECTIVE,14011108,14011108,14011108,2
146336,Comp_D,COMPRESSOR,MACHINERY,CORRECTIVE,14011107,14011118,14011118,12
146035,Comp_E,COMPRESSOR,Condition Monitoring,PREVENTIVE MAINTENANCE,14011101,14011104,14011104,3
145802/2,Comp_D,COMPRESSOR,WORKSHOP,CORRECTIVE,14011026,14011025,14011025,6
145802/1,Comp_D,COMPRESSOR,CRAFT,CORRECTIVE,14011025,14011026,14011026,5
145802,Comp_D,COMPRESSOR,FIX MECHANICAL,CORRECTIVE,14011025,14011014,14011014,4
145451/1,Comp_D,COMPRESSOR,CRAFT,CORRECTIVE,14011018,14011019,14011019,6
145451,Comp_D,COMPRESSOR,MACHINERY,CORRECTIVE,14011018,14011019,14011019,35
145339/1,Comp_E,ELECTRIC MOTOR,ELECTRICAL,CORRECTIVE,14011017,14010926,14011001,8
145339,Comp_E,ELECTRIC MOTOR,ELECTRICAL,CORRECTIVE,14011014,14010825,14010830,12
145338,Comp_E,ELECTRIC MOTOR,ELECTRICAL,CORRECTIVE,14011014,14010901,14010902,12
145336/1,Comp_E,ELECTRIC MOTOR,ELECTRICAL,CORRECTIVE,14011017,14010828,14010909,144
145336,Comp_E,ELECTRIC MOTOR,ELECTRICAL,CORRECTIVE,14011014,14010825,14010828,24
145334/1,Comp_E,ELECTRIC MOTOR,ELECTRICAL,CORRECTIVE,14011017,14010926,14011001,120
145334,Comp_E,ELECTRIC MOTOR,ELECTRICAL,CORRECTIVE,14011014,14010825,14010902,16
145332/1,Comp_E,ELECTRIC MOTOR,ELECTRICAL,CORRECTIVE,14011017,14010914,14010921,120
145332,Comp_E,ELECTRIC MOTOR,ELECTRICAL,CORRECTIVE,14011014,14010914,14011014,12
145329/1,Comp_D,COMPRESSOR,CRAFT,CORRECTIVE,14011014,14011014,14011014,6
145329,Comp_D,COMPRESSOR,MACHINERY,CORRECTIVE,14011013,14011014,14011014,30
145296,Comp_D,COMPRESSOR,FIX MECHANICAL,CORRECTIVE,14011013,14011014,14011014,4
145293,Comp_D,COMPRESSOR,INSTRUMENT,CORRECTIVE,14011013,14011013,14011013,1
145085/1,Comp_A,SAFETY VALVE,WORKSHOP,PREVENTIVE MAINTENANCE,14011013,14011013,14011014,5
145085,Comp_A,SAFETY VALVE,FIX MECHANICAL,PREVENTIVE MAINTENANCE,14011010,14011013,14011013,4
145084/2,Comp_A,SAFETY VALVE,WORKSHOP,PREVENTIVE MAINTENANCE,14011013,14011013,14011019,13
145084/1,Comp_A,SAFETY VALVE,CRAFT,PREVENTIVE MAINTENANCE,14011011,14011012,14011012,7
145084,Comp_A,SAFETY VALVE,FIX MECHANICAL,PREVENTIVE MAINTENANCE,14011010,14011013,14011013,4
145083/1,Comp_B,SAFETY VALVE,WORKSHOP,PREVENTIVE MAINTENANCE,14011109,14011027,14011029,10
145082/1,Comp_B,SAFETY VALVE,WORKSHOP,PREVENTIVE MAINTENANCE,14011028,14011021,14011024,8
145082,Comp_B,SAFETY VALVE,FIX MECHANICAL,PREVENTIVE MAINTENANCE,14011010,14011026,14011026,4
144640/1,Comp_B,COMPRESSOR,WORKSHOP,CORRECTIVE,14010930,14010930,14010930,2
144640,Comp_B,COMPRESSOR,FIX MECHANICAL,CORRECTIVE,14010929,14010930,14010930,4
144473/7/3,Comp_E,ELECTRIC MOTOR,WORKSHOP,CORRECTIVE,14020122,14020121,14020123,9
144473/7/2/1/1,Comp_E,ELECTRIC MOTOR,WORKSHOP,CORRECTIVE,14011105,14011118,14011118,2
144473/7/2/1,Comp_E,ELECTRIC MOTOR,WORKSHOP,CORRECTIVE,14011017,14011025,14011103,13
144473/7/1,Comp_E,ELECTRIC MOTOR,WORKSHOP,CORRECTIVE,14010926,14010927,14010927,2
144473/7,Comp_E,ELECTRIC MOTOR,ELECTRICAL,CORRECTIVE,14010926,14011011,14011012,48
144473,Comp_E,ELECTRIC MOTOR,ELECTRICAL,CORRECTIVE,14010926,14010926,14011003,14
144437,Comp_E,ELECTRIC MOTOR,ELECTRICAL,CORRECTIVE,14010924,14010924,14010924,3
144335/2,Comp_B,COMPRESSOR,CRAFT,CORRECTIVE,14010923,14010924,14010924,6
144335/1,Comp_B,COMPRESSOR,Condition Monitoring,CORRECTIVE,14010923,14010923,14010923,2
144335,Comp_B,COMPRESSOR,MACHINERY,CORRECTIVE,14010922,14010923,14010923,12
144273,Comp_A,COMPRESSOR,FIX MECHANICAL,CORRECTIVE,14010921,14010921,14010921,4
144194/1,Comp_D,COMPRESSOR,INSTRUMENT,CORRECTIVE,14010921,14010921,14010921,3
144194,Comp_D,COMPRESSOR,MACHINERY,CORRECTIVE,14010920,14010924,14010926,18
144189,Comp_B,COMPRESSOR,MACHINERY,CORRECTIVE,14010920,14010920,14010920,6
143964,Comp_C,COMPRESSOR,MACHINERY,CORRECTIVE,14010915,14010914,14010914,6
143945,Comp_A,COMPRESSOR,MACHINERY,CORRECTIVE,14010914,14010914,14010914,6
143887,Comp_B,COMPRESSOR,ELECTRICAL,CORRECTIVE,14010913,14010913,14010913,21
143840,Comp_D,COMPRESSOR,FIX MECHANICAL,CORRECTIVE,14010912,14010917,14010917,4
143831,Comp_D,COMPRESSOR,INSTRUMENT,CORRECTIVE,14010912,14010912,14010912,5
143749,Comp_A,VALVE,FIX MECHANICAL,CORRECTIVE,14010910,14010910,14010910,4
143744,Comp_A,ELECTRIC MOTOR,ELECTRICAL,CORRECTIVE,14010910,14010912,14010912,2
143719,Comp_D,COMPRESSOR,INSTRUMENT,CORRECTIVE,14010909,14010909,14010909,14
143580,Comp_D,COMPRESSOR,INSTRUMENT,CORRECTIVE,14010906,14010906,14010907,54
143534,Comp_B,COMPRESSOR,INSTRUMENT,CORRECTIVE,14010906,14010905,14010906,21
143351,Comp_E,ELECTRIC MOTOR,ELECTRICAL,CORRECTIVE,14010901,14010901,14010901,1
143223/1,Comp_E,COMPRESSOR,INSTRUMENT,CORRECTIVE,14010902,14010902,14010902,4
143223,Comp_E,COMPRESSOR,INSTRUMENT,CORRECTIVE,14010828,14010825,14010825,3
143221,Comp_D,COMPRESSOR,INSTRUMENT,CORRECTIVE,14010828,14010828,14010828,2
143220,Comp_B,COMPRESSOR,INSTRUMENT,CORRECTIVE,14010828,14010818,14010818,3
143168,Comp_B,PUMP,MECHANICAL SHIFT,CORRECTIVE,14010827,14010827,14010827,3
143165/7,Comp_B,COMPRESSOR,ELECTRICAL,CORRECTIVE,14010905,14010907,14010908,24
143165/5/1,Comp_B,COMPRESSOR,WORKSHOP,CORRECTIVE,14010915,14010915,14010915,1
143165/5,Comp_B,COMPRESSOR,WORKSHOP,CORRECTIVE,14010905,14010905,14010916,14
143165/3/3,Comp_B,COMPRESSOR,CRAFT,CORRECTIVE,14010905,14010906,14010906,7
143165/3/2,Comp_B,COMPRESSOR,WORKSHOP,CORRECTIVE,14010903,14010906,14010906,1
143165/3/1,Comp_B,COMPRESSOR,INSTRUMENT,CORRECTIVE,14010903,14010903,14010903,3
143165/3,Comp_B,COMPRESSOR,FIX MECHANICAL,CORRECTIVE,14010902,14010906,14010906,8
143165/2,Comp_B,COMPRESSOR,CRAFT,CORRECTIVE,14010902,14010902,14010902,10
143165/1,Comp_B,COMPRESSOR,CRAFT,CORRECTIVE,14010828,14010828,14010828,10
143165,Comp_B,COMPRESSOR,MACHINERY,CORRECTIVE,14010826,14010826,14010906,108
143121/2,Comp_D,COMPRESSOR,Condition Monitoring,CORRECTIVE,14010903,14010903,14010903,4
143121,Comp_D,COMPRESSOR,MACHINERY,CORRECTIVE,14010825,14010903,14010903,2
143096/3,Comp_E,ELECTRIC MOTOR,ELECTRICAL,CORRECTIVE,14010914,14020108,14020108,4
143096/2,Comp_E,ELECTRIC MOTOR,ELECTRICAL,CORRECTIVE,14010906,14010828,14010828,24
143096/1,Comp_E,ELECTRIC MOTOR,ELECTRICAL,CORRECTIVE,14010828,14010825,14010828,15
142631,Comp_D,COMPRESSOR,FIX MECHANICAL,CORRECTIVE,14010817,14010817,14010817,10
142475,Comp_E,ELECTRIC MOTOR,ELECTRICAL,CORRECTIVE,14010814,14010813,14010813,7
142474,Comp_D,ELECTRIC MOTOR,ELECTRICAL,CORRECTIVE,14010814,14010813,14010813,6
142473,Comp_C,ELECTRIC MOTOR,ELECTRICAL,CORRECTIVE,14010814,14010813,14010813,7
142472,Comp_B,ELECTRIC MOTOR,ELECTRICAL,CORRECTIVE,14010814,14010813,14010813,3
142471,Comp_A,ELECTRIC MOTOR,ELECTRICAL,CORRECTIVE,14010814,14010813,14010813,6
142304,Comp_E,COMPRESSOR,INSTRUMENT,CORRECTIVE,14010810,14010809,14010809,4
141357,Comp_A,COMPRESSOR,FIX MECHANICAL,PREVENTIVE MAINTENANCE,14010720,14010720,14010720,4
141253,Comp_A,COMPRESSOR,MACHINERY,CORRECTIVE,14010718,14010718,14010718,8
140985/1/1,Comp_D,COMPRESSOR,CRAFT,CORRECTIVE,14010714,14010714,14010714,4
140985,Comp_D,COMPRESSOR,INSTRUMENT,CORRECTIVE,14010712,14010714,14010715,6
140616,Comp_A,HEAT EXCHANGER,FIX MECHANICAL,CORRECTIVE,14010711,14010711,14010711,10
140575,Comp_A,COMPRESSOR,Condition Monitoring,PREVENTIVE MAINTENANCE,14010711,14010717,14010717,2
140574,Comp_B,COMPRESSOR,Condition Monitoring,PREVENTIVE MAINTENANCE,14010711,14010717,14010717,3
140573,Comp_D,COMPRESSOR,Condition Monitoring,PREVENTIVE MAINTENANCE,14010711,14010717,14010717,3
140572,Comp_C,COMPRESSOR,Condition Monitoring,PREVENTIVE MAINTENANCE,14010711,14010717,14010717,2
140224,Comp_C,COMPRESSOR,INSTRUMENT,CORRECTIVE,14010706,14010706,14010706,3
140131,Comp_D,COMPRESSOR,CRAFT,SERVICE,14010704,14010704,14010704,3
139336/1,Comp_D,COMPRESSOR,WORKSHOP,CORRECTIVE,14010628,14010628,14010631,5
139336,Comp_D,COMPRESSOR,FIX MECHANICAL,CORRECTIVE,14010627,14010628,14010628,5
139246,Comp_E,COMPRESSOR,Condition Monitoring,PREVENTIVE MAINTENANCE,14010626,14010630,14010630,2
139185,Comp_A,ELECTRIC MOTOR,ELECTRICAL,CORRECTIVE,14010623,14010623,14010623,6
138889/9,Comp_A,COMPRESSOR,CRAFT,CORRECTIVE,14010621,14010621,14010621,5
138889/8,Comp_A,COMPRESSOR,CRAFT,CORRECTIVE,14010620,14010620,14010620,3
138889/7,Comp_A,COMPRESSOR,WORKSHOP,CORRECTIVE,14010617,14010619,14010620,9
138889/6,Comp_A,COMPRESSOR,WORKSHOP,CORRECTIVE,14010617,14010617,14010619,6
138889/5/1,Comp_A,COMPRESSOR,CRAFT,CORRECTIVE,14010621,14010622,14010622,6
138889/5,Comp_A,COMPRESSOR,FIX MECHANICAL,CORRECTIVE,14010616,14010619,14010619,8
138889/4,Comp_A,COMPRESSOR,CRAFT,CORRECTIVE,14010616,14010617,14010617,6
138889/3,Comp_A,COMPRESSOR,CRAFT,CORRECTIVE,14010616,14010617,14010617,6
138889/21,Comp_A,COMPRESSOR,CRAFT,CORRECTIVE,14010626,14010626,14010626,4
138889/2,Comp_A,COMPRESSOR,CRAFT,CORRECTIVE,14010614,14010614,14010614,8
138889/14,Comp_A,COMPRESSOR,CRAFT,CORRECTIVE,14010626,14010626,14010626,5
138889/10,Comp_A,COMPRESSOR,CRAFT,CORRECTIVE,14010621,14010622,14010622,5
138889/1/1,Comp_A,COMPRESSOR,CRAFT,CORRECTIVE,14010624,14010624,14010624,6
138889/1,Comp_A,COMPRESSOR,FIX MECHANICAL,CORRECTIVE,14010614,14010624,14010624,21
138889,Comp_A,COMPRESSOR,MACHINERY,CORRECTIVE,14010614,14010614,14010628,35
138881,Comp_B,ELECTRIC MOTOR,ELECTRICAL,CORRECTIVE,14010614,14010614,14010614,4
138827,Comp_B,COMPRESSOR,INSTRUMENT,SERVICE,14010613,14010615,14010615,2
138772,Comp_B,COMPRESSOR,INSTRUMENT,CORRECTIVE,14010612,14010609,14010612,6
138109,Comp_B,HEAT EXCHANGER,FIX MECHANICAL,CORRECTIVE,14010605,14010602,14010602,5
138108,Comp_C,SAFETY VALVE,FIX MECHANICAL,CORRECTIVE,14010605,14010610,14010610,5
137936,Comp_B,COMPRESSOR,INSTRUMENT,CORRECTIVE,14010601,14010601,14010601,1
137810/2,Comp_B,COMPRESSOR,WORKSHOP,CORRECTIVE,14010530,14010601,14010601,9
137810/1,Comp_B,COMPRESSOR,CRAFT,CORRECTIVE,14010530,14010531,14010531,5
137810,Comp_B,COMPRESSOR,MACHINERY,CORRECTIVE,14010530,14010531,14010531,16
137801,Comp_D,COMPRESSOR,FIX MECHANICAL,CORRECTIVE,14010530,14010530,14010530,4
136011,Comp_D,COMPRESSOR,ELECTRICAL,CORRECTIVE,14010502,14010502,14010502,6
135980/3,Comp_B,COMPRESSOR,INSTRUMENT,CORRECTIVE,14010502,14010502,14010502,4
135980/2,Comp_B,COMPRESSOR,CRAFT,CORRECTIVE,14010502,14010502,14010502,12
135980/1,Comp_B,COMPRESSOR,WORKSHOP,CORRECTIVE,14010502,14010502,14010506,5
135980,Comp_B,COMPRESSOR,MACHINERY,CORRECTIVE,14010501,14010503,14010503,32
135899,Comp_D,COMPRESSOR,MACHINERY,CORRECTIVE,14010523,14010508,14010508,8
135807,Comp_D,COMPRESSOR,FIX MECHANICAL,CORRECTIVE,14010429,14010429,14010429,9
135713/3,Comp_D,COMPRESSOR,INSTRUMENT,PREVENTIVE MAINTENANCE,14010427,14010429,14010429,6
135713/2,Comp_D,COMPRESSOR,INSTRUMENT,PREVENTIVE MAINTENANCE,14010427,14010427,14010427,6
135713/1/1,Comp_D,COMPRESSOR,INSTRUMENT,PREVENTIVE MAINTENANCE,14010427,14010428,14010428,6
135713,Comp_D,COMPRESSOR,INSTRUMENT,PREVENTIVE MAINTENANCE,14010426,14010419,14010430,105
135450/1,Comp_C,SAFETY VALVE,WORKSHOP,SERVICE,14010422,14010422,14010422,2
135450,Comp_C,SAFETY VALVE,WORKSHOP,SERVICE,14010421,14010425,14010426,4
135449,Comp_D,COMPRESSOR,WORKSHOP,SERVICE,14010421,14010424,14010424,1
135349,Comp_E,COMPRESSOR,FIX MECHANICAL,CORRECTIVE,14010418,14010420,14010420,4
135081,Comp_B,COMPRESSOR,FIX MECHANICAL,CORRECTIVE,14010414,14010217,14010217,8
135078,Comp_B,COMPRESSOR,FIX MECHANICAL,CORRECTIVE,14010414,14010309,14010309,8
134012/2,Comp_E,ELECTRIC MOTOR,CRAFT,CORRECTIVE,14010406,14010407,14010407,1
134012/1,Comp_E,ELECTRIC MOTOR,ELECTRICAL,CORRECTIVE,14010405,14010406,14010406,9
134012,Comp_E,ELECTRIC MOTOR,ELECTRICAL,CORRECTIVE,14010405,14010404,14010404,9
134007/2,Comp_E,ELECTRIC MOTOR,CRAFT,CORRECTIVE,14010406,14010407,14010407,1
134007/1,Comp_E,ELECTRIC MOTOR,ELECTRICAL,CORRECTIVE,14010405,14010406,14010406,12
134007,Comp_E,ELECTRIC MOTOR,ELECTRICAL,CORRECTIVE,14010405,14010404,14010407,12
133886,Comp_D,INDICATOR,INSTRUMENT,PREVENTIVE MAINTENANCE,14010402,14010404,14010404,4
133885,Comp_D,INSTRUMENT SWITCH,INSTRUMENT,PREVENTIVE MAINTENANCE,14010402,14010404,14010404,4
133884,Comp_D,INDICATOR,INSTRUMENT,PREVENTIVE MAINTENANCE,14010402,14010404,14010404,1
133883,Comp_D,INDICATOR,INSTRUMENT,PREVENTIVE MAINTENANCE,14010402,14010403,14010403,3
133882,Comp_D,INDICATOR,INSTRUMENT,PREVENTIVE MAINTENANCE,14010402,14010404,14010404,1
133881,Comp_D,INDICATOR,INSTRUMENT,PREVENTIVE MAINTENANCE,14010402,14010404,14010404,1
133880,Comp_D,INDICATOR,INSTRUMENT,PREVENTIVE MAINTENANCE,14010402,14010404,14010404,1
133843/1/2,Comp_B,COMPRESSOR,INSTRUMENT,CORRECTIVE,14010402,14010402,14010402,12
133843/1/1,Comp_B,COMPRESSOR,CRAFT,CORRECTIVE,14010402,14010402,14010402,4
133843/1,Comp_B,COMPRESSOR,INSTRUMENT,CORRECTIVE,14010402,14010402,14010402,2
133843,Comp_B,COMPRESSOR,MACHINERY,CORRECTIVE,14010402,14010402,14010402,15
133813/1,Comp_D,SAFETY VALVE,WORKSHOP,PREVENTIVE MAINTENANCE,14010404,14010329,14010401,13
133813,Comp_D,SAFETY VALVE,FIX MECHANICAL,PREVENTIVE MAINTENANCE,14010401,14010405,14010405,5
133812/1,Comp_D,SAFETY VALVE,WORKSHOP,PREVENTIVE MAINTENANCE,14010404,14010329,14010401,4
133812,Comp_D,SAFETY VALVE,FIX MECHANICAL,PREVENTIVE MAINTENANCE,14010401,14010405,14010405,5
133811/1,Comp_D,SAFETY VALVE,WORKSHOP,PREVENTIVE MAINTENANCE,14010404,14010328,14010401,8
133811,Comp_D,SAFETY VALVE,FIX MECHANICAL,PREVENTIVE MAINTENANCE,14010401,14010405,14010405,5
133810/1,Comp_D,SAFETY VALVE,WORKSHOP,PREVENTIVE MAINTENANCE,14010404,14010329,14010401,9
133810,Comp_D,SAFETY VALVE,FIX MECHANICAL,PREVENTIVE MAINTENANCE,14010401,14010405,14010405,4
133757,Comp_A,COMPRESSOR,INSTRUMENT,CORRECTIVE,14010331,14010331,14010331,4
133450/1,Comp_B,COMPRESSOR,INSTRUMENT,CORRECTIVE,14010325,14010325,14010325,1
133450,Comp_B,COMPRESSOR,INSTRUMENT,CORRECTIVE,14010325,14010325,14010325,1
133418,Comp_B,COMPRESSOR,MACHINERY,CORRECTIVE,14010325,14010325,14010325,26
133333,Comp_D,RELAY,ELECTRICAL,PREVENTIVE MAINTENANCE,14010324,14010325,14010325,6
133332,Comp_D,RELAY,ELECTRICAL,PREVENTIVE MAINTENANCE,14010324,14010329,14010330,13
133331,Comp_D,RELAY,ELECTRICAL,PREVENTIVE MAINTENANCE,14010324,14010325,14010401,8
133330,Comp_D,RELAY,ELECTRICAL,PREVENTIVE MAINTENANCE,14010324,14010328,14010328,5
133329,Comp_D,RELAY,ELECTRICAL,PREVENTIVE MAINTENANCE,14010324,14010325,14010401,6
133328,Comp_D,RELAY,ELECTRICAL,PREVENTIVE MAINTENANCE,14010324,14010325,14010401,6
133327,Comp_D,RELAY,ELECTRICAL,PREVENTIVE MAINTENANCE,14010324,14010329,14010330,16
133017,Comp_D,ELECTRIC MOTOR,Condition Monitoring,CORRECTIVE,14010321,14010321,14010321,2
132661,Comp_C,BLOWER & FAN,ELECTRICAL,CORRECTIVE,14010311,14010311,14010311,6
132659,Comp_A,COMPRESSOR,MACHINERY,CORRECTIVE,14010311,14010312,14010312,12
132567/7,Comp_D,COMPRESSOR,CRAFT,PREVENTIVE MAINTENANCE,14010425,14010425,14010425,5
132567/6,Comp_D,COMPRESSOR,CRAFT,PREVENTIVE MAINTENANCE,14010420,14010420,14010420,5
132567/5,Comp_D,COMPRESSOR,CRAFT,PREVENTIVE MAINTENANCE,14010413,14010413,14010413,2
132567/4,Comp_D,COMPRESSOR,WORKSHOP,PREVENTIVE MAINTENANCE,14010331,14010331,14010404,7
132567/2,Comp_D,COMPRESSOR,CRAFT,PREVENTIVE MAINTENANCE,14010316,14010405,14010405,23
132567/1,Comp_D,COMPRESSOR,Condition Monitoring,PREVENTIVE MAINTENANCE,14010315,14010321,14010321,4
132567,Comp_D,COMPRESSOR,MACHINERY,PREVENTIVE MAINTENANCE,14010310,14010508,14010508,23
132566/8,Comp_D,COMPRESSOR,CRAFT,PREVENTIVE MAINTENANCE,14010426,14010428,14010428,4
132566/7,Comp_D,COMPRESSOR,WORKSHOP,PREVENTIVE MAINTENANCE,14010413,14010413,14010414,2
132566/6,Comp_D,COMPRESSOR,CRAFT,PREVENTIVE MAINTENANCE,14010404,14010405,14010405,4
132566/1,Comp_D,COMPRESSOR,WORKSHOP,PREVENTIVE MAINTENANCE,14010331,14010331,14010404,10
132566,Comp_D,COMPRESSOR,FIX MECHANICAL,PREVENTIVE MAINTENANCE,14010310,14010423,14010423,124
132565,Comp_D,COMPRESSOR,INSTRUMENT,PREVENTIVE MAINTENANCE,14010310,14010310,14010310,8
132564/9,Comp_D,ELECTRIC MOTOR,CRAFT,PREVENTIVE MAINTENANCE,14010404,14010405,14010405,8
132564/8,Comp_D,ELECTRIC MOTOR,ELECTRICAL,PREVENTIVE MAINTENANCE,14010404,14010404,14010404,2
132564/7,Comp_D,ELECTRIC MOTOR,ELECTRICAL,PREVENTIVE MAINTENANCE,14010402,14010404,14010404,2
132564/6,Comp_D,ELECTRIC MOTOR,FIX MECHANICAL,PREVENTIVE MAINTENANCE,14010402,14010404,14010404,4
132564/5/1,Comp_D,ELECTRIC MOTOR,ELECTRICAL,PREVENTIVE MAINTENANCE,14010405,14010405,14010406,8
132564/5,Comp_D,ELECTRIC MOTOR,ELECTRICAL,PREVENTIVE MAINTENANCE,14010401,14010402,14010402,16
132564/4,Comp_D,ELECTRIC MOTOR,ELECTRICAL,PREVENTIVE MAINTENANCE,14010401,14010406,14010406,9
132564/3/1,Comp_D,ELECTRIC MOTOR,ELECTRICAL,PREVENTIVE MAINTENANCE,14010405,14010405,14010406,8
132564/3,Comp_D,ELECTRIC MOTOR,ELECTRICAL,PREVENTIVE MAINTENANCE,14010401,14010402,14010402,12
132564/2,Comp_D,ELECTRIC MOTOR,ELECTRICAL,PREVENTIVE MAINTENANCE,14010401,14010404,14010404,12
132564/14,Comp_D,ELECTRIC MOTOR,CRAFT,PREVENTIVE MAINTENANCE,14010413,14010414,14010414,6
132564/13,Comp_D,ELECTRIC MOTOR,ELECTRICAL,PREVENTIVE MAINTENANCE,14010411,14010412,14010413,24
132564/10/1,Comp_D,ELECTRIC MOTOR,WORKSHOP,PREVENTIVE MAINTENANCE,14010407,14010407,14010407,1
132564/10,Comp_D,ELECTRIC MOTOR,WORKSHOP,PREVENTIVE MAINTENANCE,14010406,14010407,14010413,13
132564/1,Comp_D,ELECTRIC MOTOR,ELECTRICAL,PREVENTIVE MAINTENANCE,14010331,14010402,14010402,16
132564,Comp_D,ELECTRIC MOTOR,ELECTRICAL,PREVENTIVE MAINTENANCE,14010310,14010321,14010415,58
132488/1,Comp_D,COMPRESSOR,ELECTRICAL,CORRECTIVE,14010309,14010308,14010308,6
132488,Comp_D,COMPRESSOR,ELECTRICAL,CORRECTIVE,14010308,14010308,14010308,12
132357,Comp_B,COMPRESSOR,Condition Monitoring,PREVENTIVE MAINTENANCE,14010305,14010307,14010307,6
132237/1,Comp_A,COMPRESSOR,WORKSHOP,CORRECTIVE,14010303,14010310,14010310,16
132237,Comp_A,COMPRESSOR,FIX MECHANICAL,CORRECTIVE,14010303,14010311,14010311,10
132087,Comp_D,COMPRESSOR,Condition Monitoring,PREVENTIVE MAINTENANCE,14010301,14010307,14010307,6
131896,Comp_A,COMPRESSOR,Condition Monitoring,PREVENTIVE MAINTENANCE,14010227,14010307,14010307,0
130953,Comp_A,COMPRESSOR,FIX MECHANICAL,CORRECTIVE,14010219,14010219,14010219,4
130892,Comp_B,COMPRESSOR,FIX MECHANICAL,CORRECTIVE,14010217,14010217,14010217,4
130882,Comp_E,COMPRESSOR,Condition Monitoring,PREVENTIVE MAINTENANCE,14010216,14010222,14010222,2
130881,Comp_C,COMPRESSOR,Condition Monitoring,PREVENTIVE MAINTENANCE,14010216,14010307,14010307,6
130817,Comp_D,COMPRESSOR,MACHINERY,CORRECTIVE,14010214,14010214,14010214,6
130409/1,Comp_C,SAFETY VALVE,WORKSHOP,PREVENTIVE MAINTENANCE,14010218,14010123,14010127,6
130409,Comp_C,SAFETY VALVE,FIX MECHANICAL,PREVENTIVE MAINTENANCE,14010130,14010208,14010208,3
130408/11,Comp_C,SAFETY VALVE,WORKSHOP,PREVENTIVE MAINTENANCE,14010218,14010123,14010124,8
130408,Comp_C,SAFETY VALVE,FIX MECHANICAL,PREVENTIVE MAINTENANCE,14010130,14010207,14010207,3
130407/1,Comp_C,SAFETY VALVE,WORKSHOP,PREVENTIVE MAINTENANCE,14010218,14010123,14010128,13
130407,Comp_C,SAFETY VALVE,FIX MECHANICAL,PREVENTIVE MAINTENANCE,14010130,14010207,14010207,3
130406/1,Comp_C,SAFETY VALVE,WORKSHOP,PREVENTIVE MAINTENANCE,14010218,14010123,14010127,6
130406,Comp_C,SAFETY VALVE,FIX MECHANICAL,PREVENTIVE MAINTENANCE,14010130,14010208,14010208,3
130259,Comp_B,COMPRESSOR,FIX MECHANICAL,CORRECTIVE,14010125,14010125,14010125,5
130212,Comp_A,PUMP,FIX MECHANICAL,CORRECTIVE,14010124,14010125,14010125,4
130181,Comp_A,COMPRESSOR,Condition Monitoring,CORRECTIVE,14010124,14010124,14010124,1
129788,Comp_C,RELAY,ELECTRICAL,PREVENTIVE MAINTENANCE,14010116,14010120,14010120,6
129787,Comp_C,RELAY,ELECTRICAL,PREVENTIVE MAINTENANCE,14010116,14010120,14010120,6
129786,Comp_C,RELAY,ELECTRICAL,PREVENTIVE MAINTENANCE,14010116,14010116,14010116,6
129785,Comp_C,RELAY,ELECTRICAL,PREVENTIVE MAINTENANCE,14010116,14010117,14010117,6
129784,Comp_C,RELAY,ELECTRICAL,PREVENTIVE MAINTENANCE,14010116,14010121,14010121,14
129783,Comp_C,RELAY,ELECTRICAL,PREVENTIVE MAINTENANCE,14010116,14010116,14010116,6
129782,Comp_C,RELAY,ELECTRICAL,PREVENTIVE MAINTENANCE,14010116,14010117,14010117,6
129715/3,Comp_D,ELECTRIC MOTOR,CRAFT,CORRECTIVE,14010116,14010117,14010117,4
129715/2,Comp_D,ELECTRIC MOTOR,ELECTRICAL,CORRECTIVE,14010116,14010116,14010116,12
129715/1,Comp_D,ELECTRIC MOTOR,CRAFT,CORRECTIVE,14010116,14010117,14010117,4
129715,Comp_D,ELECTRIC MOTOR,ELECTRICAL,CORRECTIVE,14010115,14010115,14010117,12
129619/3,Comp_C,COMPRESSOR,WORKSHOP,PREVENTIVE MAINTENANCE,14010122,14010123,14010124,5
129619/2,Comp_C,COMPRESSOR,CRAFT,PREVENTIVE MAINTENANCE,14010115,14010115,14010115,5
129619/1,Comp_C,COMPRESSOR,Condition Monitoring,PREVENTIVE MAINTENANCE,14010114,14010114,14010114,4
129619,Comp_C,COMPRESSOR,MACHINERY,PREVENTIVE MAINTENANCE,14010110,14010115,14010303,18
129618/9,Comp_C,COMPRESSOR,CRAFT,PREVENTIVE MAINTENANCE,14010206,14010207,14010207,4
129618/8,Comp_C,COMPRESSOR,CRAFT,PREVENTIVE MAINTENANCE,14010206,14010211,14010211,6
129618/7,Comp_C,COMPRESSOR,CRAFT,PREVENTIVE MAINTENANCE,14010129,14010130,14010201,11
129618/6,Comp_C,COMPRESSOR,WORKSHOP,PREVENTIVE MAINTENANCE,14010129,14010130,14010130,4
129618/5,Comp_C,COMPRESSOR,WORKSHOP,PREVENTIVE MAINTENANCE,14010123,14010123,14010123,1
129618/4,Comp_C,COMPRESSOR,WORKSHOP,PREVENTIVE MAINTENANCE,14010123,14010123,14010123,1
129618/3,Comp_C,COMPRESSOR,WORKSHOP,PREVENTIVE MAINTENANCE,14010123,14010123,14010123,1
129618/2/2,Comp_C,COMPRESSOR,CRAFT,PREVENTIVE MAINTENANCE,14010122,14010122,14010122,3
129618/2,Comp_C,COMPRESSOR,CRAFT,PREVENTIVE MAINTENANCE,14010120,14010120,14010120,5
129618/10,Comp_C,COMPRESSOR,CRAFT,PREVENTIVE MAINTENANCE,14010210,14010210,14010210,4
129618/1,Comp_C,COMPRESSOR,WORKSHOP,PREVENTIVE MAINTENANCE,14010110,14010114,14010114,9
129618,Comp_C,COMPRESSOR,FIX MECHANICAL,PREVENTIVE MAINTENANCE,14010110,14010121,14010121,51
129617,Comp_C,ELECTRIC MOTOR,ELECTRICAL,PREVENTIVE MAINTENANCE,14010110,14010115,14010204,47
129616,Comp_C,COMPRESSOR,INSTRUMENT,PREVENTIVE MAINTENANCE,14010110,14010110,14010110,6
129610,Comp_A,HEAT EXCHANGER,INSTRUMENT,CORRECTIVE,14010109,14010110,14010110,0
129603/1,Comp_E,VALVE,WORKSHOP,CORRECTIVE,14010116,14010116,14010116,22
129603,Comp_E,COMPRESSOR,FIX MECHANICAL,CORRECTIVE,14010109,14010116,14010116,8
129418,Comp_C,COMPRESSOR,FIX MECHANICAL,CORRECTIVE,14010102,14010102,14010102,9
129363,Comp_A,PUMP,Condition Monitoring,CORRECTIVE,14001226,14010107,14010107,2
129343,Comp_A,PUMP,FIX MECHANICAL,CORRECTIVE,14001225,14001226,14001226,5
129124,Comp_B,ELECTRIC MOTOR,ELECTRICAL,CORRECTIVE,14001222,14001222,14001222,4
128998/4,Comp_B,COMPRESSOR,CRAFT,CORRECTIVE,14001228,14010106,14010106,11
128998/3,Comp_B,COMPRESSOR,CRAFT,CORRECTIVE,14001228,14001228,14001228,4
128998/2,Comp_B,COMPRESSOR,WORKSHOP,CORRECTIVE,14001223,14001223,14001223,2
128998/1,Comp_B,COMPRESSOR,CRAFT,CORRECTIVE,14001221,14001222,14001222,8
128998,Comp_B,COMPRESSOR,FIX MECHANICAL,CORRECTIVE,14001218,14001218,14001225,100
128966,Comp_A,COMPRESSOR,MACHINERY,CORRECTIVE,14001217,14001126,14001126,12
128918/1,Comp_C,COMPRESSOR,CRAFT,CORRECTIVE,14001216,14001216,14001216,15
128918,Comp_C,COMPRESSOR,MACHINERY,CORRECTIVE,14001216,14001217,14001217,8
128215,Comp_A,COMPRESSOR,FIX MECHANICAL,CORRECTIVE,14001130,14001201,14001201,10
128214,Comp_A,COMPRESSOR,FIX MECHANICAL,CORRECTIVE,14001130,14001130,14001130,5
128203,Comp_A,SAFETY VALVE,FIX MECHANICAL,CORRECTIVE,14001128,14001128,14001128,5
127889,Comp_A,COMPRESSOR,INSTRUMENT,CORRECTIVE,14001120,14001120,14001120,1
127888/4,Comp_A,ELECTRIC MOTOR,WORKSHOP,CORRECTIVE,14001122,14001121,14001123,20
127888/3/1,Comp_A,ELECTRIC MOTOR,INSTRUMENT,CORRECTIVE,14001124,14001201,14001205,16
127888/3,Comp_A,ELECTRIC MOTOR,INSTRUMENT,CORRECTIVE,14001120,14001120,14001120,1
127888/2/1,Comp_A,ELECTRIC MOTOR,WORKSHOP,CORRECTIVE,14001201,14001201,14001203,20
127888/2,Comp_A,ELECTRIC MOTOR,FIX MECHANICAL,CORRECTIVE,14001120,14001121,14001125,25
127888/1,Comp_A,ELECTRIC MOTOR,CRAFT,CORRECTIVE,14001120,14001123,14001123,16
127888,Comp_A,COMPRESSOR,MACHINERY,CORRECTIVE,14001120,14001120,14001128,61
127743,Comp_A,COMPRESSOR,Condition Monitoring,CORRECTIVE,14001117,14001117,14001117,4
127613/1,Comp_A,COMPRESSOR,CRAFT,CORRECTIVE,14001116,14001116,14001116,12
127613,Comp_A,COMPRESSOR,MACHINERY,CORRECTIVE,14001115,14001113,14001113,12
127517,Comp_A,COMPRESSOR,CRAFT,SERVICE,14001113,14001114,14001114,5
127175/1,Comp_C,COMPRESSOR,WORKSHOP,CORRECTIVE,14001106,14001106,14001106,3
127175,Comp_C,COMPRESSOR,FIX MECHANICAL,CORRECTIVE,14001106,14001106,14001106,5
126991,Comp_B,COMPRESSOR,Condition Monitoring,PREVENTIVE MAINTENANCE,14001102,14001104,14001104,6
126990,Comp_D,COMPRESSOR,Condition Monitoring,PREVENTIVE MAINTENANCE,14001102,14001102,14001102,3
126901/3,Comp_C,COMPRESSOR,WORKSHOP,CORRECTIVE,14001102,14001102,14001102,3
126901/2,Comp_C,COMPRESSOR,WORKSHOP,CORRECTIVE,14001030,14001103,14001103,1
126901/1,Comp_C,COMPRESSOR,CRAFT,CORRECTIVE,14001030,14001030,14001030,28
126901,Comp_C,COMPRESSOR,MACHINERY,CORRECTIVE,14001030,14001030,14001102,52
126866,Comp_D,COMPRESSOR,MACHINERY,CORRECTIVE,14001029,14001029,14001029,6
126721,Comp_C,COMPRESSOR,FIX MECHANICAL,CORRECTIVE,14001026,14001026,14001026,5
126659/2,Comp_C,COMPRESSOR,WORKSHOP,CORRECTIVE,14001025,14001025,14001026,6
126659/1,Comp_C,COMPRESSOR,CRAFT,CORRECTIVE,14001025,14001025,14001025,10
126659,Comp_C,COMPRESSOR,MACHINERY,CORRECTIVE,14001025,14001025,14001027,52
126270/5,Comp_A,ELECTRIC MOTOR,CRAFT,CORRECTIVE,14001109,14001110,14001110,4
126270/4,Comp_A,ELECTRIC MOTOR,WORKSHOP,CORRECTIVE,14001105,14001107,14001109,6
126270/3,Comp_A,ELECTRIC MOTOR,ELECTRICAL,CORRECTIVE,14001018,14001025,14001102,144
126270/2/1,Comp_A,ELECTRIC MOTOR,WORKSHOP,CORRECTIVE,14001018,14001020,14001020,8
126270/2,Comp_A,ELECTRIC MOTOR,WORKSHOP,CORRECTIVE,14001016,14001018,14001106,16
126270/1,Comp_A,ELECTRIC MOTOR,MACHINERY,CORRECTIVE,14001015,14001016,14001016,2
126270,Comp_A,ELECTRIC MOTOR,ELECTRICAL,CORRECTIVE,14001015,14001015,14001015,16
126250,Comp_A,ELECTRIC MOTOR,CRAFT,SERVICE,14001015,14001016,14001016,2
125783,Comp_B,COMPRESSOR,FIX MECHANICAL,CORRECTIVE,14001006,14001006,14001006,10
125711,Comp_C,COMPRESSOR,MACHINERY,CORRECTIVE,14001004,14001004,14001004,20
125468,Comp_D,ELECTRIC MOTOR,ELECTRICAL,CORRECTIVE,14000928,14000928,14000928,9
125118,Comp_E,COMPRESSOR,Condition Monitoring,PREVENTIVE MAINTENANCE,14000922,14001015,14001015,4
125117,Comp_A,COMPRESSOR,Condition Monitoring,PREVENTIVE MAINTENANCE,14000922,14001023,14001023,3
125116,Comp_C,COMPRESSOR,Condition Monitoring,PREVENTIVE MAINTENANCE,14000922,14001014,14001014,4
125024,Comp_C,COMPRESSOR,MACHINERY,CORRECTIVE,14000921,14000921,14000921,6
124961,Comp_B,COMPRESSOR,INSTRUMENT,CORRECTIVE,14000920,14000920,14000920,4
124918,Comp_A,ELECTRIC MOTOR,ELECTRICAL,SERVICE,14000918,14000920,14000920,12
124803/1,Comp_C,COMPRESSOR,CRAFT,CORRECTIVE,14000916,14000916,14000916,8
124803,Comp_C,COMPRESSOR,MACHINERY,CORRECTIVE,14000916,14000916,14000916,12
124768,Comp_A,RELAY,ELECTRICAL,PREVENTIVE MAINTENANCE,14000915,14000914,14000917,13
124767,Comp_A,RELAY,ELECTRICAL,PREVENTIVE MAINTENANCE,14000915,14000920,14000920,6
124766,Comp_A,RELAY,ELECTRICAL,PREVENTIVE MAINTENANCE,14000915,14000917,14000917,6
124765,Comp_A,RELAY,ELECTRICAL,PREVENTIVE MAINTENANCE,14000915,14000913,14000913,6
124764,Comp_A,RELAY,ELECTRICAL,PREVENTIVE MAINTENANCE,14000915,14000914,14000914,6
124763,Comp_A,RELAY,ELECTRICAL,PREVENTIVE MAINTENANCE,14000915,14000915,14000915,6
124762,Comp_A,RELAY,ELECTRICAL,PREVENTIVE MAINTENANCE,14000915,14000916,14000916,6
124747,Comp_E,ELECTRICAL SWITCH,INSTRUMENT,CORRECTIVE,14000915,14000915,14000915,4
124628,Comp_D,COMPRESSOR,Condition Monitoring,CORRECTIVE,14000912,14000912,14000912,2
124398,Comp_B,COMPRESSOR,MACHINERY,CORRECTIVE,14000907,14000907,14000907,3
124225,Comp_D,COMPRESSOR,INSTRUMENT,CORRECTIVE,14000903,14000908,14000908,4
124119,Comp_E,COMPRESSOR,FIX MECHANICAL,CORRECTIVE,14000902,14000816,14000816,5
123960,Comp_B,ELECTRIC MOTOR,ELECTRICAL,CORRECTIVE,14000829,14000829,14000829,3
123957,Comp_B,COMPRESSOR,ELECTRICAL,CORRECTIVE,14000828,14000828,14000828,1
123911,Comp_E,COMPRESSOR,CRAFT,SERVICE,14000826,14000904,14000904,8
123710,Comp_E,COMPRESSOR,FIX MECHANICAL,CORRECTIVE,14000823,14000822,14000822,5
123682/1,Comp_A,SAFETY VALVE,WORKSHOP,PREVENTIVE MAINTENANCE,14000908,14000910,14000915,15
123682,Comp_A,SAFETY VALVE,FIX MECHANICAL,PREVENTIVE MAINTENANCE,14000822,14001001,14001001,5
123681/1,Comp_A,SAFETY VALVE,WORKSHOP,PREVENTIVE MAINTENANCE,14000908,14000910,14000915,10
123681,Comp_A,SAFETY VALVE,FIX MECHANICAL,PREVENTIVE MAINTENANCE,14000822,14001001,14001001,5
123680/1/1,Comp_A,SAFETY VALVE,WORKSHOP,PREVENTIVE MAINTENANCE,14000916,14000917,14000918,5
123680/1,Comp_A,SAFETY VALVE,WORKSHOP,PREVENTIVE MAINTENANCE,14000908,14000910,14000920,13
123680,Comp_A,SAFETY VALVE,FIX MECHANICAL,PREVENTIVE MAINTENANCE,14000822,14001001,14001001,5
123679/1,Comp_A,SAFETY VALVE,WORKSHOP,PREVENTIVE MAINTENANCE,14000908,14000908,14000916,6
123679,Comp_A,SAFETY VALVE,FIX MECHANICAL,PREVENTIVE MAINTENANCE,14000822,14001001,14001001,5
123639,Comp_E,COMPRESSOR,FIX MECHANICAL,CORRECTIVE,14000821,14010114,14010114,4
123494,Comp_B,COMPRESSOR,FIX MECHANICAL,CORRECTIVE,14000818,14000825,14000825,30
123221/1,Comp_E,ELECTRIC MOTOR,ELECTRICAL,CORRECTIVE,14000815,14000818,14000818,6
123221,Comp_E,ELECTRIC MOTOR,ELECTRICAL,CORRECTIVE,14000815,14000815,14000823,12
123164/7,Comp_A,COMPRESSOR,INSTRUMENT,PREVENTIVE MAINTENANCE,14001021,14001021,14001021,14
123164/6,Comp_A,COMPRESSOR,WORKSHOP,PREVENTIVE MAINTENANCE,14001021,14001022,14001022,4
123164/5,Comp_A,COMPRESSOR,CRAFT,PREVENTIVE MAINTENANCE,14001020,14001021,14001021,6
123164/4,Comp_A,COMPRESSOR,WORKSHOP,PREVENTIVE MAINTENANCE,14001009,14001013,14001013,4
123164/3,Comp_A,COMPRESSOR,WORKSHOP,PREVENTIVE MAINTENANCE,14001008,14001009,14001009,2
123164/2,Comp_A,COMPRESSOR,WORKSHOP,PREVENTIVE MAINTENANCE,14000904,14000907,14000907,6
123164/1,Comp_A,COMPRESSOR,CRAFT,PREVENTIVE MAINTENANCE,14000902,14000902,14000902,4
123164,Comp_A,COMPRESSOR,MACHINERY,PREVENTIVE MAINTENANCE,14000812,14000901,14001013,249
123163/7,Comp_A,COMPRESSOR,WORKSHOP,PREVENTIVE MAINTENANCE,14001026,14001026,14001026,6
123163/6,Comp_A,COMPRESSOR,CRAFT,PREVENTIVE MAINTENANCE,14001007,14001007,14001007,8
123163/5,Comp_A,COMPRESSOR,CRAFT,PREVENTIVE MAINTENANCE,14000922,14000924,14000926,20
123163/4,Comp_A,COMPRESSOR,CRAFT,PREVENTIVE MAINTENANCE,14000921,14000922,14000922,8
123163/3,Comp_A,COMPRESSOR,CRAFT,PREVENTIVE MAINTENANCE,14000917,14010108,14010108,9
123163/2,Comp_A,COMPRESSOR,WORKSHOP,PREVENTIVE MAINTENANCE,14000914,14000915,14000915,8
123163/1/1,Comp_A,COMPRESSOR,WORKSHOP,PREVENTIVE MAINTENANCE,14000911,14000911,14000911,10
123163/1,Comp_A,COMPRESSOR,WORKSHOP,PREVENTIVE MAINTENANCE,14000909,14000921,14000921,47
123163,Comp_A,COMPRESSOR,FIX MECHANICAL,PREVENTIVE MAINTENANCE,14000812,14001026,14001026,130
123162/6,Comp_A,ELECTRIC MOTOR,CRAFT,PREVENTIVE MAINTENANCE,14000910,14000911,14000911,8
123162/5,Comp_A,ELECTRIC MOTOR,Condition Monitoring,PREVENTIVE MAINTENANCE,14000907,14000908,14000908,1
123162/4,Comp_A,ELECTRIC MOTOR,ELECTRICAL,PREVENTIVE MAINTENANCE,14000902,14000920,14000920,12
123162/3,Comp_A,ELECTRIC MOTOR,CRAFT,PREVENTIVE MAINTENANCE,14000901,14000902,14000902,4
123162/2,Comp_A,ELECTRIC MOTOR,Condition Monitoring,PREVENTIVE MAINTENANCE,14000815,14000816,14000816,2
123162/1,Comp_A,ELECTRIC MOTOR,Condition Monitoring,PREVENTIVE MAINTENANCE,14000815,14000816,14000816,2
123162,Comp_A,ELECTRIC MOTOR,ELECTRICAL,PREVENTIVE MAINTENANCE,14000812,14000815,14000911,56
123161,Comp_A,COMPRESSOR,INSTRUMENT,PREVENTIVE MAINTENANCE,14000812,14000812,14000812,8
123010,Comp_A,COMPRESSOR,FIX MECHANICAL,CORRECTIVE,14000810,14000810,14000810,10
122823/3,Comp_C,COMPRESSOR,WORKSHOP,CORRECTIVE,14000809,14000809,14000812,3
122823/2,Comp_C,COMPRESSOR,CRAFT,CORRECTIVE,14000809,14000809,14000809,12
122823/1,Comp_C,COMPRESSOR,INSTRUMENT,CORRECTIVE,14000806,14000812,14000812,20
122823,Comp_C,COMPRESSOR,MACHINERY,CORRECTIVE,14000805,14000809,14000810,42
122667,Comp_E,COMPRESSOR,OVERHAUL,CORRECTIVE,14000803,14000812,14000813,40
122482/8,Comp_C,COMPRESSOR,WORKSHOP,CORRECTIVE,14000803,14000804,14000805,2
122482/7,Comp_C,COMPRESSOR,FIX MECHANICAL,CORRECTIVE,14000803,14000803,14000803,15
122482/6,Comp_C,COMPRESSOR,CRAFT,CORRECTIVE,14000802,14000803,14000803,4
122482/5,Comp_C,COMPRESSOR,WORKSHOP,CORRECTIVE,14000802,14000803,14000803,6
122482/4,Comp_C,COMPRESSOR,CRAFT,CORRECTIVE,14000802,14000803,14000803,8
122482/3,Comp_C,COMPRESSOR,WORKSHOP,CORRECTIVE,14000729,14000803,14000803,15
122482/2,Comp_C,COMPRESSOR,FIX MECHANICAL,CORRECTIVE,14000728,14000728,14000728,15
122482/1,Comp_C,COMPRESSOR,CRAFT,CORRECTIVE,14000728,14000728,14000729,39
122482,Comp_C,COMPRESSOR,MACHINERY,CORRECTIVE,14000728,14000728,14000803,150
122088,Comp_A,COMPRESSOR,FIX MECHANICAL,CORRECTIVE,14000722,14000722,14000722,10
121946,Comp_D,COMPRESSOR,MACHINERY,CORRECTIVE,14000719,14000720,14000720,6
121849,Comp_A,COMPRESSOR,FIX MECHANICAL,CORRECTIVE,14000716,14000801,14000801,10
121726,Comp_D,ELECTRIC MOTOR,ELECTRICAL,CORRECTIVE,14000712,14000712,14000712,6
121486,Comp_A,COMPRESSOR,INSTRUMENT,SHIFT SHAB,14000705,14000705,14000705,5
121370,Comp_D,COMPRESSOR,Condition Monitoring,PREVENTIVE MAINTENANCE,14000702,14000702,14000702,1
121369,Comp_B,COMPRESSOR,Condition Monitoring,PREVENTIVE MAINTENANCE,14000702,14000702,14000702,1
121314,Comp_E,COMPRESSOR,Condition Monitoring,CORRECTIVE,14000631,14000631,14000631,2
121031,Comp_C,COMPRESSOR,INSTRUMENT,CORRECTIVE,14000623,14000709,14000709,1
120938/2,Comp_C,COMPRESSOR,WORKSHOP,SERVICE,14000622,14000627,14000627,4
120938/1,Comp_C,COMPRESSOR,CRAFT,SERVICE,14000621,14000621,14000622,40
120938,Comp_C,COMPRESSOR,MACHINERY,CORRECTIVE,14000620,14000621,14000622,135
120351/2,Comp_E,COMPRESSOR,WORKSHOP,CORRECTIVE,14000630,14000909,14000909,440
120318,Comp_E,COMPRESSOR,FIX MECHANICAL,CORRECTIVE,14000611,14000804,14000804,5
120317/1,Comp_D,COMPRESSOR,WORKSHOP,SERVICE,14000613,14000614,14000614,8
120317,Comp_D,COMPRESSOR,FIX MECHANICAL,CORRECTIVE,14000611,14000611,14000611,10
120277/1,Comp_D,COMPRESSOR,CRAFT,SERVICE,14000611,14000611,14000611,8
120277,Comp_D,COMPRESSOR,MACHINERY,CORRECTIVE,14000610,14000611,14000611,24
120269/1,Comp_D,SAFETY VALVE,WORKSHOP,PREVENTIVE MAINTENANCE,14000611,14000613,14000613,5
120269,Comp_D,SAFETY VALVE,FIX MECHANICAL,PREVENTIVE MAINTENANCE,14000609,14000617,14000617,5
120268/1,Comp_D,SAFETY VALVE,WORKSHOP,PREVENTIVE MAINTENANCE,14000611,14000611,14000613,6
120268,Comp_D,SAFETY VALVE,FIX MECHANICAL,PREVENTIVE MAINTENANCE,14000609,14000617,14000617,5
120267/1,Comp_D,SAFETY VALVE,WORKSHOP,PREVENTIVE MAINTENANCE,14000611,14000613,14000613,5
120267,Comp_D,SAFETY VALVE,FIX MECHANICAL,PREVENTIVE MAINTENANCE,14000609,14000617,14000617,5
120266/1,Comp_D,SAFETY VALVE,WORKSHOP,PREVENTIVE MAINTENANCE,14000611,14000611,14000614,8
120266,Comp_D,SAFETY VALVE,FIX MECHANICAL,PREVENTIVE MAINTENANCE,14000609,14000617,14000617,5
120197/1,Comp_E,ELECTRIC MOTOR,ELECTRICAL,CORRECTIVE,14000609,14000611,14000611,12
120197,Comp_E,ELECTRIC MOTOR,ELECTRICAL,CORRECTIVE,14000608,14000608,14000615,12
119994,Comp_B,HEAT EXCHANGER,FIX MECHANICAL,CORRECTIVE,14000603,14000602,14000602,4
119374,Comp_B,COMPRESSOR,MACHINERY,CORRECTIVE,14000516,14000517,14000517,1
119359/1,Comp_C,COMPRESSOR,CRAFT,CORRECTIVE,14000516,14000517,14000517,12
119359,Comp_C,COMPRESSOR,MACHINERY,CORRECTIVE,14000516,14000517,14000517,24
119196,Comp_E,COMPRESSOR,Condition Monitoring,PREVENTIVE MAINTENANCE,14000514,14000514,14000514,3
118243,Comp_B,COMPRESSOR,FIX MECHANICAL,CORRECTIVE,14000506,14000506,14000506,10
117968,Comp_D,ELECTRIC MOTOR,INSTRUMENT,CORRECTIVE,14000501,14000501,14000501,1
117804,Comp_C,COMPRESSOR,Condition Monitoring,PREVENTIVE MAINTENANCE,14000429,14000514,14000514,2
117287/1,Comp_E,COMPRESSOR,WORKSHOP,CORRECTIVE,14000421,14000422,14000422,9
117287,Comp_E,COMPRESSOR,FIX MECHANICAL,CORRECTIVE,14000417,14000427,14000427,5
116572,Comp_D,COMPRESSOR,INSTRUMENT,CORRECTIVE,14000402,14000402,14000402,0
116513,Comp_C,COMPRESSOR,INSTRUMENT,CORRECTIVE,14000401,14000401,14000401,2
116436,Comp_D,COMPRESSOR,MACHINERY,CORRECTIVE,14000331,14000331,14000331,2
116288,Comp_D,COMPRESSOR,MACHINERY,CORRECTIVE,14000326,14000316,14000316,6
116287,Comp_D,COMPRESSOR,MACHINERY,CORRECTIVE,14000326,14000320,14000320,9
116226,Comp_D,COMPRESSOR,INSTRUMENT,CORRECTIVE,14000325,14000325,14000325,2
115609,Comp_D,COMPRESSOR,MACHINERY,CORRECTIVE,14000310,14000310,14000310,6
115424,Comp_A,COMPRESSOR,Condition Monitoring,PREVENTIVE MAINTENANCE,14000304,14000514,14000514,1
115417,Comp_D,COMPRESSOR,Condition Monitoring,PREVENTIVE MAINTENANCE,14000304,14000304,14000304,2
115416,Comp_B,COMPRESSOR,Condition Monitoring,PREVENTIVE MAINTENANCE,14000304,14000304,14000304,0
114995,Comp_B,RELAY,ELECTRICAL,PREVENTIVE MAINTENANCE,14000229,14000227,14000227,6
114994,Comp_B,RELAY,ELECTRICAL,PREVENTIVE MAINTENANCE,14000229,14000228,14000228,6
114993,Comp_B,RELAY,ELECTRICAL,PREVENTIVE MAINTENANCE,14000229,14000228,14000228,6
114992,Comp_B,RELAY,ELECTRICAL,PREVENTIVE MAINTENANCE,14000229,14000229,14000229,6
114991,Comp_B,RELAY,ELECTRICAL,PREVENTIVE MAINTENANCE,14000229,14000226,14000226,6
114990,Comp_B,RELAY,ELECTRICAL,PREVENTIVE MAINTENANCE,14000229,14000229,14000229,6
114989,Comp_B,RELAY,ELECTRICAL,PREVENTIVE MAINTENANCE,14000229,14000226,14000226,6
114355,Comp_A,COMPRESSOR,FIX MECHANICAL,CORRECTIVE,14000222,14000121,14000121,5
114353,Comp_C,COMPRESSOR,FIX MECHANICAL,CORRECTIVE,14000222,14000207,14000207,5
114352,Comp_E,COMPRESSOR,FIX MECHANICAL,CORRECTIVE,14000222,14000206,14000206,5
114351,Comp_D,COMPRESSOR,FIX MECHANICAL,CORRECTIVE,14000222,14000201,14000201,15
114348,Comp_C,COMPRESSOR,FIX MECHANICAL,CORRECTIVE,14000222,14000208,14000208,5
114268/1,Comp_B,SAFETY VALVE,WORKSHOP,PREVENTIVE MAINTENANCE,14000222,14000220,14000222,3
114268,Comp_B,SAFETY VALVE,FIX MECHANICAL,PREVENTIVE MAINTENANCE,14000221,14000227,14000227,10
114267/1,Comp_B,SAFETY VALVE,WORKSHOP,PREVENTIVE MAINTENANCE,14000222,14000220,14000222,3
114267,Comp_B,SAFETY VALVE,FIX MECHANICAL,PREVENTIVE MAINTENANCE,14000221,14000227,14000227,10
114265/1,Comp_B,SAFETY VALVE,WORKSHOP,PREVENTIVE MAINTENANCE,14000222,14000220,14000222,3
114265,Comp_B,SAFETY VALVE,FIX MECHANICAL,PREVENTIVE MAINTENANCE,14000221,14000227,14000227,10
114264/1,Comp_B,SAFETY VALVE,WORKSHOP,PREVENTIVE MAINTENANCE,14000222,14000220,14000222,3
114264,Comp_B,SAFETY VALVE,FIX MECHANICAL,PREVENTIVE MAINTENANCE,14000221,14000227,14000227,10
114132,Comp_A,COMPRESSOR,INSTRUMENT,CORRECTIVE,14000218,14000218,14000218,8
114023,Comp_C,COMPRESSOR,INSTRUMENT,CORRECTIVE,14000213,14000213,14000213,8
113958,Comp_B,COMPRESSOR,INSTRUMENT,PREVENTIVE MAINTENANCE,14000211,14000215,14000215,8
113957/3,Comp_B,ELECTRIC MOTOR,CRAFT,PREVENTIVE MAINTENANCE,14000219,14000220,14000220,8
113957/2,Comp_B,ELECTRIC MOTOR,Condition Monitoring,PREVENTIVE MAINTENANCE,14000212,14000212,14000212,1
113957/1,Comp_B,ELECTRIC MOTOR,ELECTRICAL,PREVENTIVE MAINTENANCE,14000212,14000213,14000213,12
113957,Comp_B,ELECTRIC MOTOR,ELECTRICAL,PREVENTIVE MAINTENANCE,14000211,14000212,14000309,25
113655/5,Comp_C,PUMP,ELECTRICAL,CORRECTIVE,14000207,14000209,14000209,12
113655/4,Comp_C,PUMP,CRAFT,CORRECTIVE,14000206,14000206,14000206,3
113655/3,Comp_C,PUMP,CRAFT,CORRECTIVE,14000205,14000206,14000206,4
113655/2,Comp_C,PUMP,WORKSHOP,CORRECTIVE,14000204,14000206,14000331,20
113655/1,Comp_C,PUMP,CRAFT,CORRECTIVE,14000202,14000202,14000202,4
113655,Comp_C,PUMP,ELECTRICAL,CORRECTIVE,14000202,14000202,14000208,8
113647,Comp_D,ELECTRIC MOTOR,ELECTRICAL,CORRECTIVE,14000201,14000201,14000201,3
113396,Comp_B,COMPRESSOR,INSTRUMENT,CORRECTIVE,14000125,14000125,14000125,2
113256/1,Comp_E,SAFETY VALVE,WORKSHOP,PREVENTIVE MAINTENANCE,14000124,14000125,14000125,8
113256,Comp_E,SAFETY VALVE,FIX MECHANICAL,PREVENTIVE MAINTENANCE,14000123,14000125,14000125,5
113192,Comp_C,COMPRESSOR,FIX MECHANICAL,CORRECTIVE,14000122,14000122,14000122,5
112416,Comp_E,COMPRESSOR,Condition Monitoring,PREVENTIVE MAINTENANCE,14000116,14000116,14000116,2
112399,Comp_D,COMPRESSOR,MACHINERY,CORRECTIVE,14000116,14000116,14000116,2
112393/1,Comp_E,ELECTRIC MOTOR,Condition Monitoring,PREVENTIVE MAINTENANCE,14000116,14000116,14000116,2
112393,Comp_E,ELECTRIC MOTOR,ELECTRICAL,PREVENTIVE MAINTENANCE,14000116,14000116,14000125,39
112392/6,Comp_E,COMPRESSOR,WORKSHOP,PREVENTIVE MAINTENANCE,14000124,14000125,14000125,8
112392/2,Comp_E,COMPRESSOR,WORKSHOP,PREVENTIVE MAINTENANCE,14000118,14000117,14000119,5
112392/1,Comp_E,COMPRESSOR,Condition Monitoring,PREVENTIVE MAINTENANCE,14000116,14000116,14000116,3
112392,Comp_E,COMPRESSOR,MACHINERY,PREVENTIVE MAINTENANCE,14000116,14000211,14000416,176
112391/3,Comp_E,COMPRESSOR,WORKSHOP,PREVENTIVE MAINTENANCE,14000124,14000125,14000125,6
112391/2,Comp_E,COMPRESSOR,WORKSHOP,PREVENTIVE MAINTENANCE,14000124,14000124,14000229,24
112391/1,Comp_E,COMPRESSOR,WORKSHOP,PREVENTIVE MAINTENANCE,14000124,14000125,14000125,3
112391,Comp_E,COMPRESSOR,FIX MECHANICAL,PREVENTIVE MAINTENANCE,14000116,14000124,14000124,15
112390,Comp_E,COMPRESSOR,INSTRUMENT,PREVENTIVE MAINTENANCE,14000116,14000116,14000125,80
112238,Comp_D,COMPRESSOR,CRAFT,CORRECTIVE,14000111,14000117,14000117,18
112199,Comp_B,ELECTRIC MOTOR,ELECTRICAL,PREVENTIVE MAINTENANCE,14000111,13991121,14000115,59
112052,Comp_B,COMPRESSOR,INSTRUMENT,PREVENTIVE MAINTENANCE,14000108,14000108,14000108,20
112051/5,Comp_B,COMPRESSOR,CRAFT,PREVENTIVE MAINTENANCE,14000226,14000227,14000227,8
112051/4,Comp_B,COMPRESSOR,CRAFT,PREVENTIVE MAINTENANCE,14000226,14000226,14000226,6
112051/3,Comp_B,COMPRESSOR,CRAFT,PREVENTIVE MAINTENANCE,14000222,14000226,14000228,16
112051/2,Comp_B,COMPRESSOR,CRAFT,PREVENTIVE MAINTENANCE,14000221,14000222,14000222,3
112051/1,Comp_B,COMPRESSOR,INSTRUMENT,PREVENTIVE MAINTENANCE,14000218,14000218,14000218,2
112051,Comp_B,COMPRESSOR,FIX MECHANICAL,PREVENTIVE MAINTENANCE,14000108,14000311,14000311,180
112050/4,Comp_B,COMPRESSOR,WORKSHOP,PREVENTIVE MAINTENANCE,14000302,14000303,14000304,3
112050/3,Comp_B,COMPRESSOR,WORKSHOP,PREVENTIVE MAINTENANCE,14000220,14000313,14000313,10
112050/2,Comp_B,COMPRESSOR,WORKSHOP,PREVENTIVE MAINTENANCE,14000219,14000221,14000221,12
112050/1/1,Comp_B,COMPRESSOR,CRAFT,PREVENTIVE MAINTENANCE,14000211,14000211,14000211,12
112050,Comp_B,COMPRESSOR,MACHINERY,PREVENTIVE MAINTENANCE,14000108,14000211,14000309,160
111875/1,Comp_C,COMPRESSOR,CRAFT,CORRECTIVE,14000102,14000103,14000103,4
111875,Comp_C,COMPRESSOR,MACHINERY,CORRECTIVE,14000102,14000103,14000103,20
