Timestamp,Equipment Type,Temperature,Pressure,Vibration,Humidity,Flow Rate,Failure Mode,Failure Occurred
2023-01-01 00:00:00,Pipeline,45.930117806783585,47.477886583514156,1.5468909369036528,64.62702943355708,28.93615217834342,Leakage,1
2023-01-01 01:00:00,Heat Exchanger,71.25177943378193,42.400536001905074,2.6532770338672504,35.176389464012736,80.6743059319067,None,0
2023-01-01 02:00:00,Valve,64.61456179156028,54.63128745542196,1.1507747157998747,51.52823283413201,19.973044255297197,None,0
2023-01-01 03:00:00,Heat Exchanger,58.687241845390545,48.0699871217528,2.3921423766318757,54.722953553363155,90.56353600812523,None,0
2023-01-01 04:00:00,Heat Exchanger,62.62573361777427,50.91049122907931,1.3673939820009018,80.11423900944305,85.6379523286715,None,0
2023-01-01 05:00:00,Compressor,76.0940847183297,44.820190356966805,2.9428942582427635,60.80354412754061,71.0926609274547,None,0
2023-01-01 06:00:00,Valve,88.28640828248231,52.179738148577364,1.2277001365471882,73.86398239790748,16.067316442856306,None,0
2023-01-01 07:00:00,Valve,78.1318447386498,46.19029380932458,2.576125325936374,31.14044400154028,28.771212549603547,Wear & Tear,1
2023-01-01 08:00:00,Valve,68.9349661178426,49.291456391490875,1.959182819994378,57.869560177698936,87.34254361219683,Leakage,1
2023-01-01 09:00:00,Heat Exchanger,79.55904195170703,54.38913015619563,1.816698715080628,84.07905990981506,20.97769908723356,None,0
2023-01-01 10:00:00,Pipeline,70.40909689781009,53.95379656116265,2.0926983282338805,43.45883455834711,24.033888667721804,Overheating,1
2023-01-01 11:00:00,Valve,68.05399630836855,49.889849637415296,2.3159501695789064,31.891331118426777,58.96029913799687,None,0
2023-01-01 12:00:00,Heat Exchanger,63.456373317670156,41.15934483646641,1.5477997488345652,56.00452402280858,34.67596957069094,None,0
2023-01-01 13:00:00,Compressor,57.48171193248281,64.9640528503032,1.592106137415714,72.26590923885573,29.986812994953656,None,0
2023-01-01 14:00:00,Pipeline,71.10076293440555,58.72929485136568,2.324802432556443,57.26781041048817,61.82320886633625,None,0
2023-01-01 15:00:00,Compressor,76.58053489920133,53.61337412444149,1.1463285231752,57.59869881067595,43.53190088122261,Electrical Failure,1
2023-01-01 16:00:00,Pipeline,74.0337632998511,46.23398109204515,1.7078854534039574,70.18830247429918,22.650390709270184,Corrosion,1
2023-01-01 17:00:00,Heat Exchanger,70.84033072052641,49.432039191490176,3.52034347707972,45.263328496982936,58.1368390790918,None,0
2023-01-01 18:00:00,Pump,65.54253939303219,47.28289785111742,1.5159935177053596,75.11338749851865,44.83111629507604,None,0
2023-01-01 19:00:00,Pipeline,81.08246191684968,56.31927969548194,2.573901395879876,39.18681185434401,76.10650968463925,None,0
2023-01-01 20:00:00,Compressor,61.82868080053415,51.31251445425917,1.707024615643094,53.74503631715926,19.247989808853028,None,0
2023-01-01 21:00:00,Heat Exchanger,82.76027913843475,46.07918070820084,2.254522572398572,69.36048650825508,65.85519195513766,None,0
2023-01-01 22:00:00,Pipeline,64.97782981073276,47.64622450437609,2.3271778452981087,79.70214043381186,49.28439942489229,Overheating,1
2023-01-01 23:00:00,Pump,67.47564762646965,55.605940712849524,2.564478367591474,77.49186426990332,46.54556875471637,None,0
2023-01-02 00:00:00,Pump,60.33214809384323,58.00048923410239,1.8998730865936122,73.30113595846187,30.905891920750708,Overheating,1
2023-01-02 01:00:00,Valve,69.98597853114363,57.64165781743123,2.9944423193774266,51.54578301218346,12.738342538244002,None,0
2023-01-02 02:00:00,Valve,84.75312458477978,53.785160325269885,1.7053317177074099,37.33825897762343,86.2920274928181,None,0
2023-01-02 03:00:00,Compressor,80.15628088443957,48.736875655986815,2.11711020679978,43.010053061579434,39.37690774309833,Corrosion,1
2023-01-02 04:00:00,Pipeline,84.78422112028035,33.7924308733544,2.122638466108804,81.89002887458909,71.29819357568624,None,0
2023-01-02 05:00:00,Pipeline,80.22142545933936,51.48580011904111,1.4390159400252922,81.43988220795957,95.28286597990366,None,0
2023-01-02 06:00:00,Valve,63.96330171469631,49.9908562057795,1.8570638725104396,87.09365115234095,60.84912682739185,None,0
2023-01-02 07:00:00,Pipeline,71.69210775672443,50.69991048160677,2.0807567496192036,34.5593191137325,45.743221226787966,None,0
2023-01-02 08:00:00,Pipeline,67.19800870882537,50.26948673516603,1.7839394784352902,62.208545116647365,34.14462097138333,Wear & Tear,1
2023-01-02 09:00:00,Pump,88.3057490403904,43.368689190254216,3.2204619827282674,68.92098269425401,94.0639413382744,None,0
2023-01-02 10:00:00,Valve,63.03211353573688,52.78704278425593,1.5806881632002345,72.6394426240114,71.38691362460285,Leakage,1
2023-01-02 11:00:00,Heat Exchanger,83.93697689389111,53.161081570159254,2.589712234070214,68.63179410062581,69.87532539309035,None,0
2023-01-02 12:00:00,Valve,83.9295387010877,53.4116939102983,2.4282299065743933,76.20068339413692,48.35424926307493,None,0
2023-01-02 13:00:00,Heat Exchanger,93.29620201716088,54.732885017866934,1.9930689327478643,51.56829457736049,86.05438415806876,None,0
2023-01-02 14:00:00,Pump,70.90313407370503,53.02025822460811,1.5673954730738766,40.765966328128926,74.23049683085384,Wear & Tear,1
2023-01-02 15:00:00,Compressor,82.12322159580162,47.94985294230545,1.615872339804115,42.275002329026314,35.48649446029145,None,0
2023-01-02 16:00:00,Pipeline,97.81651836538842,49.64581576041955,1.741016350391745,30.71872136820986,63.96207940225432,Leakage,1
2023-01-02 17:00:00,Pump,68.82358323066303,50.45562433626689,1.1071293590268685,51.01931232637334,48.717455914113906,None,0
2023-01-02 18:00:00,Pipeline,59.6495975246764,50.538497245533094,1.4982672871003548,35.504643052798635,10.593114654674173,None,0
2023-01-02 19:00:00,Compressor,56.19989966092236,54.99108827985865,1.2587617423181787,49.28932156741145,82.68610883516176,None,0
2023-01-02 20:00:00,Compressor,82.12712028861331,53.21834376511245,2.6729375015888586,67.69260462997487,21.054731402773072,None,0
2023-01-02 21:00:00,Pump,56.168497919414165,60.38671719784976,2.3092311961941094,83.6686833352092,55.895905540235276,None,0
2023-01-02 22:00:00,Compressor,71.27680947062078,61.032344899423364,2.39298704943273,80.37632705943099,40.260357377633404,None,0
2023-01-02 23:00:00,Heat Exchanger,79.37313187038961,50.398247913069625,2.2944159757709737,45.16045271745462,40.78801370806097,None,0
2023-01-03 00:00:00,Compressor,76.85175536829914,30.81672225770315,2.0834838116670817,38.044988531882815,52.96283950724272,Overheating,1
2023-01-03 01:00:00,Pipeline,79.25444864184172,56.18416233063633,2.7303401660645683,41.584336427803876,99.73207936177705,None,0
2023-01-03 02:00:00,Pipeline,77.22289855800854,47.298118305064726,1.6946186721341314,88.25919911421641,46.75417125683282,Electrical Failure,1
2023-01-03 03:00:00,Pipeline,87.78865813313394,45.992580390844964,2.0533348276835226,62.968468781129445,26.409630683491518,None,0
2023-01-03 04:00:00,Pipeline,65.47683619261203,48.00777362505317,2.3735294139120615,40.95013338003449,65.2245704244432,None,0
2023-01-03 05:00:00,Heat Exchanger,68.23004861541469,47.76678476592697,1.3393953840719355,80.4447692812089,31.265893723556914,None,0
2023-01-03 06:00:00,Valve,67.27340554729176,53.061349050526964,3.5482944480712746,53.711474658753296,19.499422304165535,None,0
2023-01-03 07:00:00,Pump,83.3019181186261,42.20282110436887,2.014282881388793,83.95332911848364,14.51567548593362,None,0
2023-01-03 08:00:00,Pipeline,84.00398588395063,44.61139627104199,2.0709947252877963,45.64062761006919,12.059314661771548,None,0
2023-01-03 09:00:00,Compressor,79.51225319318507,51.715792770987086,2.628439015837461,53.59330552825417,48.804818347995734,None,0
2023-01-03 10:00:00,Pipeline,86.83493666889927,53.11472015206654,2.457477666505112,60.29686576740507,48.40532018860543,None,0
2023-01-03 11:00:00,Compressor,63.21959132623619,53.20770822468006,2.0190390096982296,83.5569200453419,26.699086007015765,None,0
2023-01-03 12:00:00,Compressor,91.67224111551137,46.06481860533351,2.065064719049021,82.12544589630335,80.56171483940884,None,0
2023-01-03 13:00:00,Pipeline,90.23238621712258,45.1086717536688,1.2479257345260106,64.46130421823267,21.63435651278909,Overheating,1
2023-01-03 14:00:00,Heat Exchanger,82.35621997245747,47.466825831060405,1.721767111075012,43.30653058685344,92.37854733753721,None,0
2023-01-03 15:00:00,Compressor,92.8179890877106,51.199363761423626,2.2586051080794802,54.20141830427251,62.881837987894514,None,0
2023-01-03 16:00:00,Compressor,58.43376792322226,57.42738684636275,2.2219464195214433,88.53798392193033,12.485473849443665,None,0
2023-01-03 17:00:00,Pipeline,69.75551863737348,39.76281407114625,2.6105828750020432,66.46639343264413,96.66753631684449,None,0
2023-01-03 18:00:00,Compressor,67.64696539318048,48.896356215208165,1.9397494708883376,76.8658653074518,37.714713359126826,Corrosion,1
2023-01-03 19:00:00,Compressor,82.21479323757343,43.336607794873984,1.3063567432845669,56.99188172168518,50.49774636200681,Wear & Tear,1
2023-01-03 20:00:00,Pipeline,64.49859260397855,41.73878661323255,2.528365215387839,61.92043652800838,35.58418236950969,Electrical Failure,1
2023-01-03 21:00:00,Pipeline,82.57495149337485,54.834783226724085,2.7180446730910077,55.737246733952645,75.55791682303997,None,0
2023-01-03 22:00:00,Pump,88.70536143996713,52.723122872496695,2.4491222864281146,72.17525988371807,53.711219864758476,None,0
2023-01-03 23:00:00,Heat Exchanger,81.95202900084,52.24716757973631,1.9181831645712544,81.08826083321264,21.913566346225235,None,0
2023-01-04 00:00:00,Heat Exchanger,77.83751023661502,54.605129198654964,2.5221930259382894,60.44181259347381,19.37835571235084,None,0
2023-01-04 01:00:00,Compressor,65.1212665909925,47.60140551616932,3.714455239004107,58.85204751817354,75.28378719921173,None,0
2023-01-04 02:00:00,Heat Exchanger,66.53149033874635,47.83681241833236,2.057576157220238,50.41718802590381,31.337326443814433,None,0
2023-01-04 03:00:00,Compressor,87.49618905296667,60.92865308361287,1.3441316538774377,40.62580165764503,22.40140371746253,None,0
2023-01-04 04:00:00,Pump,82.79349003905332,48.76714472870213,1.706857475223924,86.35486337250653,54.94848372980585,None,0
2023-01-04 05:00:00,Pipeline,74.60980480622456,53.675660565270455,2.3127380001520255,48.9647831207703,82.24887587826737,None,0
2023-01-04 06:00:00,Pipeline,70.8209045423411,50.031907704816575,1.1975978445509687,78.04148781445713,35.090447128581744,None,0
2023-01-04 07:00:00,Pipeline,54.74192126888623,40.758707349607924,2.0847015374560347,72.92082127724845,34.878845053072695,None,0
2023-01-04 08:00:00,Heat Exchanger,64.29147581315561,39.77685498099366,2.1901683251579414,77.45505601668773,85.04931342343392,None,0
2023-01-04 09:00:00,Pump,94.11419087139723,47.10507890030048,2.767560869906326,86.20608800232614,23.30504151119044,Electrical Failure,1
2023-01-04 10:00:00,Heat Exchanger,62.195444289975335,55.280506258349945,2.65509742802715,67.40224561325383,65.50548326078925,Wear & Tear,1
2023-01-04 11:00:00,Heat Exchanger,76.8947982122108,53.94145828318002,2.4322923958758853,83.87702060292267,95.9512134684327,None,0
2023-01-04 12:00:00,Pump,85.07443973195198,54.57038582112017,0.9186604947427353,40.061839374737616,85.71728346195768,None,0
2023-01-04 13:00:00,Pump,62.450773319977074,45.064769105318426,2.4605265640239624,67.60275455740725,15.563371040175628,Overheating,1
2023-01-04 14:00:00,Pump,76.84710474781083,58.07936245061157,2.3527566930301234,76.33653677487676,38.79197889054629,None,0
2023-01-04 15:00:00,Pump,84.37915537510655,45.17553349906808,2.1279721885391734,46.298467844650446,22.81370190333547,None,0
2023-01-04 16:00:00,Pipeline,75.12499321907251,51.06412199334984,1.1348889369272572,74.4452280775179,95.43165739184258,None,0
2023-01-04 17:00:00,Valve,103.68403055666768,49.94823855046132,1.6116130454064699,76.70860974697422,98.7347409599873,Overheating,1
2023-01-04 18:00:00,Valve,58.31400741121804,49.13063089842707,1.4165886152329668,79.87127736098668,31.149371848603412,None,0
2023-01-04 19:00:00,Pump,85.5872852988388,56.692960691478035,0.9924957802464547,48.77297475575597,70.27291403458773,Corrosion,1
2023-01-04 20:00:00,Valve,73.27198262603535,46.474447399170195,1.9985424242926026,70.89639541009855,85.74685588424066,None,0
2023-01-04 21:00:00,Valve,82.71920154836675,43.25197372144036,1.6010889392786103,48.255197004585725,31.031225597302885,Overheating,1
2023-01-04 22:00:00,Pump,79.41307151699246,50.099977431032094,3.3126527901344556,74.34242324990731,26.891257088887972,None,0
2023-01-04 23:00:00,Valve,67.66843802890003,48.00086632856737,1.9156140302810452,57.778419908742734,11.008992092255227,Overheating,1
2023-01-05 00:00:00,Heat Exchanger,77.28996392459341,66.88691459541323,2.6468765779329804,65.8526624716332,47.07662112473733,Electrical Failure,1
2023-01-05 01:00:00,Compressor,56.42098548601713,53.38253738219988,1.2154504876533876,54.95039888583413,90.94937161552448,None,0
2023-01-05 02:00:00,Compressor,81.03247500571393,47.95329712390688,1.7349552069975651,39.71897561578946,91.2681684150714,Corrosion,1
2023-01-05 03:00:00,Pump,77.98158465990525,44.719442154064566,2.0484489380171573,40.681771776321824,21.496881475811463,None,0
2023-01-05 04:00:00,Pipeline,81.38660168643102,40.598557947156074,1.545923025696165,34.65413443572807,28.391723247555547,None,0
2023-01-05 05:00:00,Pump,85.5811832508715,44.873904571312835,1.788899657597628,67.0843607832997,46.72425978410802,None,0
2023-01-05 06:00:00,Pipeline,78.67619840209711,50.57470885879566,1.8910245468782307,80.91830387718355,80.25620906473317,None,0
2023-01-05 07:00:00,Compressor,76.48089419798276,57.136643257973844,1.8830460072775528,31.250209575724856,65.06663351785556,None,0
2023-01-05 08:00:00,Pump,66.18931663338708,55.608445711939595,2.927559286517673,33.974370125301206,56.246476916819475,Electrical Failure,1
2023-01-05 09:00:00,Heat Exchanger,67.87779236350949,51.1454741582319,2.189113142715755,57.44801953817462,63.27386958003428,None,0
2023-01-05 10:00:00,Valve,86.86734620177332,48.384161671487576,2.239755281470652,74.26324417009135,18.6579724422067,Wear & Tear,1
2023-01-05 11:00:00,Pipeline,89.36335405705978,51.34406178206077,2.269827387172535,39.46245868271708,52.98972780294163,None,0
2023-01-05 12:00:00,Valve,72.61889563687946,47.40681001257712,2.306313188668556,46.299079172951636,99.28569605852155,None,0
2023-01-05 13:00:00,Valve,75.46002747253274,58.59181997881938,1.9585565080625673,43.92037207690843,17.960153224517903,None,0
2023-01-05 14:00:00,Pump,65.95385625006234,49.0540490936246,1.839626814260577,53.94307312026925,56.73220098713978,None,0
2023-01-05 15:00:00,Valve,86.72756845267445,49.56831070876637,2.0834080297591386,43.49992062105427,36.60843354916371,None,0
2023-01-05 16:00:00,Heat Exchanger,81.65416823691778,38.92088787489666,2.578401974456736,51.15592071268518,58.59219671757631,Corrosion,1
2023-01-05 17:00:00,Valve,94.4121743646375,49.02282576738618,2.563119094218192,73.71255591971665,61.643688403037196,Overheating,1
2023-01-05 18:00:00,Pump,66.21676922820261,54.1824206898247,1.8798007621557944,66.66055490725134,61.972560830752826,None,0
2023-01-05 19:00:00,Heat Exchanger,71.21992100981782,44.661387114807276,2.3839218473340558,34.870902323501575,86.6987906779798,None,0
2023-01-05 20:00:00,Compressor,77.31445922525572,46.246398327535935,1.902707668480166,68.26473997474307,45.07726732062948,None,0
2023-01-05 21:00:00,Valve,81.4648953772577,53.96355508866832,2.016935274717622,58.62463029355281,56.471874639984634,Leakage,1
2023-01-05 22:00:00,Pump,72.84332362452368,42.616713882409734,1.7632383092229014,86.07393448242833,10.98355590709737,None,0
2023-01-05 23:00:00,Compressor,66.270389095463,55.28900503770959,1.9091774305468832,47.358259026243196,81.05955414217901,None,0
2023-01-06 00:00:00,Compressor,83.81407528923572,47.33928054913449,2.67066503477484,73.56998518194959,33.35389366382677,Overheating,1
2023-01-06 01:00:00,Pipeline,82.21135362545581,48.057158897543985,2.0462105736696183,73.8516493826742,83.48995216364648,Corrosion,1
2023-01-06 02:00:00,Heat Exchanger,65.83725899436276,44.380607974372026,2.067641254276159,43.29004686055124,33.90747997422855,None,0
2023-01-06 03:00:00,Valve,88.55442801105495,51.89023130213942,1.2763911103710208,84.19341749825617,10.9709646636243,None,0
2023-01-06 04:00:00,Pump,86.70198709196603,62.2993599251469,1.845378046183635,59.470992025776184,23.93481863741021,None,0
2023-01-06 05:00:00,Pipeline,76.34296497247793,53.90748619730316,1.8793425481276356,70.73300201335815,98.71146123149512,None,0
2023-01-06 06:00:00,Heat Exchanger,75.79597862376036,45.67857369029732,1.5854282572782974,38.751333533010275,38.78211213531897,Leakage,1
2023-01-06 07:00:00,Pipeline,80.54057771115907,55.67810292745738,2.0108327058517816,45.468235019518154,19.794151181147242,None,0
2023-01-06 08:00:00,Heat Exchanger,66.38296929743741,48.41660227032875,1.7854088548861728,65.16642707623336,20.688292326317548,None,0
2023-01-06 09:00:00,Heat Exchanger,75.30031479164082,56.8724249071378,2.039997927621791,49.141636102400966,37.93084426515014,None,0
2023-01-06 10:00:00,Valve,53.4761645539082,54.03338201082181,2.0607515049094673,59.981575114258405,13.388053700508673,None,0
2023-01-06 11:00:00,Heat Exchanger,83.76455645502935,35.28429217264133,1.522122821088678,52.44031196239736,56.033972930975835,None,0
2023-01-06 12:00:00,Pipeline,59.385067775581405,44.97960183522486,1.8006491087584053,68.43322779864289,29.236682394038816,None,0
2023-01-06 13:00:00,Heat Exchanger,90.03419828428999,54.72192611417695,2.0386871413804166,59.22872176684854,56.7379577257185,Overheating,1
2023-01-06 14:00:00,Valve,71.6987990603355,50.75828636072509,2.592149715578363,30.27659615839009,22.668779682929816,None,0
2023-01-06 15:00:00,Valve,72.88333018068823,44.88122026146075,2.1283595863978704,68.98085027672303,48.68715061157431,None,0
2023-01-06 16:00:00,Pipeline,68.72266093915495,46.832052422530936,1.669032410041286,55.3272934230109,63.81251725611201,Electrical Failure,1
2023-01-06 17:00:00,Compressor,72.11961126077924,40.4688168995531,2.199502379621926,50.50190042941337,15.579994450429721,None,0
2023-01-06 18:00:00,Compressor,89.18531345148037,49.55813356236802,2.85377444466088,35.64880513699342,45.88743783259527,Electrical Failure,1
2023-01-06 19:00:00,Heat Exchanger,50.1219134346492,61.05344863007882,2.458353236294509,43.22218143398949,37.2271438890719,Overheating,1
2023-01-06 20:00:00,Pump,87.76965386088187,54.02466695366163,2.27376326521781,43.426337494851204,31.632383483977062,None,0
2023-01-06 21:00:00,Heat Exchanger,78.38023481101708,60.952085005942116,2.3627950877411608,86.12216996428374,64.40811634760468,None,0
2023-01-06 22:00:00,Pipeline,62.929783521427844,54.4119854489499,2.7199770207143152,55.95077848479281,62.968778718886654,None,0
2023-01-06 23:00:00,Pipeline,64.24687606950762,55.13739671676346,2.53781339700883,32.5239508329102,66.76298260099242,None,0
2023-01-07 00:00:00,Pipeline,91.76393027208204,59.87039343872512,2.283380190558829,38.32900093459925,24.29944033892692,None,0
2023-01-07 01:00:00,Pipeline,65.54493120057269,51.88631629671113,2.5343211097950427,34.74196054397473,35.71383203760949,Corrosion,1
2023-01-07 02:00:00,Pipeline,63.46649489404041,49.0638633924656,1.4591744518679697,65.33216341243268,28.871090019557084,Leakage,1
2023-01-07 03:00:00,Valve,86.37314542364729,55.16328758311006,1.2488673738298595,41.1972894940096,58.64532444980577,None,0
2023-01-07 04:00:00,Compressor,78.38552876285914,57.269201185609425,2.078549325321915,59.91345841690656,51.49591202886547,None,0
2023-01-07 05:00:00,Pipeline,65.620744234636,47.60017678643896,2.034340354825269,52.20372377219853,39.726436383347504,None,0
2023-01-07 06:00:00,Pump,77.16624975404619,46.39215458829985,1.7280449732433711,78.23258262865195,80.74133279815898,None,0
2023-01-07 07:00:00,Pump,64.74247316359723,50.6942801621544,2.4129263349138546,49.229378235921736,18.457636996754452,None,0
2023-01-07 08:00:00,Pump,86.00821398422605,54.15749433465831,1.068568206774382,57.495928943808494,97.7407019880078,None,0
2023-01-07 09:00:00,Pump,85.61370964873133,53.99045524330781,1.7326138719710982,73.27713291586954,20.488967003378683,Wear & Tear,1
2023-01-07 10:00:00,Valve,80.32006198821944,42.879161999062006,1.7575222275611926,56.00107241583836,79.57637313115325,None,0
2023-01-07 11:00:00,Pump,78.61661061247017,59.55803033531661,1.1818491074502702,77.59293216079135,43.14071702447487,None,0
2023-01-07 12:00:00,Pipeline,92.61188124867374,46.794175353015746,2.747365503634652,69.7010613741999,87.87360062186251,None,0
2023-01-07 13:00:00,Heat Exchanger,74.99686327388225,48.674675015557106,1.3203993656683384,54.63174683680296,16.675295390574583,Electrical Failure,1
2023-01-07 14:00:00,Pump,63.181258745791986,45.4867282000609,1.705829971346157,60.23891554118176,43.7249539173104,None,0
2023-01-07 15:00:00,Valve,79.49473912832306,63.49164417968544,2.4539898789025667,88.0322073505316,40.18990658502126,Leakage,1
2023-01-07 16:00:00,Valve,95.86047049537115,51.210353351439835,2.323022671714366,69.69668979050354,99.38413344029819,None,0
2023-01-07 17:00:00,Pump,64.85240506814148,45.74512459659218,1.4459126517576268,84.29971355833949,98.6994095400663,None,0
2023-01-07 18:00:00,Heat Exchanger,71.38537233306015,54.31961774981223,2.3412446046303184,40.72551020826386,27.08235627997492,None,0
2023-01-07 19:00:00,Pump,79.16446038101452,53.84567889655017,2.1448922393291108,58.99416937470912,66.6952264628505,None,0
2023-01-07 20:00:00,Valve,74.4609515099426,49.061364882100584,3.1665177810557337,84.51970019070303,58.19674779198462,None,0
2023-01-07 21:00:00,Compressor,65.17696419622686,54.20303356391692,2.2019702080341523,49.356723686485054,23.89361421166649,None,0
2023-01-07 22:00:00,Pipeline,86.21857856230471,45.87354019584568,1.929379089465734,88.05985188878525,25.100173549398075,Wear & Tear,1
2023-01-07 23:00:00,Valve,98.2004072201726,47.53540862525374,1.5717490214402887,35.82464942841945,99.03265556315992,None,0
2023-01-08 00:00:00,Pump,76.96131459023907,39.94891672716969,1.6278783165222144,84.16027021650221,50.74569942588394,None,0
2023-01-08 01:00:00,Pipeline,65.95931710264,43.380244578902186,1.587115452265921,56.712727323951526,21.322116280006615,None,0
2023-01-08 02:00:00,Pump,59.51039474946525,59.03815402835343,2.685549406955961,34.42464990846964,29.331103486532886,None,0
2023-01-08 03:00:00,Pump,77.5797598122118,58.20714313861157,2.0089849575082352,82.77129555516524,34.15132605236947,None,0
2023-01-08 04:00:00,Compressor,86.03877343316258,50.328943243244815,2.282623561987365,45.11641274454681,55.98255369867574,None,0
2023-01-08 05:00:00,Pipeline,79.75167746495381,58.314657235949184,2.7571237999904437,31.33500752971351,40.19933165556783,None,0
2023-01-08 06:00:00,Pipeline,74.97596159081147,49.199627566958476,0.8207679288962675,38.14842633415154,50.95106073009289,None,0
2023-01-08 07:00:00,Compressor,69.10728348210694,48.78294848716046,2.6394368823501875,69.5468845139857,24.984959599122647,None,0
2023-01-08 08:00:00,Valve,64.07836367281911,50.28255324232778,2.027698455891667,88.6686893482917,39.40558215287555,Corrosion,1
2023-01-08 09:00:00,Pump,83.34751326324883,49.375392023382176,2.2175241858202224,36.687728375011005,16.328493344597863,None,0
2023-01-08 10:00:00,Heat Exchanger,84.13771621385585,48.9240183821991,1.5857983891258745,57.71688288748572,90.07392461282639,Corrosion,1
2023-01-08 11:00:00,Pump,59.54270213309267,55.71699053574776,1.6224378007757407,40.83819305685195,27.887722945172044,None,0
2023-01-08 12:00:00,Pump,90.89838978180684,50.75067826978101,2.244422944906494,74.70219204609552,78.12101218858649,None,0
2023-01-08 13:00:00,Valve,80.74071220894001,53.562408822169026,3.192298900165735,37.08353398570885,41.45966093830114,None,0
2023-01-08 14:00:00,Pump,88.99594645145794,55.15690262638665,2.5016566564074507,44.39050490885337,52.6957587045814,None,0
2023-01-08 15:00:00,Compressor,61.57872251514885,51.94092897827367,2.63276146070927,41.78435805894428,36.21349355151041,None,0
2023-01-08 16:00:00,Compressor,61.34175844584561,45.14864337045881,1.9039993648692901,63.15118682201867,72.67971439966328,Wear & Tear,1
2023-01-08 17:00:00,Pipeline,73.51030690232703,43.23567055517981,1.699897887707186,82.39104552003793,86.00917773472366,Leakage,1
2023-01-08 18:00:00,Heat Exchanger,80.02784426895194,50.743903174036525,1.6095975242105034,60.66541206938511,35.76431662656293,None,0
2023-01-08 19:00:00,Pump,92.96360822926964,49.143718475875325,1.755863137651656,33.494607166288276,31.79958792972332,Leakage,1
2023-01-08 20:00:00,Pump,82.06078913815132,50.43695714460061,0.9736087834147373,63.803335835809875,71.32962389175071,None,0
2023-01-08 21:00:00,Valve,72.57318723187967,49.91972980375707,1.637540328554199,77.85125995908055,27.563775451094877,None,0
2023-01-08 22:00:00,Compressor,64.73630792334107,62.917868300832836,1.7198234219700783,37.929371838259364,67.5855789048795,None,0
2023-01-08 23:00:00,Heat Exchanger,87.3000057271915,43.34886872179331,1.9123209128025795,34.3626728606755,18.4985271724272,None,0
2023-01-09 00:00:00,Pipeline,65.35294574249285,40.050268650894374,2.0658750548736458,41.26846665345414,65.81234439646184,None,0
2023-01-09 01:00:00,Compressor,91.28468554772321,51.661884167598046,2.1812254343128052,74.76517936929764,56.20660606093898,None,0
2023-01-09 02:00:00,Pipeline,72.1561535039349,48.11788722705902,1.99253731377852,65.5008251719201,20.25151440186775,None,0
2023-01-09 03:00:00,Valve,90.9058207261785,51.58033934864976,1.7092784568286215,62.43567923770493,68.41932713781398,Corrosion,1
2023-01-09 04:00:00,Valve,81.78931290059279,52.91941511142001,1.0183206783672398,44.9687936779061,50.19014413306682,None,0
2023-01-09 05:00:00,Pump,73.63004510557542,56.420523475894484,1.7123456957991032,49.934195714811565,29.540354573537712,None,0
2023-01-09 06:00:00,Heat Exchanger,69.80603628173873,42.46387089808031,1.5137746811564974,87.95310077660054,41.80457401319596,None,0
2023-01-09 07:00:00,Pipeline,71.59092122653921,47.216410510714184,2.233033374139302,44.43751360376314,54.289189507503664,None,0
2023-01-09 08:00:00,Compressor,79.28316692375238,52.14380629440382,2.454643698346847,84.09872539530531,18.23988045379438,Overheating,1
2023-01-09 09:00:00,Valve,75.77156496217717,53.85231797843613,2.4692855335299697,64.83189026746419,96.18485348155188,None,0
2023-01-09 10:00:00,Pump,69.06188591931294,60.96724775144193,2.37847636806391,37.39778798227487,69.9005940590909,None,0
2023-01-09 11:00:00,Pump,73.34368589682367,54.778519855569336,1.9332371322737558,58.03874268930408,19.22814831589264,Corrosion,1
2023-01-09 12:00:00,Pipeline,75.7857702971915,49.71605702056861,1.7390222172620518,86.91292304165256,84.05759658956136,Overheating,1
2023-01-09 13:00:00,Valve,53.71265905585188,45.54782123528669,1.6264486231664668,55.113935888241514,39.02994378515309,None,0
2023-01-09 14:00:00,Heat Exchanger,79.58168114788698,47.1785507364049,1.2462505416991247,81.80319388736174,63.711958304186545,None,0
2023-01-09 15:00:00,Valve,65.20278775283194,47.03648588521447,2.495926850253929,45.38572167910246,34.9428557421616,None,0
2023-01-09 16:00:00,Pipeline,63.46667596794255,53.27616814256881,1.9126444810350127,64.25532910802238,76.00653504231465,None,0
2023-01-09 17:00:00,Pipeline,58.1265565288929,51.28498722792915,1.376829853189563,80.63112349211843,75.07080775000921,None,0
2023-01-09 18:00:00,Valve,57.0610750213211,43.38175214578911,1.5867543121448826,85.24130647018174,59.683911118517614,None,0
2023-01-09 19:00:00,Pipeline,61.44552496887711,47.820492654547834,1.566513271783724,59.14940202907805,31.683303322442026,None,0
2023-01-09 20:00:00,Valve,67.9097904236951,54.38773776725711,2.0215122425075633,68.38128612872575,32.833342676093096,Electrical Failure,1
2023-01-09 21:00:00,Compressor,94.53259137526568,51.75831177487029,2.533733925535343,30.178807846939858,44.457651702544865,Corrosion,1
2023-01-09 22:00:00,Valve,69.74120324104796,52.84322308006385,1.8260052252022083,45.19339845080338,23.051095065665677,None,0
2023-01-09 23:00:00,Valve,76.77750106268032,51.91460855028632,0.8737332426081754,46.722726224816746,40.38901418718312,None,0
2023-01-10 00:00:00,Pipeline,79.00481386506328,58.1321536730443,1.90540983242054,35.60958069926585,71.59191411234812,Corrosion,1
2023-01-10 01:00:00,Pipeline,76.3106518621585,51.18021531912185,1.921903049951402,46.7817008014186,84.77607520534791,Overheating,1
2023-01-10 02:00:00,Pump,74.22556539274007,48.06988601064651,1.887539884532239,49.267321983488344,39.93240614440253,None,0
2023-01-10 03:00:00,Pump,63.04706236400755,45.4212247943322,1.686269416762149,88.1259623740916,31.02312324289276,None,0
2023-01-10 04:00:00,Compressor,89.50927548279212,51.24804729104856,2.1087195403629213,70.11614283365026,84.93783205016209,None,0
2023-01-10 05:00:00,Pump,93.07196643637886,37.796479926124576,2.0330705575745007,55.56030476498066,90.16336246473291,None,0
2023-01-10 06:00:00,Valve,58.17341305877314,49.07855499083644,1.9875848429366765,89.28326764173056,46.90193709808579,None,0
2023-01-10 07:00:00,Pipeline,64.7597140911362,48.97080070039328,2.206320680721483,39.19393921407667,12.421373846467047,None,0
2023-01-10 08:00:00,Pump,72.20189657622994,43.17764573191359,1.7850835884260732,58.563071635829075,72.54654588047367,None,0
2023-01-10 09:00:00,Pump,65.35462205089809,45.35867080672002,1.7567071651496733,68.82373242294295,80.56299125648165,None,0
2023-01-10 10:00:00,Compressor,80.05965553455866,54.04828765074121,2.6900616447927,33.33483806904462,11.622182784799621,None,0
2023-01-10 11:00:00,Compressor,67.71727797593387,51.15355874537481,2.279677704857718,73.01993148498713,63.55277680073618,Leakage,1
2023-01-10 12:00:00,Valve,96.65056067806603,50.508941668536636,2.4134730304714,35.99204117531939,62.95318824197575,None,0
2023-01-10 13:00:00,Pipeline,86.90548594343596,51.53173766966011,2.6130522926670343,38.41693851598062,44.08371178731226,None,0
2023-01-10 14:00:00,Compressor,77.12574030632214,50.46313793974462,2.2629720903124,39.581370747725046,77.4790593265754,Corrosion,1
2023-01-10 15:00:00,Pump,85.26986263319732,56.214312814291574,2.4641943395680856,85.73338959933108,48.53611343029246,None,0
2023-01-10 16:00:00,Pipeline,86.05900424357309,50.617145908518246,1.2103274189648698,70.99413270829007,70.90983566122276,None,0
2023-01-10 17:00:00,Pipeline,69.36052511941757,42.70893443090625,2.1020769359980136,69.32565006618626,56.540557417163676,Leakage,1
2023-01-10 18:00:00,Pump,66.83782755458036,58.15064982437205,1.9086407690928362,63.32960978789953,32.36181442325595,None,0
2023-01-10 19:00:00,Compressor,75.78143062969647,51.851701336644226,2.838842045449905,47.56835992170617,64.58507767091186,None,0
2023-01-10 20:00:00,Pump,83.61636124497944,47.05373134602466,2.46382276590165,67.25338227596109,76.32176453612574,None,0
2023-01-10 21:00:00,Pipeline,76.39060398653417,43.73299140852491,1.68477740460341,54.60898319331839,97.65151060933033,None,0
2023-01-10 22:00:00,Heat Exchanger,59.23003517809003,51.979571104790224,2.186397079264603,38.72496900555689,44.20980521221721,Overheating,1
2023-01-10 23:00:00,Heat Exchanger,66.97175556049157,49.41413997512812,2.08384066672462,71.37583741966398,15.8025290199716,Wear & Tear,1
2023-01-11 00:00:00,Valve,74.26027136405622,57.87073393016205,2.2271657165761143,37.77493007579536,98.91740990992166,None,0
2023-01-11 01:00:00,Pump,74.2433439567417,48.27046359666586,1.490578765312674,41.440114861270395,66.14259934829826,None,0
2023-01-11 02:00:00,Pump,94.72542176789808,45.813096051587664,2.180008232619113,79.06195871085635,95.18054123446923,None,0
2023-01-11 03:00:00,Valve,61.14012057601002,54.47898109117964,1.8859243253558828,69.60702576750924,19.34443774100074,None,0
2023-01-11 04:00:00,Valve,80.05589241835875,54.62640946358415,2.1412248820278004,67.85946925281854,40.78304558834119,None,0
2023-01-11 05:00:00,Valve,89.8911310832829,50.843256838050976,1.637807417438915,55.09216706056344,22.05430289854519,None,0
2023-01-11 06:00:00,Pipeline,97.71449745422797,53.38178523837454,1.7074684143017003,53.776831094362265,85.19591391238535,None,0
2023-01-11 07:00:00,Pump,70.95602576816039,49.81156439628881,2.5869210101833513,71.41575655112408,89.23084672863845,None,0
2023-01-11 08:00:00,Pipeline,79.914294527202,51.16932550504624,1.4742262208299195,74.40033231654274,55.11805298875184,None,0
2023-01-11 09:00:00,Valve,80.69760357198646,55.824954412819615,1.5111227994789758,60.612792141858634,26.79455958958274,Overheating,1
2023-01-11 10:00:00,Pump,76.9548173155329,53.126591670107516,1.974209371392211,88.15615466091157,21.440707213573766,None,0
2023-01-11 11:00:00,Pipeline,74.01154798760695,49.15362780833688,1.6140548124070226,87.34197353513233,62.93476990721861,Leakage,1
2023-01-11 12:00:00,Pipeline,79.35975389500047,56.761812729630755,1.5574856838686006,54.74576940076552,55.57386921267705,None,0
2023-01-11 13:00:00,Valve,49.677539147803145,38.175723136042436,2.0525379856041477,79.23733525698921,72.53101921309008,None,0
2023-01-11 14:00:00,Pump,81.82069490062631,60.26036655710968,1.2474670715481477,62.59607049590492,37.46865363579921,None,0
2023-01-11 15:00:00,Valve,76.26177903661967,41.47020452554632,1.496018882543181,60.705353253430474,46.2131195521926,Leakage,1
2023-01-11 16:00:00,Pump,72.77525103221734,46.86453587613852,3.027047791461822,33.29784368271911,11.922496646604163,Electrical Failure,1
2023-01-11 17:00:00,Heat Exchanger,95.46862195719558,49.79541232402465,2.2297375294845043,64.43848262809861,64.9128740567976,None,0
2023-01-11 18:00:00,Compressor,68.25065981209448,49.267596646359195,1.6267183238650444,84.03467583378988,48.082916921183006,Leakage,1
2023-01-11 19:00:00,Compressor,70.9692401093497,55.032055200132774,2.2091075391330985,76.80803095170552,92.77881704321031,None,0
2023-01-11 20:00:00,Compressor,94.91553302204734,44.71081690694883,2.283665238493315,77.17902868195571,67.76076679343244,None,0
2023-01-11 21:00:00,Valve,66.67938695150143,51.30383408741532,2.497207210045119,39.59574231458035,45.88250423047244,None,0
2023-01-11 22:00:00,Heat Exchanger,69.4988471706346,47.10893950890123,1.9364219852716347,51.506966828013816,33.72302627860154,Wear & Tear,1
2023-01-11 23:00:00,Pump,73.5297457656915,51.475704896687084,2.4882488513864445,43.99229499901415,91.47564483468749,None,0
2023-01-12 00:00:00,Pipeline,83.4073448212955,49.676138701010615,0.9807767375589136,48.954916947338155,11.463856670569895,None,0
2023-01-12 01:00:00,Pump,77.07802507353314,50.46467826341489,1.4718459347621233,64.77236060962352,39.422122052715295,None,0
2023-01-12 02:00:00,Pipeline,62.07374652847737,47.25037583767827,2.081935700868228,51.88702880221487,94.91550254092314,Electrical Failure,1
2023-01-12 03:00:00,Pump,69.67831436872811,47.44968024951959,2.164816766403896,63.64186904785596,68.86297062834166,None,0
2023-01-12 04:00:00,Heat Exchanger,68.92645566787789,51.436362570137135,1.544108856165679,56.31007489647462,57.94471641549692,None,0
2023-01-12 05:00:00,Pipeline,74.22778954776955,54.71857752878022,2.1297099956315795,47.196933506983655,28.318124612838467,Leakage,1
2023-01-12 06:00:00,Valve,79.25843658629829,47.00860332901076,1.6880798756563697,35.72420605230952,85.00372968289484,None,0
2023-01-12 07:00:00,Pump,79.18205755887972,45.65616227713545,1.861520452886417,83.51030744068696,28.377915633349847,None,0
2023-01-12 08:00:00,Pump,57.23988245951598,53.06730082835919,2.5123869003325057,30.68240196027892,32.342817836912495,Leakage,1
2023-01-12 09:00:00,Pipeline,85.63940987560856,49.83748053471155,2.4544687484442997,30.09914928851827,27.26660285846697,None,0
2023-01-12 10:00:00,Valve,77.52568845996623,54.15249066992976,1.5014698363183687,79.60786438581276,24.233451451256975,None,0
2023-01-12 11:00:00,Valve,88.84532047593906,45.47101393314426,1.4713742689899483,89.80865641954739,95.79812463809226,Overheating,1
2023-01-12 12:00:00,Heat Exchanger,79.44198327290673,41.10280537288285,1.794413302223342,73.62616966281936,64.18284365271776,None,0
2023-01-12 13:00:00,Valve,86.01322957735762,47.33497959086833,1.9866268494135375,30.916430283773085,67.40534188090845,None,0
2023-01-12 14:00:00,Valve,79.66545311450128,46.16823695367492,1.6710507557126295,43.6014136001108,95.88929191109051,None,0
2023-01-12 15:00:00,Valve,88.46225756202747,49.6060579995985,2.520321221399834,88.30936201571768,30.751754961300637,None,0
2023-01-12 16:00:00,Compressor,80.22250636017779,46.81577392864805,2.1736949208542775,78.5162551304301,10.532578473792286,None,0
2023-01-12 17:00:00,Heat Exchanger,74.02084753557097,53.70508475668225,2.2030425549372143,64.00799062828267,63.899528461326206,Overheating,1
2023-01-12 18:00:00,Pump,97.72434720446881,48.55924868788742,1.366730585527514,44.21164256642154,55.706036790174274,Leakage,1
2023-01-12 19:00:00,Pipeline,83.89037122279892,50.75237249386951,2.58364535869189,30.86221235560494,52.988533965846464,None,0
2023-01-12 20:00:00,Pump,80.73744421004413,50.78817279220472,0.5899155888796546,31.25168835824454,15.569219012157923,None,0
2023-01-12 21:00:00,Heat Exchanger,62.23695583461664,50.97477546206094,2.4170277259246844,66.71885181181361,50.899137991730605,Wear & Tear,1
2023-01-12 22:00:00,Pipeline,62.11692382536462,49.879354447725134,2.4671558688353854,31.309912581145387,35.8803608581629,None,0
2023-01-12 23:00:00,Heat Exchanger,77.92715482141854,52.55300345205157,1.7837994063610192,89.61780851552237,34.71082095018818,None,0
2023-01-13 00:00:00,Valve,76.45521197768241,46.02172433087096,2.636455108623712,41.00303000962428,30.014342216118354,None,0
2023-01-13 01:00:00,Pipeline,68.85877434991684,56.99708963326942,1.9684512235228269,72.64244171215664,39.92755237791137,Electrical Failure,1
2023-01-13 02:00:00,Valve,76.4098269961206,48.81731308315732,2.0312158516637213,39.3035832847448,41.78197676290712,None,0
2023-01-13 03:00:00,Pump,90.88626928043595,43.44225431050659,2.169764393702108,62.405605265862874,37.78981987257977,None,0
2023-01-13 04:00:00,Pump,81.95402474550299,50.94036678495887,3.5932874559055277,34.836677307973055,98.0877444147558,None,0
2023-01-13 05:00:00,Pipeline,63.589914902472614,45.744097587762575,2.6722169540415024,76.0067054719946,93.94579769585384,None,0
2023-01-13 06:00:00,Pipeline,73.88491172857056,53.326672672544376,2.3505656003564592,65.09526568348977,61.7059089572376,None,0
2023-01-13 07:00:00,Heat Exchanger,66.9503351914744,61.04802788021189,1.5435977566994026,35.1700016040849,98.29493545692789,Corrosion,1
2023-01-13 08:00:00,Heat Exchanger,71.12300083591438,46.06713954221075,2.071794912739746,80.91517135200033,99.2078209287271,Corrosion,1
2023-01-13 09:00:00,Valve,70.86384334370358,51.661861666119925,1.5934379530768068,62.82111688660212,42.03457390155722,Corrosion,1
2023-01-13 10:00:00,Pipeline,70.22354417395995,41.22247205647686,2.4110554236414066,85.29553860079908,50.066879116577006,Leakage,1
2023-01-13 11:00:00,Pump,62.44864628026605,52.26952614720673,2.0702334878674282,84.99740242068677,96.3155599286199,None,0
2023-01-13 12:00:00,Heat Exchanger,73.7234531848181,45.57143100100155,1.4377391601930523,85.23046736919494,64.7763579368818,None,0
2023-01-13 13:00:00,Heat Exchanger,69.3939236315269,46.87582690782759,2.0405622917092514,34.66711201202808,29.163617455354526,None,0
2023-01-13 14:00:00,Pump,45.705513099977324,44.49356755080086,1.5752912651418471,37.25746570527141,72.04426015028503,None,0
2023-01-13 15:00:00,Heat Exchanger,95.52972024501663,53.660756130273676,2.0756081106687736,89.26234858297187,28.517156384147878,None,0
2023-01-13 16:00:00,Valve,85.88769654216672,55.03652178736631,1.5704613418173716,59.25604928392236,40.54219693046612,Wear & Tear,1
2023-01-13 17:00:00,Pipeline,71.23699275075003,50.11692607329254,2.0137438166804063,44.29284316974886,30.48041467858164,None,0
2023-01-13 18:00:00,Pump,75.18819049740598,45.6778664733214,2.3752349309675473,76.17986930991948,32.048219434045805,None,0
2023-01-13 19:00:00,Pipeline,63.28345652682438,57.947615180519314,1.973474004037447,45.85711327274892,10.419002341010403,None,0
2023-01-13 20:00:00,Heat Exchanger,91.95722877810866,46.247949361226716,1.8045558664138057,73.63294128111855,89.26379489795066,None,0
2023-01-13 21:00:00,Heat Exchanger,93.97288694773111,39.189838500362804,2.1016381105287314,80.23714667098567,36.639144574821444,Corrosion,1
2023-01-13 22:00:00,Pump,76.56693728246525,52.29194504978534,2.3485913103964267,77.05580263771684,17.7736941570515,None,0
2023-01-13 23:00:00,Valve,85.23530644185345,44.47612663179242,1.4464083650591197,46.442868491876126,17.828866511297967,None,0
2023-01-14 00:00:00,Compressor,76.75286778933923,54.943043967495875,2.130328077352601,54.097114444754226,60.041644881485695,None,0
2023-01-14 01:00:00,Pump,61.63274561124069,48.09431151663291,2.6587704095087,54.79506019399658,99.36284954805434,None,0
2023-01-14 02:00:00,Compressor,70.88176631036343,53.01856620272098,2.2868284816383575,59.476375086268305,23.05202205431725,Overheating,1
2023-01-14 03:00:00,Compressor,76.31927966771957,57.00750173276079,2.028877073333614,40.04237109240816,18.96596028546935,None,0
2023-01-14 04:00:00,Valve,70.45452281256556,43.95570567689639,2.3198687533494473,57.14820302486054,49.44734923618816,None,0
2023-01-14 05:00:00,Compressor,72.81346722564965,47.170314345537975,2.2262482280513414,60.64697943092878,60.69981284567159,None,0
2023-01-14 06:00:00,Compressor,74.08600442490885,49.621644636714684,2.376800554579907,61.902539794863145,36.49423229901464,None,0
2023-01-14 07:00:00,Valve,74.19121502134539,57.68775659517172,0.9880341945085278,79.1940257990675,37.22698832624798,None,0
2023-01-14 08:00:00,Compressor,75.52258490497483,46.708086410297774,1.2232719331683675,61.04006990876971,48.20288516640545,None,0
2023-01-14 09:00:00,Compressor,64.39394933603398,47.027481520254966,2.5024145747416187,43.84703535082051,38.27310536355454,None,0
2023-01-14 10:00:00,Compressor,67.82983850872064,52.39070287777904,1.2473604119192796,69.78772429465123,92.37984252116651,Leakage,1
2023-01-14 11:00:00,Pump,62.15415734300031,47.11385637144714,2.2007693178596024,77.83884864519752,13.775911416156607,None,0
2023-01-14 12:00:00,Pump,84.778155496862,50.76262941448808,1.8239751719838542,49.16229998629571,31.11131438832472,None,0
2023-01-14 13:00:00,Pump,53.943530581596754,42.242312895159365,1.5019053772020015,68.71835574105631,82.76975166046792,None,0
2023-01-14 14:00:00,Valve,86.53590343316925,61.071649712782985,2.174824878573737,38.81627975676076,85.05623121984611,None,0
2023-01-14 15:00:00,Heat Exchanger,88.86349397262843,43.26145384845298,2.1005167518582852,50.51557827468385,20.039957106778104,None,0
2023-01-14 16:00:00,Compressor,71.97819413017379,48.39123648004896,3.055171326048189,84.55343577297805,97.6387105011445,Electrical Failure,1
2023-01-14 17:00:00,Compressor,48.96862912172701,49.837594820789526,1.6875943977320553,84.67848978975425,72.40193649091981,Overheating,1
2023-01-14 18:00:00,Valve,71.38689438032709,59.56344067178398,2.720055060034587,64.51947472458382,34.5333750385236,Leakage,1
2023-01-14 19:00:00,Compressor,74.35815838711181,43.3757710953363,2.1762114571921574,72.1410876519064,51.043407833300904,None,0
2023-01-14 20:00:00,Pump,64.89401780071087,59.91852067739376,1.6694890592286438,81.24092491235649,36.74247576111705,None,0
2023-01-14 21:00:00,Heat Exchanger,69.84781606191757,53.785884105510114,2.3996232287586228,87.5131911187576,23.502002486897744,None,0
2023-01-14 22:00:00,Pipeline,90.30195198863352,52.08547662211623,2.2828692522269756,59.39318641738617,36.206025827402364,None,0
2023-01-14 23:00:00,Compressor,81.64927162301741,45.07683156491022,2.0179216474290245,63.69454419756206,62.20827437406566,None,0
2023-01-15 00:00:00,Pump,65.754358856219,52.85570621019037,2.1331476782203116,54.938493998869816,84.33727253519218,None,0
2023-01-15 01:00:00,Pipeline,59.02400830404568,46.382566887901,1.701506484477234,34.31891622338573,42.71761674006195,Corrosion,1
2023-01-15 02:00:00,Heat Exchanger,71.72982682390229,56.333306265992064,1.5871064373727466,55.36820834692911,41.311138649305754,None,0
2023-01-15 03:00:00,Pipeline,72.86543220649561,45.14468985446133,2.3797210869112915,77.43764036298464,52.12006309731904,None,0
2023-01-15 04:00:00,Pump,79.96199187363317,49.43420752771958,1.888030287843363,78.29312987949172,68.01000399679117,None,0
2023-01-15 05:00:00,Pipeline,69.64683287432341,47.22363455993414,1.9599585008754539,83.54262687559799,77.64546361890784,None,0
2023-01-15 06:00:00,Valve,80.11499575361862,45.062385187865026,2.1399107979721386,33.088002310558146,39.41195543195265,None,0
2023-01-15 07:00:00,Pipeline,94.35154040060229,53.70659908453957,2.1326441723919043,61.62927537483803,62.77172210426251,None,0
2023-01-15 08:00:00,Compressor,83.15501022444262,52.67729373704817,1.2853367645129676,36.44546927622458,45.04247571527942,None,0
2023-01-15 09:00:00,Compressor,74.51911492669227,56.04505099450498,2.6431260432274293,42.0445309899446,74.47598653270474,None,0
2023-01-15 10:00:00,Valve,73.16849528946705,41.10062445895916,2.060591075950339,84.01299014283639,24.82074284653187,Corrosion,1
2023-01-15 11:00:00,Pump,71.43326865820129,55.32085351170522,1.8986733685889252,59.80747550578175,33.12323785461665,None,0
2023-01-15 12:00:00,Compressor,86.80640912452145,62.52724452678447,2.215423002584873,75.51269525379682,48.34543778584748,None,0
2023-01-15 13:00:00,Heat Exchanger,68.72686554048697,47.741794554115266,2.1182710968074314,33.86304635572085,90.04733109292309,None,0
2023-01-15 14:00:00,Compressor,75.45222708999982,59.47574306054485,2.383531344744851,55.00959023549112,61.59932104156212,None,0
2023-01-15 15:00:00,Compressor,75.51197901881085,48.684193639700865,2.2689918360754704,70.45441683986027,96.88565070832705,None,0
2023-01-15 16:00:00,Pump,69.98215807188468,43.137951312193465,2.3589231144981335,38.0043888766928,19.294991675297545,None,0
2023-01-15 17:00:00,Pipeline,61.27534452115899,48.471837787966024,2.675496952863758,49.54907274634099,51.415787228584136,None,0
2023-01-15 18:00:00,Compressor,78.22974503617668,55.24101983837638,2.441812274485486,33.872868301432995,47.71706770408458,None,0
2023-01-15 19:00:00,Valve,74.38996028144616,45.809117588342346,1.9197568898357187,69.08039645217062,64.01855587653716,None,0
2023-01-15 20:00:00,Pipeline,80.0024046943657,46.99830670496756,1.4385494219615835,88.25347554348711,83.07681478368204,None,0
2023-01-15 21:00:00,Heat Exchanger,69.66399693560834,52.967697161465956,2.8338989665022574,79.62272946856979,85.73032230247541,None,0
2023-01-15 22:00:00,Pump,87.20821298813048,50.01530058369286,1.8811383133264437,88.47738700845395,70.31751478349574,Wear & Tear,1
2023-01-15 23:00:00,Heat Exchanger,66.23226218788156,52.923114762433705,1.7634462933197388,80.73628770590379,67.73827278209983,None,0
2023-01-16 00:00:00,Pipeline,92.12040284017893,51.189147703791676,1.1316365911177804,81.31174837181872,95.41265878403267,None,0
2023-01-16 01:00:00,Pipeline,57.52363490171739,52.398126597757866,2.1692365526560557,64.63063172228055,44.53186614745822,None,0
2023-01-16 02:00:00,Pipeline,79.3477006455689,47.838494070952294,2.074443301976885,61.095138684792595,84.95049827696394,Corrosion,1
2023-01-16 03:00:00,Heat Exchanger,79.75430682526624,51.158654710151964,1.2424425318752597,54.375255985669654,92.93533543830647,None,0
2023-01-16 04:00:00,Pipeline,67.04442932059118,45.36313497152033,2.226637021066588,79.08569370275279,54.23853198386772,None,0
2023-01-16 05:00:00,Heat Exchanger,79.24393937861012,56.442168112516946,1.7509040396492805,40.92405673668148,75.61923207429703,None,0
2023-01-16 06:00:00,Pipeline,87.7951866976016,46.82862641591343,3.345157503644347,33.37349494945159,43.93178710038155,None,0
2023-01-16 07:00:00,Valve,52.831811606459354,55.644237437746945,1.7153194039545658,86.8736293610805,24.299111277586366,None,0
2023-01-16 08:00:00,Pipeline,80.02744807490815,48.83196519508567,1.7824033339011034,30.226691112208623,62.78534933251827,Electrical Failure,1
2023-01-16 09:00:00,Heat Exchanger,50.06729179669922,51.009995053786604,1.5626118878728161,88.6097593125511,27.68244857645787,None,0
2023-01-16 10:00:00,Compressor,65.34335196476792,47.525177245546494,2.638938260520986,73.73120219242594,51.183921772348214,Corrosion,1
2023-01-16 11:00:00,Pipeline,91.29166364900945,44.92002284415985,1.8136121027676235,49.70993518186965,88.55913819954999,Corrosion,1
2023-01-16 12:00:00,Compressor,69.18217966607946,41.27619806197349,1.6375429231172516,71.86919058517861,17.741636880731246,Wear & Tear,1
2023-01-16 13:00:00,Valve,63.261200355910276,44.7233792070377,2.353477504960271,79.07250943110765,12.738568209818467,None,0
2023-01-16 14:00:00,Pump,73.02062271015318,48.38045573392039,1.3098235322934073,44.72172335918616,64.58300626436989,Wear & Tear,1
2023-01-16 15:00:00,Valve,95.67906338163553,51.05939589414442,2.312555273124474,76.25374099677492,39.79551939354056,Wear & Tear,1
2023-01-16 16:00:00,Pipeline,56.68317752793974,55.05189656641632,2.8906998583004286,78.2621775004944,47.614393623332376,Electrical Failure,1
2023-01-16 17:00:00,Compressor,64.48690088360655,47.771212701015756,2.2833039164175446,44.96127780752072,46.51395297924984,None,0
2023-01-16 18:00:00,Compressor,89.97431683179626,45.59019617866413,2.3189491581299624,32.515581262679014,17.795820610860723,None,0
2023-01-16 19:00:00,Heat Exchanger,93.57702343537733,42.78642606998644,2.435030108453742,42.24733707348586,10.32097894116351,None,0
2023-01-16 20:00:00,Compressor,73.96568775709716,52.40031808952052,2.8548540143377594,42.03878453336367,90.85809185778379,None,0
2023-01-16 21:00:00,Heat Exchanger,62.60947297473358,56.915972576646716,2.604946980009552,33.91442725052899,29.601870481337176,Corrosion,1
2023-01-16 22:00:00,Pump,95.95843501809159,56.331651339781445,2.219834861136512,73.56044307931175,48.347109267785946,None,0
2023-01-16 23:00:00,Pipeline,90.94442391749197,53.549663740736186,2.4519457003180007,52.798495467504495,97.47332170039708,Wear & Tear,1
2023-01-17 00:00:00,Heat Exchanger,81.78946987762232,53.192716586337994,1.5570325372674447,83.0631700472315,84.40863237852871,None,0
2023-01-17 01:00:00,Pump,66.8759765106258,58.4881188985467,2.388146795373661,45.13026633991116,19.7137769736432,None,0
2023-01-17 02:00:00,Compressor,74.50970659161963,51.66040730708405,1.497222014408126,57.193929905995645,55.766712845132716,None,0
2023-01-17 03:00:00,Compressor,73.39639918955169,53.230648380120854,1.8164887906841867,68.34104573560577,75.70711238455144,None,0
2023-01-17 04:00:00,Pump,78.30851304615578,48.39608069074001,0.45871891242838125,82.64789698030668,72.85535064992912,None,0
2023-01-17 05:00:00,Compressor,89.51001438131337,43.18978314572621,2.200714829683731,61.477266097162484,78.47576671640232,Wear & Tear,1
2023-01-17 06:00:00,Pump,83.79417041137403,46.58075549750212,1.6780639944458238,52.41147766874297,51.170918939923176,Overheating,1
2023-01-17 07:00:00,Heat Exchanger,64.22623923015242,49.954204807326725,2.5555726076022314,82.02090470832053,25.83306363972539,None,0
2023-01-17 08:00:00,Heat Exchanger,88.76496450019538,50.303926862506515,2.1950963053027013,48.61478548125663,51.83851995274354,Corrosion,1
2023-01-17 09:00:00,Pump,78.13132140013155,59.63142927427697,2.5620479473508126,34.76542197795459,68.30985242559628,None,0
2023-01-17 10:00:00,Heat Exchanger,81.87065795858916,50.40638583795534,1.4582017276637311,56.7025264506144,64.77328779446512,None,0
2023-01-17 11:00:00,Heat Exchanger,89.66540859278604,55.89421722012822,2.5191930185798164,77.10559838987952,16.34698484097467,None,0
2023-01-17 12:00:00,Heat Exchanger,63.88419750486449,47.82461379211842,3.0529281721816632,31.846849905211386,15.845719067397258,None,0
2023-01-17 13:00:00,Valve,74.64174421293536,48.44162057117383,2.3820791499659473,65.15293469937552,96.87320480396907,Overheating,1
2023-01-17 14:00:00,Pipeline,69.68545448640785,43.35496181388276,2.3951745043461443,65.66784291163417,23.662490953579393,Overheating,1
2023-01-17 15:00:00,Compressor,59.32140574634544,46.28835993561714,2.0847988381974676,85.7125058056429,36.50162176105498,Corrosion,1
2023-01-17 16:00:00,Valve,78.4670997760492,52.63490695681877,1.7376656097173178,47.187889028701306,79.08710339405489,None,0
2023-01-17 17:00:00,Heat Exchanger,100.11556551584424,50.03780090197067,2.380596186350754,46.73019679264177,46.870936824085746,None,0
2023-01-17 18:00:00,Pump,56.59922255494247,54.71469309948617,1.2469585447989657,56.42901908038069,26.331836793402942,None,0
2023-01-17 19:00:00,Heat Exchanger,74.67719388950529,50.906269741725254,1.7911224375395918,51.41489408829091,52.050914407880335,None,0
2023-01-17 20:00:00,Pipeline,81.40542935074774,48.23773134181129,1.114471598831409,74.1807517613596,61.20549736870293,None,0
2023-01-17 21:00:00,Heat Exchanger,76.23078201656182,60.741484318934795,1.6481718113424586,68.50512462789297,50.74899483502681,None,0
2023-01-17 22:00:00,Pump,73.86871947484259,49.530482156434765,2.3210225459467804,75.53526227437598,92.70514679248981,Overheating,1
2023-01-17 23:00:00,Pipeline,62.007836365541756,55.81500484852652,2.2526966881102317,79.20250747192135,35.62293655895539,None,0
2023-01-18 00:00:00,Heat Exchanger,77.32786742940164,47.99395396727661,2.025456847767736,85.37886796404887,69.51989446297038,Wear & Tear,1
2023-01-18 01:00:00,Pipeline,67.43236022984074,53.547997396917836,2.085200497031005,55.85620390707886,20.106524926890792,None,0
2023-01-18 02:00:00,Compressor,53.100782950214466,54.640078295758435,1.0570676910678953,89.08184336829297,45.30569118976239,Wear & Tear,1
2023-01-18 03:00:00,Compressor,86.94592220513731,51.042459852877904,1.8137188597145426,42.93964880421916,76.68939264264763,None,0
2023-01-18 04:00:00,Heat Exchanger,84.58385819842043,38.22758538651699,1.659324196782395,72.8619097168397,30.23352465305189,None,0
2023-01-18 05:00:00,Pipeline,75.5166097685108,50.09126230428056,1.6704701547427296,62.040559038431354,63.079394108897134,Wear & Tear,1
2023-01-18 06:00:00,Pump,77.29074688205702,56.152300238799874,2.2997893139068766,79.014035681093,23.80933262881543,None,0
2023-01-18 07:00:00,Heat Exchanger,85.74318012715561,52.637404165138655,1.5697463367473448,58.60623123638556,19.2431522225234,Overheating,1
2023-01-18 08:00:00,Compressor,77.24339656778082,52.22919437614623,1.6976595749362946,77.03631812174586,57.09094740325384,None,0
2023-01-18 09:00:00,Compressor,84.04017554761315,41.388715330212406,0.9564653771452418,85.81012287886068,70.75098964774259,None,0
2023-01-18 10:00:00,Heat Exchanger,72.0251779912615,46.3977246466247,1.8529384098119153,73.93765596840524,20.20303596110351,None,0
2023-01-18 11:00:00,Pipeline,88.11983738573946,52.0567881557572,1.4560812261431901,76.56565717309945,92.59986271356236,None,0
2023-01-18 12:00:00,Compressor,78.20785725932684,52.05191638393446,2.039601464344822,34.03052587595137,30.319503642772016,None,0
2023-01-18 13:00:00,Pipeline,76.94051943605874,56.073333900664515,1.5244459766287677,42.29745973393683,20.797777734337004,None,0
2023-01-18 14:00:00,Compressor,62.29938911287968,49.27566622426953,2.052271122774608,88.45822443021562,28.24290175151895,None,0
2023-01-18 15:00:00,Compressor,77.86955854301709,52.02912043336907,1.9276571196288284,71.59122022724367,25.261521087865773,None,0
2023-01-18 16:00:00,Valve,66.68045082505549,50.08187120965647,2.8360208865211605,63.68694103866028,18.16071855516541,None,0
2023-01-18 17:00:00,Compressor,68.61717273471506,45.065286317492216,2.2486089902265967,52.01858240378701,81.80553113008366,Corrosion,1
2023-01-18 18:00:00,Pump,66.84624371683879,38.721043344526265,1.0801810637188485,32.663340072415075,54.59839972696999,None,0
2023-01-18 19:00:00,Heat Exchanger,64.33765068100774,52.155048460650384,1.3675555779486457,52.148154477848095,44.96674963408145,Leakage,1
2023-01-18 20:00:00,Heat Exchanger,96.24771403016962,50.869736042064055,2.0276040044961667,59.93477239737456,95.55651342857198,None,0
2023-01-18 21:00:00,Pipeline,88.31339061988403,46.90912478949915,1.5350760258036746,42.6875705632132,43.39075483583117,None,0
2023-01-18 22:00:00,Compressor,94.20367502144262,41.904134717420675,0.5158157848820739,40.388207476429955,25.027545344247045,Wear & Tear,1
2023-01-18 23:00:00,Pump,62.77104980444436,53.14869757204369,2.6747731569168716,60.50499308145101,34.66386027339367,None,0
2023-01-19 00:00:00,Pipeline,75.71253749910892,48.67039962902224,2.360112008452704,65.15425413765263,31.50698802297368,None,0
2023-01-19 01:00:00,Valve,62.06492374795904,52.78437361184073,2.2604884367458857,44.39507513127149,54.886715160697435,None,0
2023-01-19 02:00:00,Pipeline,68.04305122802936,59.320242652058795,1.6963384772645425,65.24336846737279,36.23546115591165,Electrical Failure,1
2023-01-19 03:00:00,Pipeline,65.81873016583425,39.29284559840148,2.213838385504965,84.02039783245769,56.44550549677256,None,0
2023-01-19 04:00:00,Compressor,87.39584006441561,46.50199595648818,1.6478198378895592,58.39039548128123,70.23640824521101,None,0
2023-01-19 05:00:00,Valve,71.0377032189824,48.953121933440435,2.1024286501088456,81.44341017523088,79.95689071419321,Wear & Tear,1
2023-01-19 06:00:00,Pipeline,85.68379333694017,57.27413087073325,1.5397083870817614,85.6362866719991,73.91420031405077,None,0
2023-01-19 07:00:00,Pump,81.04120889588518,41.81798490396758,2.758144225278007,35.54364173622514,28.503164481072485,None,0
2023-01-19 08:00:00,Pump,98.03638752104789,59.67930512840302,1.2148816729590777,35.74869477940782,20.43097473184784,None,0
2023-01-19 09:00:00,Heat Exchanger,60.20555776860276,50.67927950783145,2.6161419147554157,58.56265097325608,58.82051431911258,None,0
2023-01-19 10:00:00,Valve,87.59233239786799,49.51999669133071,2.0194579140086653,65.28614665906215,27.902061208733066,None,0
2023-01-19 11:00:00,Valve,86.46440870400727,49.00970118390547,1.7552665023290046,55.553007867901755,17.644034959436194,None,0
2023-01-19 12:00:00,Heat Exchanger,65.26621161972966,47.81868483909986,2.0835014608478692,49.58704622505018,57.43849086814755,None,0
2023-01-19 13:00:00,Pipeline,85.0713333647316,55.240583796345774,2.3666740035890905,68.45964696756936,39.41147665970159,None,0
2023-01-19 14:00:00,Valve,78.36144963026229,44.6573962295878,2.6833733683471985,30.124890740995216,78.05341107446534,None,0
2023-01-19 15:00:00,Pump,72.72523740046593,51.72707090821927,2.1565715115667663,88.08439685182455,38.27724674935762,None,0
2023-01-19 16:00:00,Pump,66.76064513028001,48.07909167146512,1.5546519573688613,43.924745291281326,98.08454233502324,None,0
2023-01-19 17:00:00,Compressor,67.80890548550813,46.18933275742951,2.0278150618828943,85.02592611498042,78.26708721346372,Electrical Failure,1
2023-01-19 18:00:00,Valve,95.49812095785926,62.92987587841948,2.9083966183311865,36.54088467207036,15.192389933997593,None,0
2023-01-19 19:00:00,Pipeline,75.00682818957483,52.0952536737673,2.673839042756312,44.28523092267436,55.798546632064856,None,0
2023-01-19 20:00:00,Heat Exchanger,82.82130001531459,53.06632772330572,2.454381739062179,44.09242206525002,60.63584510926993,Overheating,1
2023-01-19 21:00:00,Heat Exchanger,67.09100618332447,55.68888390334331,2.3978435100611932,89.76917425203877,72.57724396134378,Electrical Failure,1
2023-01-19 22:00:00,Pipeline,67.2014705377836,42.89325027340726,2.3497250453032708,30.276032743553067,54.80171173303824,None,0
2023-01-19 23:00:00,Compressor,85.81984809249943,58.76145954561016,2.579377417254935,68.37829255820975,53.509923857311584,None,0
2023-01-20 00:00:00,Heat Exchanger,61.50423788448468,37.455214107524625,1.7716856071390474,82.18119486365117,43.11447505098515,None,0
2023-01-20 01:00:00,Valve,70.84786232094729,46.1561679498074,1.322456967112497,70.33641924148421,34.43152455092564,Corrosion,1
2023-01-20 02:00:00,Compressor,75.34027411072232,47.7048416341055,2.0345017503685305,51.764029093016646,95.1580190779061,Leakage,1
2023-01-20 03:00:00,Valve,76.11372601840053,52.90861682485253,1.5912092066111545,87.4985617621761,38.58370026709348,None,0
2023-01-20 04:00:00,Pump,73.20906714983843,51.09359133070744,1.4724896223114077,83.61124527534247,15.707919212229761,None,0
2023-01-20 05:00:00,Compressor,78.95819781095923,49.16592629650803,1.6398607117060342,56.03729521497107,25.055626536407104,None,0
2023-01-20 06:00:00,Heat Exchanger,81.92855755817811,49.94001327686138,3.2426569622668433,64.3997095566698,87.15489724371606,None,0
2023-01-20 07:00:00,Compressor,82.3463754545933,45.109884882387156,2.068062317037922,88.05115126831444,62.797011321104556,None,0
2023-01-20 08:00:00,Compressor,65.14196191332174,42.51383802757913,2.180953918180494,88.95362171558821,80.0902494439359,Electrical Failure,1
2023-01-20 09:00:00,Compressor,72.15844902071203,53.632558111680304,1.388818596497873,56.989396543077135,82.79033915257249,None,0
2023-01-20 10:00:00,Compressor,86.94762861876937,53.468530562680925,1.0781235206036852,80.84100168858532,84.0912795289966,Leakage,1
2023-01-20 11:00:00,Valve,83.94647187573872,57.92247187578529,1.590473678440597,48.118813617236185,59.555233697014785,Corrosion,1
2023-01-20 12:00:00,Pump,61.27140548518936,46.04991451592396,2.7190977926043742,52.30877237583988,25.94085361291944,None,0
2023-01-20 13:00:00,Pipeline,78.51479900352201,53.46407605150461,2.1671377330382606,39.889312979413575,23.34094770125276,None,0
2023-01-20 14:00:00,Compressor,55.2177475062519,48.58146635817634,2.299297545722196,42.551075566603814,61.65859783376012,None,0
2023-01-20 15:00:00,Heat Exchanger,75.4693490206037,55.95237492596741,2.369283019601031,69.41239813556153,42.98629183171088,None,0
2023-01-20 16:00:00,Compressor,93.97767016745976,55.10981388339071,1.704325310100861,60.64689708042485,60.22434171211906,None,0
2023-01-20 17:00:00,Heat Exchanger,65.52107282731014,51.056046996122284,2.693982791986684,43.867911637536174,54.86300598140783,None,0
2023-01-20 18:00:00,Valve,66.65676954508417,48.302349216670066,1.683596200388909,54.174576981699154,64.19782717277937,None,0
2023-01-20 19:00:00,Heat Exchanger,82.6402978157286,54.80466089304131,2.7031161796312766,52.39100759182091,12.89006116629088,None,0
2023-01-20 20:00:00,Pipeline,59.571984847903536,53.23452261628283,2.2211510780676704,89.24161227212005,12.955301256711103,None,0
2023-01-20 21:00:00,Pump,68.67244970114962,46.577797989569085,1.105477422876839,81.21395023268276,74.94356537636578,None,0
2023-01-20 22:00:00,Heat Exchanger,80.96441137581752,43.361006632602844,1.6259952566997324,53.277980003029455,27.381451944044784,None,0
2023-01-20 23:00:00,Heat Exchanger,68.65714152310596,48.557335496591016,1.1075307335639477,84.83499473376199,68.69786159728507,None,0
2023-01-21 00:00:00,Pump,72.64030012789028,57.57706907674105,2.581641066397104,50.55812349769027,59.191831971230904,None,0
2023-01-21 01:00:00,Pipeline,82.44185710315034,55.73243579366519,1.9876322895987995,70.07409076409157,98.36150242641611,None,0
2023-01-21 02:00:00,Compressor,79.21546083536562,44.4383626516471,0.8858287800251099,87.99899980092675,85.1865290994756,None,0
2023-01-21 03:00:00,Heat Exchanger,77.66818396295402,44.1612129205004,2.1878734408598293,53.41673183931314,47.18210691982145,Leakage,1
2023-01-21 04:00:00,Pump,71.60877720729961,56.37341924839743,1.73141786880584,70.79309790629603,65.47715380838486,None,0
2023-01-21 05:00:00,Valve,78.70061115268956,44.32182047621085,1.2580970724833382,47.755428663757996,20.556051150292483,None,0
2023-01-21 06:00:00,Pump,73.76267319900244,52.546476618210036,2.8389829184843487,45.97873893587848,44.77474386661429,None,0
2023-01-21 07:00:00,Valve,79.57805609925785,46.91964392331838,2.0536429330482893,64.44939998589311,76.04989669808869,Overheating,1
2023-01-21 08:00:00,Pipeline,70.03067974882022,58.085224622608415,1.8532842988433438,88.75587588199309,66.04044257157884,None,0
2023-01-21 09:00:00,Compressor,73.17431025620459,46.1478760043106,1.8002876095069915,57.18803092321019,53.602419193962206,Wear & Tear,1
2023-01-21 10:00:00,Pump,65.10042207447987,55.71680765102914,1.243360265421114,86.25821821899484,25.887619364740218,None,0
2023-01-21 11:00:00,Heat Exchanger,74.64992389993765,50.924293270301824,1.3477255502079453,84.8618112146857,82.28313335417901,None,0
2023-01-21 12:00:00,Pipeline,66.88999136371154,51.260974271171435,2.6424583924375415,45.22575674069969,34.584994397041925,None,0
2023-01-21 13:00:00,Pump,63.85953549838007,40.148457093242996,1.7630585651071404,54.109164425059646,83.84311734957186,None,0
2023-01-21 14:00:00,Heat Exchanger,77.58661147855388,38.985433233971406,2.011033850468432,68.59814870965099,65.04481565154941,Corrosion,1
2023-01-21 15:00:00,Pump,77.1273977585766,48.89717029866343,0.9778347618994627,61.0827530646835,43.545828515390866,None,0
2023-01-21 16:00:00,Valve,82.82873734948572,51.234530317083056,1.3409539821022471,35.75751179179046,13.654469976399234,None,0
2023-01-21 17:00:00,Pump,70.68874430424901,44.37401086131138,2.3049062599373764,89.6218818076295,30.91769599099392,None,0
2023-01-21 18:00:00,Pump,79.08052846836756,44.55653294761829,2.188855880056917,75.1592400726768,90.01638329393475,None,0
2023-01-21 19:00:00,Pump,80.50797572273663,52.807363149130666,2.8766875993621577,56.26164229348271,83.61769095061457,Leakage,1
2023-01-21 20:00:00,Pipeline,79.44773807831595,52.81427240228565,2.6714781658156133,67.09011297997748,61.736798164068816,None,0
2023-01-21 21:00:00,Pump,66.74346317197858,49.311294698060365,1.8846445137575885,35.25436903597381,51.969021756591424,None,0
2023-01-21 22:00:00,Heat Exchanger,76.49363482271188,53.90100860593037,2.2364767823566356,59.7180992213766,68.24284113970982,None,0
2023-01-21 23:00:00,Valve,78.64140296054661,44.128988521399265,1.841698278548463,85.84994494904927,51.96233150589713,None,0
2023-01-22 00:00:00,Valve,75.07178466907942,48.220325414565146,3.0274049093193245,83.7960574832987,67.98743566472263,None,0
2023-01-22 01:00:00,Pump,54.13522341628915,58.23938802891837,2.5745073480262,50.24285072898874,37.66636896941421,Corrosion,1
2023-01-22 02:00:00,Pipeline,76.6048962397348,50.341610649699085,2.0848425454288755,61.88207182928033,85.46474961203276,Wear & Tear,1
2023-01-22 03:00:00,Pipeline,97.12531039397243,50.631562572934996,2.100197392438176,71.84301144525881,73.172610411874,None,0
2023-01-22 04:00:00,Heat Exchanger,71.39960731243018,61.5297329298387,2.722425143629904,50.40055601447432,39.69780655849226,None,0
2023-01-22 05:00:00,Pump,67.7192290214468,43.00328917075615,2.2897889235569235,33.89275308563631,84.7599503341097,Corrosion,1
2023-01-22 06:00:00,Valve,78.73348559711398,53.98215183321055,2.779314008535043,60.32649940306828,53.8608277767861,Overheating,1
2023-01-22 07:00:00,Pipeline,78.12378210466572,58.3199313990405,0.9031760368705632,66.09814414940018,25.717497826371535,None,0
2023-01-22 08:00:00,Pump,86.92735165416414,48.37571036750727,2.230614130749399,30.350496007290616,16.994121580317398,None,0
2023-01-22 09:00:00,Pipeline,62.42131844091112,54.29815393427423,1.7422825676593074,35.73452241231184,72.96451728734984,Wear & Tear,1
2023-01-22 10:00:00,Pipeline,82.31380252574992,45.089902513945475,2.878188993813996,42.437438615649135,87.86087237872096,None,0
2023-01-22 11:00:00,Valve,80.90422061251464,46.566338022163244,2.7731993435949147,50.883137219456046,82.66977897350893,None,0
2023-01-22 12:00:00,Compressor,73.57853463059453,51.92483208023817,2.016417904550653,62.463073369834824,69.00859271999367,None,0
2023-01-22 13:00:00,Heat Exchanger,78.3868731792169,53.992833365552954,2.767815489405516,47.63057512557992,22.723755004429123,None,0
2023-01-22 14:00:00,Heat Exchanger,85.29457481598357,55.60468256203123,2.891557259996253,46.57102886439023,18.463966837898816,None,0
2023-01-22 15:00:00,Valve,83.7231538002845,57.848142934697464,2.0372033359630737,82.1609606287849,41.052666071055285,Electrical Failure,1
2023-01-22 16:00:00,Pipeline,63.569806879262714,49.66276720722409,3.2359668862159285,38.70303844808558,86.9419801358892,Corrosion,1
2023-01-22 17:00:00,Pump,83.20158186755485,55.96805877586294,1.9843294236651388,59.72760799034162,96.55626432759978,None,0
2023-01-22 18:00:00,Pipeline,74.35311394967482,48.288475782754254,1.8927395248320456,87.16948301616816,31.722476936236415,None,0
2023-01-22 19:00:00,Valve,75.72874098015515,54.51045655794134,2.4329362942921717,67.50079494696274,78.5886103523548,None,0
2023-01-22 20:00:00,Heat Exchanger,75.73196991001694,51.03744398926091,1.823104634428843,73.03232879366631,61.64822952164852,Electrical Failure,1
2023-01-22 21:00:00,Pipeline,73.4975701120174,52.22838953540962,2.0426698878974467,55.87421948343643,12.862663037014848,None,0
2023-01-22 22:00:00,Heat Exchanger,86.91707497107065,52.11753937011019,2.704717212025455,31.195930027183174,58.862471493964584,None,0
2023-01-22 23:00:00,Pump,74.16282040150789,41.97647495101094,2.0096094261086352,68.76782210203233,82.53463626904197,None,0
2023-01-23 00:00:00,Heat Exchanger,63.80453871616831,44.37939070569613,1.1524911035123462,67.91545688568745,34.85105050096239,None,0
2023-01-23 01:00:00,Heat Exchanger,71.06470144030271,50.512707199087615,2.1836596939245982,36.625658187799985,90.76254615734149,Electrical Failure,1
2023-01-23 02:00:00,Compressor,76.78694716810476,41.563604601794154,1.6518532104738026,57.72958281747789,31.26343661871732,None,0
2023-01-23 03:00:00,Compressor,87.29214784297051,54.15605551599878,2.432635578647273,84.91973667993902,16.882581937964886,None,0
2023-01-23 04:00:00,Compressor,81.03094684948833,54.35777983144071,2.348094857913123,42.30508991831851,24.394537849560763,None,0
2023-01-23 05:00:00,Heat Exchanger,66.49464721252956,51.63585276438895,2.735700174083261,57.665925278046615,85.33025818488265,Electrical Failure,1
2023-01-23 06:00:00,Valve,99.85189916678891,44.39432993621039,2.4537661503963486,57.66619111203123,47.55753271355755,None,0
2023-01-23 07:00:00,Heat Exchanger,77.6477531097798,56.900694694342576,2.545122141829032,78.6456880888583,81.72510072594919,None,0
2023-01-23 08:00:00,Valve,87.75390737999015,60.18605319859179,1.6654516199311433,79.47455221976668,57.81097548906356,Electrical Failure,1
2023-01-23 09:00:00,Valve,73.48285566422771,50.73538413722987,2.401993247945251,75.55616517980351,53.25032123149883,None,0
2023-01-23 10:00:00,Compressor,80.3335924470545,52.55267689225618,2.984225644680145,51.92724955129643,82.62218363432189,Overheating,1
2023-01-23 11:00:00,Pipeline,83.39468504518405,51.00869327398022,1.6556750456816163,34.3222155011112,48.11388505411383,None,0
2023-01-23 12:00:00,Pump,87.18194711754256,52.651845944993994,2.899869145863549,50.96897863344085,82.18294579597314,None,0
2023-01-23 13:00:00,Compressor,85.57368305378225,49.40220621686802,1.7253249543993348,70.78747207628038,19.059594846710105,None,0
2023-01-23 14:00:00,Compressor,83.72197000072978,49.827178800780985,1.5740143774750128,72.16479446934459,67.26797339853309,Overheating,1
2023-01-23 15:00:00,Pipeline,71.84913268805892,54.52858800248683,2.148100221677419,87.90001256860315,73.23283508967862,Overheating,1
2023-01-23 16:00:00,Pump,69.28253958043939,61.728120809482206,2.357955208064405,57.218473886622505,90.91876565275685,None,0
2023-01-23 17:00:00,Heat Exchanger,78.32607510324198,42.99964382799131,2.4558750619861325,67.94613497641743,30.189152684457547,Wear & Tear,1
2023-01-23 18:00:00,Heat Exchanger,84.33128072341069,49.480937577985166,1.519118789613399,62.3514522433519,64.37978920835664,Overheating,1
2023-01-23 19:00:00,Compressor,72.77279299223393,44.09769757383959,2.217270048627145,39.03711360679424,48.993090732030076,Corrosion,1
2023-01-23 20:00:00,Pump,85.65171965714387,57.96012449288042,1.6572227142582474,57.67214832792816,44.449448998962616,None,0
2023-01-23 21:00:00,Compressor,89.52616745486179,47.061310153400505,1.2555388719647116,62.69010928133965,19.604219969076173,None,0
2023-01-23 22:00:00,Valve,65.8367908092658,42.78399603107103,1.5356318422336077,87.04497636253552,22.080999753544802,None,0
2023-01-23 23:00:00,Compressor,66.6307929620372,53.190934994242866,1.624549817022091,51.99234326453737,85.32896153028817,None,0
2023-01-24 00:00:00,Compressor,73.59624941094664,58.721555573715555,2.2607975801762534,88.80594618647866,77.47780890930058,None,0
2023-01-24 01:00:00,Heat Exchanger,78.07612668189196,53.31798934280381,2.576106831534334,62.53800444144507,44.41070172619904,None,0
2023-01-24 02:00:00,Heat Exchanger,69.75432986232948,51.02398938640959,1.2633966850623666,44.54815459818345,84.56379232506677,Leakage,1
2023-01-24 03:00:00,Heat Exchanger,88.52202678867144,52.04570461387997,2.175980537104028,41.49986322094847,17.26895663412206,None,0
2023-01-24 04:00:00,Valve,79.24066861518452,57.07420331412777,1.4116509071145469,38.501695035613906,66.22965253298517,Corrosion,1
2023-01-24 05:00:00,Heat Exchanger,75.3944704824074,45.62900364992925,2.314542704507,57.17597223440718,88.13584474428595,None,0
2023-01-24 06:00:00,Pump,60.64090476131472,49.440764479568436,1.688634709498126,31.315585787335394,85.49778079281245,Corrosion,1
2023-01-24 07:00:00,Pipeline,61.84184183572493,47.73654925745233,1.4743354909883606,56.70271699889192,43.550448394767386,None,0
2023-01-24 08:00:00,Pump,77.81009250281807,44.16067346354145,2.399832257673787,89.30428152935679,77.07104677512902,None,0
2023-01-24 09:00:00,Pump,53.67404373845164,48.35812370291599,1.7065386972774526,70.206407743336,48.47213309678898,None,0
2023-01-24 10:00:00,Heat Exchanger,85.12637409644071,55.53860547991224,1.8420180243236508,75.58716727202429,85.61243479509544,None,0
2023-01-24 11:00:00,Pipeline,73.4184615562768,52.833010741963626,0.8900054562218118,37.14032344309575,57.76857551395207,None,0
2023-01-24 12:00:00,Pipeline,107.43092969594733,53.221552500541,2.473275680711737,58.38605168940545,78.8371344194537,None,0
2023-01-24 13:00:00,Pipeline,98.07916250616111,50.73237805826659,2.4104542605845536,47.173386061542836,17.071442406250455,Electrical Failure,1
2023-01-24 14:00:00,Valve,73.18550930752484,52.616618913642945,2.002728922140657,83.64585167934176,63.102337444797655,None,0
2023-01-24 15:00:00,Heat Exchanger,73.93662997468685,45.99704828825947,1.2362095293221205,40.87754832083475,59.52557597224048,Corrosion,1
2023-01-24 16:00:00,Pipeline,84.95581514002029,48.45245057036385,2.6046845891673813,57.52399962820452,64.89790495616441,None,0
2023-01-24 17:00:00,Valve,92.03172609918037,50.960021184843384,1.6668683068196044,65.28286310073827,72.6077447124031,None,0
2023-01-24 18:00:00,Compressor,58.61970942563983,51.38757929440945,1.7733232749497059,60.84246549471196,92.62980730307278,None,0
2023-01-24 19:00:00,Compressor,57.13624534645314,51.60093927460937,3.1560220281797653,79.81461167822444,80.71138735984279,None,0
2023-01-24 20:00:00,Valve,68.77965194445619,49.30832358991811,1.6481817779453851,43.88719027917843,29.767419229141424,None,0
2023-01-24 21:00:00,Valve,80.82737583173865,48.112882994348354,2.37110498121325,52.643466625421475,84.33066423628864,None,0
2023-01-24 22:00:00,Heat Exchanger,79.96873590507597,65.78885641522149,2.281046131041309,77.52505779443715,20.98717098535861,None,0
2023-01-24 23:00:00,Heat Exchanger,85.69771454983851,54.533936364662,2.1950860964400425,61.68428470420829,65.99787271075627,None,0
2023-01-25 00:00:00,Compressor,63.003024716346914,52.065737379763114,2.1410002712772553,54.12704313887744,89.44784274213488,None,0
2023-01-25 01:00:00,Pipeline,51.83856137031123,48.83395750896803,2.1881942809446,31.76655088468989,19.100984879341354,None,0
2023-01-25 02:00:00,Compressor,83.58014195302145,47.74390586528062,2.13597029547027,75.20312544093656,86.47233879792346,None,0
2023-01-25 03:00:00,Pipeline,66.71803727034765,49.34599703136522,1.9740408206119695,88.33092467800562,81.8758660807221,None,0
2023-01-25 04:00:00,Pipeline,54.81512135611362,51.464144217933416,2.755641562055371,67.2172205693106,55.33978904551637,None,0
2023-01-25 05:00:00,Heat Exchanger,76.45063745959382,40.59782227968459,1.3436697196003609,81.39247324132768,37.80078420658637,None,0
2023-01-25 06:00:00,Pump,82.93175688218678,42.153052023126584,2.5107290520076884,61.01254459169557,46.48944052643895,None,0
2023-01-25 07:00:00,Pump,73.77942867878723,46.81558805530521,2.411171149343776,43.90085792540187,97.17923221301906,None,0
2023-01-25 08:00:00,Valve,70.42151613817511,51.03569718389284,2.3491995606647005,30.866526254108727,28.152780053666174,None,0
2023-01-25 09:00:00,Heat Exchanger,73.40637767854093,48.80363426424074,2.558489713820064,69.20389605539935,62.164385904690576,None,0
2023-01-25 10:00:00,Pipeline,71.29417237599218,57.39060613049742,1.9537003023658035,59.58653089489468,17.491667309081546,Wear & Tear,1
2023-01-25 11:00:00,Pump,61.51952888059833,42.58801606502116,1.0655129620865615,76.9258888252561,29.6103757770255,None,0
2023-01-25 12:00:00,Pipeline,67.85319323009568,46.24327265198315,1.9638536701427571,71.68094504611827,78.69847492670685,None,0
2023-01-25 13:00:00,Pump,80.21279905013814,57.60045870495551,1.5044028911877227,89.27714209239389,37.23391363244745,Wear & Tear,1
2023-01-25 14:00:00,Pump,78.216785413765,50.655596623375736,1.634070395070968,60.61875500472239,98.7189463506461,None,0
2023-01-25 15:00:00,Pump,76.6805980596682,54.42421291400579,1.378790163083794,55.63048738038056,55.0735338784456,None,0
2023-01-25 16:00:00,Heat Exchanger,65.0485151814662,60.256234716347315,1.7613275707780829,47.204381366357694,56.48853927769685,None,0
2023-01-25 17:00:00,Compressor,73.18496837864333,46.53097791049089,1.7016881530082755,58.61167750747647,13.268326540216172,None,0
2023-01-25 18:00:00,Pipeline,53.22934953557145,49.50342831103984,0.8112150850364488,82.37228868737532,96.08740746195394,Overheating,1
2023-01-25 19:00:00,Heat Exchanger,76.7847666388539,48.63786549534564,2.350110955641145,32.546383547504476,25.681009679597615,Wear & Tear,1
2023-01-25 20:00:00,Heat Exchanger,89.28857707813567,40.22703497758362,3.110160929002441,88.67400283717132,58.45065389293983,None,0
2023-01-25 21:00:00,Heat Exchanger,60.25867867957894,48.44801598122015,2.3031185967481442,89.59843165846789,45.61071489628584,Wear & Tear,1
2023-01-25 22:00:00,Heat Exchanger,69.14072326682245,54.40531093690333,1.8985380217328862,65.8692827152741,47.40262306701452,Wear & Tear,1
2023-01-25 23:00:00,Heat Exchanger,78.2910677871013,52.702947709061206,1.9726268021618922,49.892652221724084,67.89701494324976,None,0
2023-01-26 00:00:00,Valve,87.52842634427483,53.09541584694005,1.789507065993412,43.38293809932143,69.58798093832297,None,0
2023-01-26 01:00:00,Pipeline,70.51775383699851,48.122455096802504,2.0450207919334793,46.58942374109273,23.885975337228718,None,0
2023-01-26 02:00:00,Heat Exchanger,68.07749670734104,46.719513819971795,1.981495952963383,33.00632559029831,54.962798780970296,Wear & Tear,1
2023-01-26 03:00:00,Pipeline,55.31076857583917,56.346278359493105,1.5794757848008527,58.50665750900153,81.14297042276712,Corrosion,1
2023-01-26 04:00:00,Valve,76.03438129308107,47.513414268211655,2.8414441944739157,33.43945625186435,49.89578351970066,None,0
2023-01-26 05:00:00,Valve,95.42076040143743,51.47041019396607,1.2564228821451144,73.10845288655551,24.922402374392213,None,0
2023-01-26 06:00:00,Pipeline,77.77358461964675,50.81667340338769,2.359165771597123,52.315767331971244,38.18952488410216,None,0
2023-01-26 07:00:00,Pump,74.77721020816287,57.30858508128559,1.9494011863412342,41.96188390482979,29.11416076945632,None,0
2023-01-26 08:00:00,Compressor,78.22082310766986,54.8570617883618,2.9504159075328724,62.6912134701623,21.323572112335334,None,0
2023-01-26 09:00:00,Pump,74.88907996051398,43.52370689666439,2.1704322996241108,88.42555843458082,43.98230146918184,None,0
2023-01-26 10:00:00,Pump,66.8698562773987,44.062234166124796,1.8200472314083758,71.7078629411051,58.68426188782676,None,0
2023-01-26 11:00:00,Pump,83.23279915677705,52.89454909034567,1.8761464007827513,59.50481100624961,16.547637274896857,None,0
2023-01-26 12:00:00,Heat Exchanger,77.25761523111754,49.67831176310417,2.0199533472598805,76.61485795527037,64.3441035005365,None,0
2023-01-26 13:00:00,Valve,75.17613251933658,47.72414108023118,1.4286046525017997,74.24858831393932,99.37219961526468,None,0
2023-01-26 14:00:00,Pump,65.2463397272175,55.07813941997235,1.6165652374410442,83.50412766346761,96.77124388180752,None,0
2023-01-26 15:00:00,Valve,88.03507931934759,50.93729691044455,1.1075280154040712,42.28013685563685,84.6256133799243,Leakage,1
2023-01-26 16:00:00,Pipeline,81.6470274533311,50.26228693444722,1.538511550812953,81.53265457552392,33.97070015221627,None,0
2023-01-26 17:00:00,Compressor,69.47079162632699,53.899143203775246,2.046953240830225,48.06156522250193,12.016683683143057,Overheating,1
2023-01-26 18:00:00,Pipeline,85.01824853681937,48.12445502528218,2.1500875246422604,86.45993566950582,85.01875325945659,None,0
2023-01-26 19:00:00,Pipeline,70.02429161614793,57.84259492736277,1.0103351525017992,46.86390893680411,15.01482087808419,None,0
2023-01-26 20:00:00,Heat Exchanger,67.17996507488964,46.05976188383496,1.9313941484778998,85.61091258976057,28.506527332369334,Leakage,1
2023-01-26 21:00:00,Compressor,67.40296882519714,53.28464533171044,2.281704975411066,87.82744286784481,59.00078939021059,None,0
2023-01-26 22:00:00,Pipeline,57.28931446911909,57.169164193299224,1.9185439033118823,38.72948144742085,26.054023522927924,Corrosion,1
2023-01-26 23:00:00,Pipeline,79.71542380418205,43.1135225536395,1.6831056771111,88.46999299576697,85.04094981687777,None,0
2023-01-27 00:00:00,Compressor,56.6885512166165,48.28332412073775,1.7939194274758932,35.14337810575694,79.94437266338461,None,0
2023-01-27 01:00:00,Compressor,62.71556168734237,55.71103696442779,1.729618322511389,43.11406719675132,78.01925551635247,None,0
2023-01-27 02:00:00,Pipeline,54.24411990921467,55.78622273865513,1.6816347204459714,56.650126852368274,83.45148543078189,None,0
2023-01-27 03:00:00,Compressor,74.13930307209107,49.142521998058804,2.086911762622424,89.6158419427026,29.773160223815086,None,0
2023-01-27 04:00:00,Pipeline,73.49679539728128,46.3266445316157,3.1538441138677253,59.31378306992276,75.60031385347745,Corrosion,1
2023-01-27 05:00:00,Pipeline,71.73303786813636,54.77967911165381,1.6281500415474084,63.02456659070915,41.975335233258825,None,0
2023-01-27 06:00:00,Heat Exchanger,64.57422305329423,55.91774551290803,1.8409286836692866,71.66549697141892,70.01602836115595,None,0
2023-01-27 07:00:00,Pump,63.2776624656336,44.17668325743803,1.9741510303123841,88.09761349637708,20.98195557680573,None,0
2023-01-27 08:00:00,Pipeline,79.64369863546574,43.9804317551681,1.6563227828208533,77.00108400745466,73.50279220580634,None,0
2023-01-27 09:00:00,Valve,69.49448068291512,51.126283409917995,2.549117901761713,43.44924026542191,97.48969551107017,Electrical Failure,1
2023-01-27 10:00:00,Pump,78.16358321536144,53.14680316714446,0.8145573133467809,48.179455839861276,13.924032878684462,Wear & Tear,1
2023-01-27 11:00:00,Pump,66.14751313875777,48.50465457384973,1.7344704148106622,35.85769437651146,18.444601105037627,None,0
2023-01-27 12:00:00,Pump,76.81062742771083,53.39646909991175,2.409156868159981,68.66714184988439,21.127309060421247,Corrosion,1
2023-01-27 13:00:00,Heat Exchanger,88.03278037316063,46.44931696581309,1.8529528458056832,40.84441839235329,48.75075144471711,None,0
2023-01-27 14:00:00,Pipeline,80.86165800392783,39.426532004631326,1.5895805205748543,45.44429330876194,36.17021664397483,None,0
2023-01-27 15:00:00,Heat Exchanger,70.8758618178352,47.88049463833702,2.220378377219382,83.28681931082264,82.62281381866244,None,0
2023-01-27 16:00:00,Pipeline,77.57198970355927,50.31616073256551,2.453171617698576,49.605340519920915,52.64085152808654,Leakage,1
2023-01-27 17:00:00,Heat Exchanger,72.59334825469787,48.62080020051772,2.1053177226075293,63.99880310125002,53.60836084196972,None,0
2023-01-27 18:00:00,Heat Exchanger,75.07880184694729,44.206983681702575,1.5993898200935583,53.85396052735062,74.53342911928183,Overheating,1
2023-01-27 19:00:00,Valve,71.74388947851496,40.92175512060591,2.228101659575872,34.441877244354814,42.57720842821711,None,0
2023-01-27 20:00:00,Heat Exchanger,73.3566479411461,47.42955597816051,1.798975349862605,51.771829793802304,41.78865226784171,None,0
2023-01-27 21:00:00,Compressor,77.12093353074175,54.48827885824872,2.372593440946914,54.48409218215585,78.12337488647324,Overheating,1
2023-01-27 22:00:00,Valve,65.06641300418049,56.28098719706841,2.7416294424282954,83.74206611469108,80.20375712530883,Leakage,1
2023-01-27 23:00:00,Heat Exchanger,64.84121173010021,55.938566920692274,0.6972116221557336,49.46703921878037,11.295889527953756,Leakage,1
2023-01-28 00:00:00,Pump,61.11457446168789,45.920452324257234,2.055533736597816,52.75446718572407,22.94114282566597,None,0
2023-01-28 01:00:00,Compressor,58.9972889549629,44.23146838184818,1.1321330315261864,76.97380612034007,29.17883630336318,None,0
2023-01-28 02:00:00,Compressor,62.82717307779521,52.483173074899476,3.2208942926648856,75.53739907269588,41.64404218820887,None,0
2023-01-28 03:00:00,Compressor,76.5946250680413,53.17550005798962,1.7659377331019048,77.89711659890945,36.230327508875774,None,0
2023-01-28 04:00:00,Valve,66.07212484508116,52.00084802600249,2.373186620912686,87.22624440456025,70.16680435494489,None,0
2023-01-28 05:00:00,Heat Exchanger,80.13614464231097,39.92968362881118,1.9823415702025522,77.73344990368705,84.53217104226624,Overheating,1
2023-01-28 06:00:00,Heat Exchanger,75.34713748752561,45.66557707558267,1.5984577096404702,54.45649219307346,27.287828412042174,Overheating,1
2023-01-28 07:00:00,Pump,55.31495786561946,49.85155604857011,1.5389734764112866,79.29051101388552,60.66820545417536,None,0
2023-01-28 08:00:00,Pump,81.5497558422169,52.43609097315213,2.7928395865503797,60.5204779253963,43.10346259729324,Wear & Tear,1
2023-01-28 09:00:00,Compressor,83.1079864559171,53.83653681301244,2.4779690300891555,46.66284195111392,55.520008754145564,None,0
2023-01-28 10:00:00,Pump,65.06137325165147,50.7212676114102,2.9717920436887817,48.17502408786074,65.86820576050545,Corrosion,1
2023-01-28 11:00:00,Valve,79.20191542894992,51.65391903269118,2.0277266675788495,43.4305433138039,90.423983681381,None,0
2023-01-28 12:00:00,Heat Exchanger,66.43501762590802,50.42432729180552,2.143959810623,38.6995774691852,27.306340104455266,None,0
2023-01-28 13:00:00,Compressor,75.97670376748336,53.428096871092414,1.8664042171723558,41.06942471121902,17.83059283504543,None,0
2023-01-28 14:00:00,Pump,62.35501593045034,51.564328257454555,1.8564588984424955,33.79068299722916,66.44907271408172,None,0
2023-01-28 15:00:00,Valve,57.06893547465423,50.328688300236436,1.479056533761316,83.30705189594318,45.47177638953639,None,0
2023-01-28 16:00:00,Valve,71.17182810387031,48.6581560043131,2.0420050954621756,85.86046857894739,24.66124239636897,None,0
2023-01-28 17:00:00,Pump,73.76271053725164,50.406457125212405,1.6053767025569015,65.20622354963373,20.537845061936025,Electrical Failure,1
2023-01-28 18:00:00,Heat Exchanger,71.02320306385396,52.422956894196375,2.2209544610821013,80.4293733965211,60.30188081866268,None,0
2023-01-28 19:00:00,Pump,63.1596944177744,51.33737694449031,2.0850051094901048,41.01426615918883,37.0423535075376,None,0
2023-01-28 20:00:00,Compressor,71.00100937868864,51.90413209172627,2.143841021837861,84.1004295136191,99.76837416273801,None,0
2023-01-28 21:00:00,Pump,77.69294752580734,56.71360930675593,2.837564969845113,60.381693577830504,46.53107373976426,None,0
2023-01-28 22:00:00,Valve,74.55106969877463,51.32581961373294,1.9811410251172044,34.029899556333305,29.10579478886644,None,0
2023-01-28 23:00:00,Pump,76.82501030599214,46.75500739763421,2.378363501426714,38.478764669649614,66.59641406055499,None,0
2023-01-29 00:00:00,Heat Exchanger,68.29884799545768,54.418033929970846,3.025754732042791,48.53858764720903,31.98294007214562,None,0
2023-01-29 01:00:00,Pipeline,86.7171791471616,43.16900831165541,2.6533085346475236,32.61345482128509,54.4677438908045,None,0
2023-01-29 02:00:00,Pump,63.238266634452195,44.59293309630357,2.576584849227422,48.55760268104662,53.43185653489067,None,0
2023-01-29 03:00:00,Heat Exchanger,79.87560297086719,51.67923632360034,1.84665589223975,33.59582598713351,50.82018667441635,None,0
2023-01-29 04:00:00,Heat Exchanger,86.81891092959961,52.58198333893289,2.1148215277838984,44.16165631156951,81.64771266426175,None,0
2023-01-29 05:00:00,Valve,79.80908092748895,43.774743882480024,1.3408618539850292,45.940185351386496,29.495170131956552,Electrical Failure,1
2023-01-29 06:00:00,Heat Exchanger,72.9747577293517,48.08591259506625,2.2494572004822073,89.66213858200763,91.38765745634231,None,0
2023-01-29 07:00:00,Heat Exchanger,69.71702953337021,46.969580838901706,2.1372300888069207,44.132800425819866,81.22064528921808,None,0
2023-01-29 08:00:00,Heat Exchanger,85.36087651046256,47.566618385592015,2.0116925625780904,44.35118693631482,39.98101278189914,Overheating,1
2023-01-29 09:00:00,Heat Exchanger,60.77025074738327,54.71798888136473,2.51359739412143,71.2073381015031,26.254225565212465,None,0
2023-01-29 10:00:00,Compressor,65.29875739620357,53.53252731773627,1.3961125887878016,81.56144871098712,35.15815220560671,None,0
2023-01-29 11:00:00,Compressor,71.02442234508278,49.904389100731464,2.817431425580174,53.223324756125194,39.93726222181705,Electrical Failure,1
2023-01-29 12:00:00,Valve,87.37653757511998,47.27019036442536,2.450882343970142,82.53708119644155,60.1239851926342,None,0
2023-01-29 13:00:00,Pump,78.79767636040896,43.2517516488993,1.964683010174013,50.408521244865426,14.173135193228513,None,0
2023-01-29 14:00:00,Heat Exchanger,65.31954241489754,57.10092469390975,1.9256352060913031,41.82095277690116,92.29232168668479,None,0
2023-01-29 15:00:00,Pump,71.89692294615097,52.960569501424594,2.2403056076242973,49.77832945966341,18.88073709949999,None,0
2023-01-29 16:00:00,Pump,68.85676855903705,46.4666544796343,2.7604256160318896,66.56138243567955,35.134605469003134,Electrical Failure,1
2023-01-29 17:00:00,Valve,67.90211007766464,53.597997488124456,2.0508038593450055,52.02858955872443,19.835869415766993,None,0
2023-01-29 18:00:00,Heat Exchanger,84.78889558556779,49.64888189712687,2.072015450989613,70.37362823935732,33.100554387309415,Corrosion,1
2023-01-29 19:00:00,Heat Exchanger,61.282568707364945,48.564452475688284,2.009059238812936,44.216152765348944,85.39064367479276,Leakage,1
2023-01-29 20:00:00,Pipeline,91.08780855734373,52.17605764144801,2.8910120563507364,72.05957363934893,65.3658230244918,None,0
2023-01-29 21:00:00,Pump,83.28229690184622,46.292508750436376,1.8155584485314882,50.846301794908,30.45909025805326,None,0
2023-01-29 22:00:00,Pump,85.90861670603698,48.28121740244945,1.9852462006904643,57.35210229611607,88.45826768194038,Corrosion,1
2023-01-29 23:00:00,Compressor,70.37060487974742,50.60730532099773,2.731717827130497,63.46470842657376,82.06408532966363,None,0
2023-01-30 00:00:00,Pipeline,73.50059280920891,47.50274403557393,2.073505416806432,71.17350019115962,77.82843540894225,None,0
2023-01-30 01:00:00,Compressor,60.66848185475288,53.34542605133762,2.5685294300227612,44.32282151092402,86.28694285471416,Leakage,1
2023-01-30 02:00:00,Compressor,69.75337592933197,59.3453325183913,1.5443599715485208,80.15673224464862,65.76847133664836,None,0
2023-01-30 03:00:00,Compressor,79.93654847643151,46.22850933696429,1.897353739185743,73.31056498531439,55.12936241901091,None,0
2023-01-30 04:00:00,Valve,87.96063061781396,41.674373518479776,2.7422170192201145,44.045875141439964,43.65415235542505,Overheating,1
2023-01-30 05:00:00,Valve,63.92843183197549,39.99129916261869,1.6618301421182273,88.49847375617463,30.138761836692854,None,0
2023-01-30 06:00:00,Compressor,71.34494063014733,49.247659292525086,1.9243504801151463,69.8878194618275,60.16704918822053,None,0
2023-01-30 07:00:00,Pipeline,73.48700779767478,46.68417704936908,2.128342615445739,57.145613188002336,90.05431111426795,Leakage,1
2023-01-30 08:00:00,Pump,61.04210797807515,51.0393025053354,1.5054227410035066,39.45163953321098,63.45836100930925,None,0
2023-01-30 09:00:00,Pipeline,80.913492417584,50.662988360130505,1.7930949406890515,61.993260138487884,92.76461755485731,None,0
2023-01-30 10:00:00,Heat Exchanger,67.7600966825739,41.98391576692952,2.0563183409128203,39.886553209627095,42.12256326338472,Wear & Tear,1
2023-01-30 11:00:00,Valve,73.04609648822976,40.92558085259297,2.0233408670809805,55.76950072187063,72.56241752747479,None,0
2023-01-30 12:00:00,Pump,70.48050628088123,51.479666201730474,2.6401760104185676,54.52275136437113,68.37989252163771,Leakage,1
2023-01-30 13:00:00,Pump,67.10661494280326,50.677144173599785,2.770728597416127,73.19637866084761,70.33904596564676,None,0
2023-01-30 14:00:00,Heat Exchanger,74.92955014519445,47.87091000816724,1.5719575639995442,41.54299087345499,68.05378110167133,Overheating,1
2023-01-30 15:00:00,Heat Exchanger,72.84390421431978,41.71428207433848,2.0556342595837447,79.31228129225076,29.94892074434051,None,0
2023-01-30 16:00:00,Compressor,71.28142117721335,52.35695631382495,2.3371241542123826,49.56793962096995,22.923180845483408,None,0
2023-01-30 17:00:00,Valve,67.71538378319657,56.35949772711972,2.7581737328995986,56.639317618126505,98.07654306088527,None,0
2023-01-30 18:00:00,Valve,78.19524670782955,51.38991220109461,2.3592451486585646,76.34045853323056,14.076561595825108,Corrosion,1
2023-01-30 19:00:00,Pipeline,91.53617268492285,45.76263054717468,2.145456700796166,67.52354398281088,52.09628383254433,None,0
2023-01-30 20:00:00,Compressor,76.39887232839128,50.22276082785576,2.3332712659913155,48.48152110811624,48.25722854276757,Corrosion,1
2023-01-30 21:00:00,Compressor,84.9611821491113,43.16942959533158,2.33688441716813,53.17217547275286,42.40170623935686,None,0
2023-01-30 22:00:00,Compressor,61.097780748465375,55.289803569193964,1.536142853857816,48.347208839376606,80.37854682190385,Corrosion,1
2023-01-30 23:00:00,Compressor,76.57761439293769,50.409221672647696,2.096399396253134,65.68621003662943,77.08152594812644,None,0
2023-01-31 00:00:00,Valve,64.02631681028933,41.15921544123384,2.7295804970943456,49.95747199241038,91.47024311769464,None,0
2023-01-31 01:00:00,Valve,60.23075072468099,48.49662819778159,1.8963216156529976,73.54186168698845,45.59387735682299,None,0
2023-01-31 02:00:00,Compressor,67.60628592540964,52.316507551171156,2.064723321273722,64.78722951502357,60.77615751365137,None,0
2023-01-31 03:00:00,Pipeline,86.91899334413573,48.33476189512239,1.878741775236989,38.742396704850535,90.30763426079086,None,0
2023-01-31 04:00:00,Pump,84.50015828669646,48.620521392799134,0.8430702521965625,48.61611712079295,99.4463256569846,None,0
2023-01-31 05:00:00,Pump,77.430047220544,43.877988964763645,2.0102950886173394,43.286846514609344,97.23649261288195,None,0
2023-01-31 06:00:00,Pipeline,59.672994401100695,52.83270493540828,2.1508959653264363,53.41879275308912,74.60594841418607,None,0
2023-01-31 07:00:00,Compressor,73.03719348612063,46.75765399990431,1.743753304559549,60.95904517256179,22.890480202916166,None,0
2023-01-31 08:00:00,Valve,78.01700008901736,39.21777311497483,1.422681525557636,60.405771437046596,12.086741061372393,None,0
2023-01-31 09:00:00,Pump,76.75536229578599,48.14371314664803,1.5596967701091753,75.27142059379733,84.26965207626476,None,0
2023-01-31 10:00:00,Heat Exchanger,56.56206416519254,54.90574857785177,2.3820938080677823,41.35031181610256,85.6847822042643,None,0
2023-01-31 11:00:00,Heat Exchanger,66.09682151980128,48.06535276700026,2.9862623865234523,86.78836975784681,77.17248174371227,None,0
2023-01-31 12:00:00,Pipeline,74.35922235851284,58.6899249256176,2.6912166704527163,50.57070641293012,35.193113739929814,Leakage,1
2023-01-31 13:00:00,Compressor,80.3629090951719,52.14483974274258,1.3278269975847241,48.01493081496831,67.5836073638674,None,0
2023-01-31 14:00:00,Pump,53.03872178900053,51.69379081140183,2.4273136552753516,71.11071469081318,38.46235976337468,None,0
2023-01-31 15:00:00,Compressor,73.37876024520142,49.358008670411955,1.668418812095355,78.33099772098376,50.558342149083224,None,0
2023-01-31 16:00:00,Pump,76.43048769878952,49.658568961178545,1.7088664687456114,52.708305888819204,44.41915764824594,None,0
2023-01-31 17:00:00,Pipeline,83.49611988516213,48.68288182440248,1.769012201014358,74.81081849363864,92.227607811105,None,0
2023-01-31 18:00:00,Pipeline,81.92857584237437,48.48865303958737,2.3530334749277153,83.02415736816329,31.074159766948803,None,0
2023-01-31 19:00:00,Heat Exchanger,80.82571318808806,52.654335810335745,2.4796266882245193,76.00821991241745,61.98498141163752,None,0
2023-01-31 20:00:00,Compressor,67.00059493298066,45.32084385104717,1.950984464360106,32.05178913424998,42.48833761304732,Wear & Tear,1
2023-01-31 21:00:00,Heat Exchanger,55.91997862876693,44.6205308563787,1.9594646294959877,79.6421346819713,69.67640007228032,Corrosion,1
2023-01-31 22:00:00,Compressor,71.069472429386,44.38402474562311,2.2321318716178964,76.46885750726204,60.810682705972745,None,0
2023-01-31 23:00:00,Heat Exchanger,85.0163182520856,60.22827273838577,2.283997269762121,70.15741428919117,93.15799132293465,None,0
2023-02-01 00:00:00,Valve,88.93454527524432,52.6517145083529,2.5881128533792648,75.60134514527421,19.145093653109186,None,0
2023-02-01 01:00:00,Valve,82.10549102297786,51.522461008400725,1.3578140122454005,88.76552374991633,29.857675578108708,Wear & Tear,1
2023-02-01 02:00:00,Valve,79.29340822801734,44.71242664853284,2.010013669902015,55.86677326910098,78.97131674479503,Corrosion,1
2023-02-01 03:00:00,Valve,78.79639648385965,53.11671150337414,1.4659878120544112,34.03339409727587,43.190815590535905,None,0
2023-02-01 04:00:00,Pump,69.43881253239219,49.41714326773336,1.9745288604682985,57.653398177663,24.920540760585155,None,0
2023-02-01 05:00:00,Valve,73.6993970644638,51.07084470565875,1.8869123561596195,32.786019323462874,55.298913332084894,None,0
2023-02-01 06:00:00,Pipeline,91.6906952582633,45.11689842068222,1.9766252730486489,47.65502448530767,68.69278554502476,None,0
2023-02-01 07:00:00,Pipeline,65.57441994208124,50.801344287087886,1.600128555944734,65.21278750780553,14.034404273814873,Overheating,1
2023-02-01 08:00:00,Pump,91.14778790709852,47.880832308967584,1.2563551033962856,48.57737357556938,36.245970043070024,Overheating,1
2023-02-01 09:00:00,Valve,71.77971845507942,46.17194421484906,0.9527812366425485,71.12371475457232,82.84802839264385,Leakage,1
2023-02-01 10:00:00,Valve,88.25432109095078,53.670531679036245,1.9344099228675797,79.31917966114327,56.822010994917484,None,0
2023-02-01 11:00:00,Valve,60.93184990502462,42.311460957349986,1.7844994470835305,55.22635075677221,13.1841293655988,None,0
2023-02-01 12:00:00,Heat Exchanger,80.8590420116465,52.82388132157075,1.6620311675980863,84.0082770775802,35.375590474723076,None,0
2023-02-01 13:00:00,Compressor,67.63229864052379,53.42243066776498,2.66127423141583,34.79033588102401,67.52265903814792,Overheating,1
2023-02-01 14:00:00,Heat Exchanger,60.847328080758125,45.6017816222438,1.5702809066023447,80.40678985202699,27.942352262022226,None,0
2023-02-01 15:00:00,Compressor,77.18534042410946,45.89835769433766,2.7084170410694015,79.71438872635794,84.4652265597473,None,0
2023-02-01 16:00:00,Valve,85.09471788595968,48.88487159366799,2.8119218721346284,49.319633779605894,70.89183163752978,Wear & Tear,1
2023-02-01 17:00:00,Valve,66.55058561406504,51.4101810523111,1.0245497666053094,47.9229112274769,52.424115485301385,None,0
2023-02-01 18:00:00,Heat Exchanger,60.00984039541599,49.23572504092887,2.046190729499485,48.30569886921076,92.40614029601063,Corrosion,1
2023-02-01 19:00:00,Heat Exchanger,74.08155235665045,52.1678123009594,1.8001517545820045,78.68362274066465,45.262069383219554,Wear & Tear,1
2023-02-01 20:00:00,Compressor,74.12564671222819,58.814898262686995,0.5440980276413672,79.8992092566117,31.156606950767674,None,0
2023-02-01 21:00:00,Pipeline,80.48319627554498,47.46141615425143,1.277679373465793,49.783347529660055,69.52626932740307,None,0
2023-02-01 22:00:00,Compressor,84.49594571364489,41.4241001464829,2.387468053554237,65.55542084666772,61.59656687231337,None,0
2023-02-01 23:00:00,Heat Exchanger,74.40584818727505,54.12961791515327,3.009599626355632,38.33599376642727,40.172311083810264,None,0
2023-02-02 00:00:00,Heat Exchanger,93.55503314794262,58.41657287963765,2.4513390713496244,58.126724296861326,40.92981051915794,None,0
2023-02-02 01:00:00,Pump,77.24234744535292,51.96384181525562,2.161816236256489,89.9275710513323,45.83892777706916,None,0
2023-02-02 02:00:00,Heat Exchanger,71.535734939931,44.56125662323166,1.9893338091844563,39.53034886237481,36.202471073143236,Electrical Failure,1
2023-02-02 03:00:00,Pump,58.88432640897172,49.380538183823994,2.841331457324057,86.85375839760354,73.92172657248302,Wear & Tear,1
2023-02-02 04:00:00,Pipeline,72.37340479683833,44.407382578941835,3.07411960097882,79.45528331790047,68.62225645460848,None,0
2023-02-02 05:00:00,Compressor,71.63613054588863,53.21427746981474,1.706578660237907,88.33287905677619,49.669988729175344,None,0
2023-02-02 06:00:00,Compressor,84.6030479628147,43.24354798650783,1.0000067198448543,40.774725636631985,45.806920820131346,None,0
2023-02-02 07:00:00,Pump,79.62483624066854,48.499356065859,0.9509062683643992,42.81110942660185,42.85461424237346,None,0
2023-02-02 08:00:00,Compressor,63.206308783673826,44.97831086853047,2.660940496079901,31.01203090409152,35.51214892530282,None,0
2023-02-02 09:00:00,Heat Exchanger,76.72254386411038,50.63412342567481,1.9764707296128068,73.48210877493634,17.712699684135345,None,0
2023-02-02 10:00:00,Valve,81.71531171729053,48.168291614311215,2.0916209552293594,68.64568160617114,34.13842169702505,None,0
2023-02-02 11:00:00,Pump,90.28031359387833,50.883810516251316,1.1046745035216434,40.68392629948393,38.90812138237585,None,0
2023-02-02 12:00:00,Compressor,83.8750396741406,50.11175277483183,1.6234055436057668,77.46869793252432,59.2915605638809,None,0
2023-02-02 13:00:00,Pump,82.60846654311477,45.06670486137945,1.8522595930496089,47.95173036790352,79.64096581702448,None,0
2023-02-02 14:00:00,Pump,75.60085994615163,53.13438531764511,2.1039191916820354,38.09973415983811,45.61319303506285,Overheating,1
2023-02-02 15:00:00,Valve,78.8831200542345,49.756171740784424,1.8007039805431204,55.353759901160885,95.02812152668827,None,0
2023-02-02 16:00:00,Heat Exchanger,87.49504900706158,45.057354960670494,1.4813369008493287,35.45819090561136,84.46149670970462,None,0
2023-02-02 17:00:00,Pump,61.6722260252035,61.20463278102896,1.6077165036987386,45.7946193763948,98.63216630953707,Corrosion,1
2023-02-02 18:00:00,Compressor,71.50560672783044,52.38215083358563,2.6041616429736165,52.28000150564077,88.85827369373335,Electrical Failure,1
2023-02-02 19:00:00,Pipeline,67.27431251243759,49.233697233003475,2.12239230980175,81.11185047084899,65.50533543784412,None,0
2023-02-02 20:00:00,Pump,78.79153118726124,57.07602263350912,2.306078403477776,77.55292447759328,63.8631359035047,None,0
2023-02-02 21:00:00,Pump,87.30222175650788,59.20907804693304,1.5505630945613351,56.565257145037094,21.65735140787953,None,0
2023-02-02 22:00:00,Valve,69.03025713278926,49.27325288843058,0.5230882572996878,73.47450346514324,75.0159324002411,None,0
2023-02-02 23:00:00,Heat Exchanger,51.09695632530562,51.73698743217381,1.7384478465577518,64.11897817074029,64.01861718334041,None,0
2023-02-03 00:00:00,Pipeline,70.8777925497553,45.05998590998529,1.5667147227872518,50.450511304684085,55.62388930563863,None,0
2023-02-03 01:00:00,Compressor,84.13473732017407,49.26403624615994,2.1745061343140395,73.55246060971709,72.39581853015596,Overheating,1
2023-02-03 02:00:00,Pipeline,80.3762990294988,49.00468723120065,3.642861856840921,71.00994926798268,49.96430585541943,None,0
2023-02-03 03:00:00,Compressor,79.28186247810577,50.92413516810827,2.347583008809128,67.14566653161611,57.147369616745756,None,0
2023-02-03 04:00:00,Heat Exchanger,72.2000669812552,51.66380239318505,3.367980079691744,67.07733126259504,45.85170743229307,None,0
2023-02-03 05:00:00,Compressor,62.209692637802135,52.7991422441403,2.2843848476697244,70.9789195396186,74.56338040336209,Overheating,1
2023-02-03 06:00:00,Valve,80.15294321624468,51.1882132814998,1.6850568812136424,53.0727307585523,88.89498734930993,Electrical Failure,1
2023-02-03 07:00:00,Valve,66.65718189965375,43.94628686685418,2.173958039060442,82.14454890406213,85.67604452193423,Leakage,1
2023-02-03 08:00:00,Valve,96.84096733380457,45.30766447129457,2.890319299738854,39.73847072978765,80.7422744844522,None,0
2023-02-03 09:00:00,Valve,80.70507208354516,47.267961902681634,2.9147812981606194,83.03312779434924,11.240893409009583,None,0
2023-02-03 10:00:00,Pipeline,69.1935169744605,48.58879704038385,1.7123313159784606,50.53691058191966,92.06924174897134,Corrosion,1
2023-02-03 11:00:00,Heat Exchanger,68.88614752611372,55.25387145236057,2.1265918478496495,37.501896936517355,34.738814865105454,None,0
2023-02-03 12:00:00,Compressor,74.07055793386412,44.185305065735434,1.2853665601644275,66.00164416074779,89.91765486670384,None,0
2023-02-03 13:00:00,Compressor,72.60498077978251,48.2129247591465,2.412334312345715,52.55920014422431,27.727129278043886,None,0
2023-02-03 14:00:00,Valve,86.16833775529955,54.76504749107025,2.7766773495279473,78.92998362621115,49.568117628226354,Corrosion,1
2023-02-03 15:00:00,Valve,76.86416169744047,48.50061262751694,2.019899727058008,55.847128111726036,77.44589148942224,None,0
2023-02-03 16:00:00,Pump,67.68368261091472,52.30207824921412,1.666307972819936,70.1137515337266,67.62510507494554,None,0
2023-02-03 17:00:00,Heat Exchanger,93.90440685155782,49.30228978536048,2.180065475638781,48.49547937028953,47.43297442264869,None,0
2023-02-03 18:00:00,Pipeline,75.49308331520223,51.283916286623615,2.208729515681583,42.56714250152041,71.07614710662506,None,0
2023-02-03 19:00:00,Compressor,82.68839675968897,48.8576372809523,2.04057191592481,53.282941856929426,59.40545590419755,None,0
2023-02-03 20:00:00,Pump,68.91773492555241,53.33532736364177,2.0893575621679763,66.40847007614602,34.81626759719791,None,0
2023-02-03 21:00:00,Pump,78.63115627744523,42.27471796296783,1.9130925747653145,69.41680435268111,68.16965009474258,None,0
2023-02-03 22:00:00,Compressor,78.11109991143195,48.18343995805728,2.497977464113203,64.69239991788109,28.382237771007105,None,0
2023-02-03 23:00:00,Pipeline,56.10350707903847,51.48286338347154,2.3681137225825637,89.28334311744653,72.45894558332489,Leakage,1
2023-02-04 00:00:00,Pump,95.15275110460641,52.66847624003096,1.5084484264279254,71.46541118970993,10.279978986091852,Overheating,1
2023-02-04 01:00:00,Pump,87.90644460922547,57.46476311376914,1.4947046984207026,85.89117765581506,59.38952623855928,None,0
2023-02-04 02:00:00,Heat Exchanger,71.02804683854012,48.04487666567212,1.872812791486719,37.07599169371047,46.09608648005269,None,0
2023-02-04 03:00:00,Pipeline,63.977302595441444,57.397408809304366,2.3684185620525895,33.682375788808734,37.27933964217526,None,0
2023-02-04 04:00:00,Pump,78.47561613803552,46.70488086670165,2.0740287069454073,48.65968212071722,56.413717051117374,None,0
2023-02-04 05:00:00,Pipeline,75.86697699414397,56.64323205772322,1.6784247949386724,38.19533630258544,68.07804692822992,None,0
2023-02-04 06:00:00,Compressor,78.55668948563229,54.08733563349186,2.130759298362915,61.55211169369606,96.87810395921184,None,0
2023-02-04 07:00:00,Valve,76.9157739619409,45.432707101838886,1.834594740238864,61.13887521139672,84.97580408992879,None,0
2023-02-04 08:00:00,Pump,80.06240989305925,51.53519618625911,2.4402432301120656,64.50282998663701,74.54348947754298,None,0
2023-02-04 09:00:00,Heat Exchanger,89.47305699391806,49.74382082233904,2.166529217533524,74.71367284986437,53.107022051123174,None,0
2023-02-04 10:00:00,Compressor,80.68103205128646,53.127922968375,1.8423609062739281,88.27978201273919,45.292970769791886,None,0
2023-02-04 11:00:00,Pipeline,64.50344501090059,48.883642057833455,2.115759386023231,82.69552148634878,12.92766891273975,None,0
2023-02-04 12:00:00,Compressor,88.62562852712452,48.46376887169134,2.657524029762101,37.102034374534895,42.31872127531434,Overheating,1
2023-02-04 13:00:00,Pump,91.40614563488288,56.845472913814255,1.7151849617268113,50.310821326239434,86.3539424805355,None,0
2023-02-04 14:00:00,Pipeline,106.52056734512085,49.50639552772164,2.2013284908235806,45.349381502882515,44.562212377866096,Corrosion,1
2023-02-04 15:00:00,Valve,63.76505966760402,54.13211162095883,1.9647698297670022,40.609041466787566,51.54264991559318,None,0
2023-02-04 16:00:00,Compressor,77.42882013150275,48.873242574779,2.2134918419310496,62.68349259934707,34.46509816224143,None,0
2023-02-04 17:00:00,Pump,54.17901296811013,58.33331629613762,1.6727175292021348,63.19586412196383,34.671948293203,None,0
2023-02-04 18:00:00,Heat Exchanger,80.53149156379209,46.60832685332253,2.055167716579688,43.63468967328368,15.568458480257355,None,0
2023-02-04 19:00:00,Pipeline,69.51799701833227,46.92928234376408,2.5539116412084004,72.71383501840113,65.24235330578207,None,0
2023-02-04 20:00:00,Compressor,94.23445794824953,57.62258590557951,1.5314965093769464,73.97485795017032,50.32624627408117,None,0
2023-02-04 21:00:00,Compressor,67.25385029981418,47.77526804552374,1.3352974483374591,31.258799690036,64.5364726741715,Leakage,1
2023-02-04 22:00:00,Valve,58.10816962032739,58.00537153082196,1.3542722177565178,53.74546222333899,59.219821002596746,None,0
2023-02-04 23:00:00,Valve,70.2873625929748,54.459202897974066,1.4146687348999056,83.40843847209726,81.89601285674573,None,0
2023-02-05 00:00:00,Heat Exchanger,55.24512228782862,49.22675146719583,2.297661643946332,61.2191164946303,77.59107210803253,None,0
2023-02-05 01:00:00,Heat Exchanger,82.5109945450731,40.933532639914205,1.2970701570672674,50.85766808633966,79.43084678240915,None,0
2023-02-05 02:00:00,Pump,54.349169537436794,49.90340847864082,1.8510523276282347,45.22056909570781,54.9315106247508,None,0
2023-02-05 03:00:00,Pump,75.28457581183159,50.508150267667126,2.309144651655354,44.601271195096935,41.84932162185375,None,0
2023-02-05 04:00:00,Heat Exchanger,54.22188180143803,55.83608866652187,2.208329530274297,35.98608203104838,94.00929314796575,None,0
2023-02-05 05:00:00,Heat Exchanger,71.79702195463358,57.94223588120056,1.8072205100187575,79.03358514558553,14.884279634489856,None,0
2023-02-05 06:00:00,Pipeline,91.43378155804534,46.57506410428126,2.095461865877553,35.19944432365027,23.73591770652073,None,0
2023-02-05 07:00:00,Valve,78.60647891435795,54.00590881994091,2.053572664868784,47.53768595170895,47.763918295897575,None,0
2023-02-05 08:00:00,Pump,66.36506395035066,53.82701078006675,1.8878795222259068,32.74054431398119,65.256188731121,None,0
2023-02-05 09:00:00,Valve,74.68796511060916,55.367063512052226,1.89458264067271,76.88319418342203,10.738033732604947,Leakage,1
2023-02-05 10:00:00,Valve,75.18016872044447,52.493449560677725,3.1177137173784804,32.35702093360743,74.73905373800278,None,0
2023-02-05 11:00:00,Heat Exchanger,79.72630345843406,40.28751154519115,2.4046554519656502,48.498066232092505,60.28538885109233,None,0
2023-02-05 12:00:00,Pipeline,61.331416367191736,49.2228878373612,3.2403254587560717,64.39784220519985,53.62324828092327,None,0
2023-02-05 13:00:00,Compressor,80.92567273847331,44.22146212541542,1.7515184335397493,54.573681617606624,48.11455349450814,None,0
2023-02-05 14:00:00,Pipeline,47.95608368397225,48.98697113540963,1.9575167015559263,46.93626403494603,56.7538328566562,None,0
2023-02-05 15:00:00,Pipeline,68.70115447636189,54.90002118066947,1.3339371173616763,46.5113443456525,24.560716103357286,None,0
2023-02-05 16:00:00,Valve,70.11726157548455,51.525754179374864,1.5952165989552138,77.86741836037496,19.784056534928425,None,0
2023-02-05 17:00:00,Pipeline,81.33326826071239,55.740454331987166,2.9509565743312507,88.4386857052347,36.06737308766546,None,0
2023-02-05 18:00:00,Pump,75.22630852676869,51.708769603567696,1.7389828550791218,50.8824642269276,73.85543127867922,None,0
2023-02-05 19:00:00,Valve,60.944369461437134,43.50837030165549,2.9596406500722297,32.34873081654099,62.945909545194674,None,0
2023-02-05 20:00:00,Pump,65.15006874182984,37.39576496713633,1.3783188696600548,32.1939466745465,53.21107158571114,None,0
2023-02-05 21:00:00,Compressor,76.98680009547407,50.744043808397954,1.4732654829633616,75.55280491264308,61.43688693063643,None,0
2023-02-05 22:00:00,Valve,74.20932658135443,48.93036766824417,1.8293843894882895,63.14218929654762,60.333221173540885,None,0
2023-02-05 23:00:00,Compressor,69.20875890364253,45.11527130309059,1.968125039160411,77.01555944503983,37.63377329409329,None,0
2023-02-06 00:00:00,Valve,70.19166210488021,41.496863751743106,2.461543646225065,71.84982061731449,18.771035252025325,Corrosion,1
2023-02-06 01:00:00,Heat Exchanger,81.96167997159289,46.32628393263646,2.225385208593133,84.45038095592379,90.71041317967456,None,0
2023-02-06 02:00:00,Pipeline,69.82307427130786,49.02754257567612,1.791842371327986,83.14945746279741,63.992013636152315,None,0
2023-02-06 03:00:00,Heat Exchanger,74.11908755970927,53.32938911853195,1.933342096740947,77.29964373727064,72.79731997127665,None,0
2023-02-06 04:00:00,Compressor,96.69936588080543,50.9431554078399,1.84046854010765,58.511349602528625,51.75975019302596,None,0
2023-02-06 05:00:00,Pipeline,60.76317363116077,58.04033623586365,1.5426731323371352,48.48758445623115,78.08325219789063,None,0
2023-02-06 06:00:00,Valve,56.481572684253415,44.821979719773026,1.5560185316991892,60.42160724667839,62.60475375808005,None,0
2023-02-06 07:00:00,Pipeline,82.83589664798606,54.405294460287166,2.513941945716705,60.124296439189415,14.84210098874712,None,0
2023-02-06 08:00:00,Pump,68.21356938705897,50.23649371564364,1.0859175360364302,66.61653293336026,90.1087331854322,Corrosion,1
2023-02-06 09:00:00,Pipeline,71.8176247225738,53.47334562059292,2.8086793487225274,41.16585406697425,37.49825321090982,None,0
2023-02-06 10:00:00,Pump,67.18843621868886,47.81742568367228,1.828502887198884,69.33719282669932,22.410169967920194,None,0
2023-02-06 11:00:00,Pipeline,72.40199859232487,55.35840186945295,1.6137456968039199,57.396055452348946,17.92369069338842,Electrical Failure,1
2023-02-06 12:00:00,Pump,90.98538112096341,51.476123791726216,2.3698796453486346,67.21228991645155,74.83962824578997,Corrosion,1
2023-02-06 13:00:00,Compressor,83.0212845861812,46.60277507541125,2.742608292073559,44.37628937517274,73.35715301239239,None,0
2023-02-06 14:00:00,Heat Exchanger,83.62223511886977,49.93987985543406,2.5588162208019787,56.0636936326413,73.01459123319435,None,0
2023-02-06 15:00:00,Valve,60.837729442073545,48.802220705314504,2.2509260246799454,42.61207286715121,92.41774954134094,None,0
2023-02-06 16:00:00,Pipeline,63.488462634471304,52.44589175318897,2.543431744860918,82.5183094054081,41.40487197978864,None,0
2023-02-06 17:00:00,Heat Exchanger,46.60921340514573,44.10111625312746,1.141751211428067,59.27766270249225,60.50197507230309,None,0
2023-02-06 18:00:00,Valve,66.90619178917245,49.85324148942153,1.739084729255926,43.49888493442873,65.75460246949146,Corrosion,1
2023-02-06 19:00:00,Valve,84.56703186385658,51.97653626324666,1.5444149699875778,32.47252174449278,98.15336457098164,Overheating,1
2023-02-06 20:00:00,Pump,80.16946515748371,50.16511653596517,2.6123193656075876,70.54431987921251,38.111152934673264,None,0
2023-02-06 21:00:00,Compressor,72.78486737047876,56.734706221944975,1.8082609905380567,42.87868283938534,96.06980799135464,None,0
2023-02-06 22:00:00,Compressor,74.77699716281947,53.87011387035526,2.422703278391028,89.37493153912669,23.386089977414322,None,0
2023-02-06 23:00:00,Heat Exchanger,68.11114457424594,49.96259601629627,2.267928471244319,62.022022404910295,78.76013104250578,Wear & Tear,1
2023-02-07 00:00:00,Compressor,77.04758882401784,51.08344548748837,1.5688465319181595,47.33861977488192,66.95973100183716,Wear & Tear,1
2023-02-07 01:00:00,Pipeline,82.65878279480614,51.47832775741,1.7065208950118578,69.46064602755783,83.52064335447886,Overheating,1
2023-02-07 02:00:00,Compressor,58.84113212589527,52.01649802083412,2.646908845407363,46.513195406285135,12.581701627586241,None,0
2023-02-07 03:00:00,Heat Exchanger,77.99647687837349,40.87171002167696,1.6122586756577932,79.2164576345848,17.031793864515024,None,0
2023-02-07 04:00:00,Compressor,84.32434870954667,48.49236852115327,2.0624338050977395,48.49416305579651,16.272620161223127,Wear & Tear,1
2023-02-07 05:00:00,Pipeline,70.8489971103663,42.57780465903287,1.6087293568367775,89.29486394375456,63.3663509947559,Electrical Failure,1
2023-02-07 06:00:00,Pump,82.00700612120583,56.391404737297435,1.8430239065420697,66.30868712671762,64.26424608179842,Leakage,1
2023-02-07 07:00:00,Heat Exchanger,103.14654444472552,49.69575239998536,1.976919028015014,80.66466893655979,91.54944004194786,None,0
2023-02-07 08:00:00,Pump,73.95657207013107,49.033295251601885,1.6085667448512544,34.36892817470533,52.08431630666004,None,0
2023-02-07 09:00:00,Pump,78.93307050005323,54.483986660166174,1.5197765230080593,50.89796504317129,16.124414950446756,None,0
2023-02-07 10:00:00,Pump,67.61942916338609,52.111623987249374,2.1431366683887214,74.24922516996898,28.85764614602639,None,0
2023-02-07 11:00:00,Valve,76.81251162602051,44.35682742810396,1.5776312956044118,69.30354104043496,10.726578533605862,None,0
2023-02-07 12:00:00,Valve,79.60271624982303,49.64547318736316,1.5946712221506636,41.65458728602547,79.90430726155645,None,0
2023-02-07 13:00:00,Pump,76.94842340270138,48.32416513386808,1.5304734281490147,51.37217583058259,83.40394931926971,None,0
2023-02-07 14:00:00,Heat Exchanger,64.80304680291144,41.27733555696973,1.961045976834341,45.806604449252454,99.81463746557223,None,0
2023-02-07 15:00:00,Pipeline,77.0636177132545,46.548618833813975,2.4718508171999205,66.80221018571058,47.09750041477849,None,0
2023-02-07 16:00:00,Pipeline,89.62195938717636,49.082298389917675,2.753264318156133,50.6740937675265,11.736853786143326,Leakage,1
2023-02-07 17:00:00,Compressor,79.48635764514528,49.425245342540784,1.6370409570031108,48.54325452002099,31.1256893341335,None,0
2023-02-07 18:00:00,Heat Exchanger,84.61987189071841,42.58884288161346,3.075155396665606,42.442678826180504,62.899198089696625,None,0
2023-02-07 19:00:00,Valve,72.62988029987372,55.75832791523738,1.497647569646602,54.541627254878904,96.57486703474628,None,0
2023-02-07 20:00:00,Pump,82.49900239423711,49.48948470554281,2.5417742616639347,41.73015541179321,19.322069632371488,None,0
2023-02-07 21:00:00,Compressor,77.79267838216526,50.18776538330282,1.6391517729922787,87.75417524265794,20.94157181446685,None,0
2023-02-07 22:00:00,Pipeline,65.49089270312768,52.00320819169919,1.5645383650649949,39.2701086897182,73.15830867510488,None,0
2023-02-07 23:00:00,Valve,78.18521004798875,46.059618730481645,1.6276219216078056,84.79828289752658,70.04863495193945,None,0
2023-02-08 00:00:00,Valve,65.08303336559689,52.28177986566348,1.9737761501754405,55.70838588939492,32.54557197806498,None,0
2023-02-08 01:00:00,Pump,68.67119725115208,48.164626769909084,2.289986085516805,52.671959493703326,83.18303119130671,None,0
2023-02-08 02:00:00,Pipeline,76.89328307292374,45.51707229676404,2.334934018952411,43.87918805429093,21.59008799297169,None,0
2023-02-08 03:00:00,Heat Exchanger,77.97244273380124,52.86723746677699,1.5280074923260558,68.14538006205115,93.31676602990838,None,0
2023-02-08 04:00:00,Valve,63.10767534922871,57.45836929400904,1.5051703562443657,71.13168090065018,28.092873729917926,None,0
2023-02-08 05:00:00,Pump,85.53985771182876,53.62414686742916,1.5416806533182266,58.05425773514504,17.321713545070452,None,0
2023-02-08 06:00:00,Heat Exchanger,80.72006278300474,54.614887825702155,1.9443227988072445,33.34241374160545,40.556987782646914,None,0
2023-02-08 07:00:00,Pipeline,67.95271564389117,47.39684696718851,1.8949221979045627,85.110609041313,26.905715968109046,None,0
2023-02-08 08:00:00,Valve,59.624152035508246,42.011901354157715,1.5249122689651025,88.81974797258286,57.424710253242964,None,0
2023-02-08 09:00:00,Heat Exchanger,73.55095420918569,57.45068761049921,2.134801847031622,55.8626049127101,71.81618836345535,None,0
2023-02-08 10:00:00,Heat Exchanger,70.5405628613884,60.2725744470238,3.1312844041676593,66.81964844455963,54.18294206304621,None,0
2023-02-08 11:00:00,Heat Exchanger,76.13140457053022,57.71403386884841,1.7476422690824243,57.0179175746248,69.454659862988,Electrical Failure,1
2023-02-08 12:00:00,Valve,71.36883338844433,48.32107030510125,1.7832440893982333,49.31277905316723,42.8428462959986,None,0
2023-02-08 13:00:00,Valve,54.9254313925499,44.22682830635578,2.279830785162184,34.63912757146846,12.5130337514776,Corrosion,1
2023-02-08 14:00:00,Compressor,71.11653061698841,44.671586510902166,1.7205918541316025,57.36406382383793,97.66577118026342,Leakage,1
2023-02-08 15:00:00,Pipeline,71.94380888931687,41.58133716192975,2.3344822408590913,79.1030733815671,83.74721540859959,None,0
2023-02-08 16:00:00,Pump,81.3366102477406,49.46310690794977,1.6407286466104798,31.021887665280214,16.60769416761653,None,0
2023-02-08 17:00:00,Heat Exchanger,68.0180032538895,58.02838979041228,2.9160598037886505,64.92646099081334,50.4258756540701,Overheating,1
2023-02-08 18:00:00,Compressor,91.78674673372566,49.29168684063878,2.1723874862961474,82.84632652360133,67.15171630646871,None,0
2023-02-08 19:00:00,Pump,55.883594493482434,51.51161450174138,1.6899885254616442,43.05296580086148,27.15348435153741,None,0
2023-02-08 20:00:00,Compressor,88.11167497802624,56.87798482152104,1.705654150265363,40.99535188134373,62.01897502264943,None,0
2023-02-08 21:00:00,Valve,72.75681029121895,47.979523440838,1.7431001236459824,76.33659754211658,58.02837563059183,None,0
2023-02-08 22:00:00,Heat Exchanger,83.59584872343557,60.17765728359797,2.686374833124437,45.3051858671576,28.74386696812343,None,0
2023-02-08 23:00:00,Pump,75.79801484058733,59.960472037487264,1.3656244961993584,41.519056053638906,22.708927834970794,None,0
2023-02-09 00:00:00,Pump,86.39555536025469,49.34444330659759,1.6660291647702477,52.6793550341541,78.30660606567737,None,0
2023-02-09 01:00:00,Pump,71.12638035447189,47.11232867990394,1.719169721537287,53.550120736213074,39.03278015346703,Corrosion,1
2023-02-09 02:00:00,Pump,64.01379574822188,53.48619023195157,1.992156016621531,82.44606378099397,31.9636480458019,None,0
2023-02-09 03:00:00,Pump,89.20504287271064,48.26237528740571,1.8644451536766027,67.10660831602061,76.40905175253899,Electrical Failure,1
2023-02-09 04:00:00,Compressor,73.86519354117858,44.21722391466332,1.2543860843047687,54.35768738037536,76.24618228206838,None,0
2023-02-09 05:00:00,Heat Exchanger,77.2155847362421,56.4061932676149,1.8000886582022662,62.06327785714601,34.876149070260624,Corrosion,1
2023-02-09 06:00:00,Valve,87.34751914044796,56.0822369363854,1.9502246584075158,87.23791399951645,88.53116151266684,Corrosion,1
2023-02-09 07:00:00,Valve,64.68044757905565,50.77755801881781,1.6859510824601083,36.79288059659372,71.94251485651081,None,0
2023-02-09 08:00:00,Valve,80.95490897639257,43.68567623135911,2.3433877445238323,42.46293130348148,41.11877960393843,None,0
2023-02-09 09:00:00,Valve,69.10105243537109,43.85236874391307,2.4597042143768237,87.75172239519333,48.4740685166193,None,0
2023-02-09 10:00:00,Compressor,73.67830644355628,50.53614644209576,1.9608066501353036,87.43949091163225,75.40387173375561,Wear & Tear,1
2023-02-09 11:00:00,Pipeline,75.7227896538429,47.50064482747484,2.1152707934253647,40.62992527588636,29.042544960594277,None,0
2023-02-09 12:00:00,Heat Exchanger,59.997781385530644,48.29453533929196,0.9194720013253646,38.706529027517895,52.18847132277016,None,0
2023-02-09 13:00:00,Pump,67.21162957179565,55.10981577530002,1.7894486139190842,55.26510806031719,68.82025080322896,Overheating,1
2023-02-09 14:00:00,Pipeline,88.5107289241314,53.66589658711279,2.5024108458789565,32.98309754927815,58.55486932078419,None,0
2023-02-09 15:00:00,Valve,83.86191188584796,56.89071340248806,1.7882817084103613,69.2942119371084,64.74955113140439,None,0
2023-02-09 16:00:00,Pipeline,74.37360422672765,45.046883883113715,1.6313691618040196,34.64976129970453,59.15912495291017,Leakage,1
2023-02-09 17:00:00,Heat Exchanger,77.43123458512893,48.28404215656644,3.1388444630154657,33.48177762565685,27.93046994110181,None,0
2023-02-09 18:00:00,Pump,72.05757494363543,53.79490847730057,2.9095385950979025,59.11121617253095,46.91848104753593,None,0
2023-02-09 19:00:00,Pump,88.56583385827982,52.24039170506446,2.2337874562410787,87.4671981666061,57.878694592979116,Overheating,1
2023-02-09 20:00:00,Heat Exchanger,72.99647422205837,57.661901912938106,2.569455305740024,55.607756163789574,80.20564681113515,None,0
2023-02-09 21:00:00,Heat Exchanger,77.31842092134848,52.10268352952035,0.8870322910209611,51.38886951963306,68.85138134525883,None,0
2023-02-09 22:00:00,Valve,86.46030144142065,59.24054552052776,1.6062242796856467,89.87740293013715,48.39318506673413,None,0
2023-02-09 23:00:00,Pump,67.22628515154094,52.700089008615706,1.7650210634134242,61.918137646751006,97.69598489432309,None,0
2023-02-10 00:00:00,Pipeline,90.58789184496894,55.3108372379433,1.8820099505665269,52.51448441341491,19.701596951175265,None,0
2023-02-10 01:00:00,Compressor,59.69538590256623,48.38242526607772,1.7550279895130187,53.151648800496105,28.612438169947154,None,0
2023-02-10 02:00:00,Compressor,91.29642131112799,50.071436059419945,0.7249868542418267,41.69756976201063,40.71813490284976,None,0
2023-02-10 03:00:00,Heat Exchanger,71.27324416048026,54.55472201919738,2.19301230935428,60.733383446852336,30.571486928911913,None,0
2023-02-10 04:00:00,Valve,72.57301252174719,58.06489085296527,2.2718270641403033,56.33130169008035,66.28977971254102,Overheating,1
2023-02-10 05:00:00,Compressor,56.09989828817057,53.646184746553764,2.8009493957949907,46.2477177808448,13.559565640262973,None,0
2023-02-10 06:00:00,Pump,70.45205282622307,49.5841411403269,1.6058453676125182,39.63240519610559,25.969310584607435,None,0
2023-02-10 07:00:00,Heat Exchanger,64.60193468973115,56.88667514764171,1.5649184211100489,48.67433212005322,36.40125138927439,None,0
2023-02-10 08:00:00,Pipeline,68.92353654626527,39.0401067186006,0.6600077570177656,60.52099966126376,71.50111975713848,None,0
2023-02-10 09:00:00,Heat Exchanger,73.62689034211121,42.88882749246563,1.853216581704557,33.4999963370881,88.82783943230153,None,0
2023-02-10 10:00:00,Pipeline,84.57791614472906,53.40817111834195,2.450555890531086,39.22464171503736,81.8642593497749,None,0
2023-02-10 11:00:00,Heat Exchanger,77.07603351400626,50.070541781265625,1.6941160689036403,86.85943601814571,26.38728399252294,None,0
2023-02-10 12:00:00,Heat Exchanger,78.07676653401114,53.02756825562083,3.071722409271824,62.57132106188034,60.88651825969622,None,0
2023-02-10 13:00:00,Heat Exchanger,64.04480611154437,50.32203761215971,1.8717025821052382,33.80695821960227,12.70203808102185,Wear & Tear,1
2023-02-10 14:00:00,Pipeline,66.1924591039727,52.854728473019364,2.0734961421442777,71.58526552617437,37.9483097817575,None,0
2023-02-10 15:00:00,Pipeline,92.98725018351311,45.92798589503405,1.3184484597092032,33.708172204742084,82.53854153454941,None,0
2023-02-10 16:00:00,Heat Exchanger,67.64798965236753,52.85243043039846,2.1436101725876395,74.33245362278237,51.09991423690056,Electrical Failure,1
2023-02-10 17:00:00,Compressor,91.56208252057296,54.972072641037926,1.0103401025736525,74.99776330320161,23.49471900482511,None,0
2023-02-10 18:00:00,Valve,72.56938801119134,56.10275301965616,2.3468489775065726,69.06473854495516,49.46980433394814,None,0
2023-02-10 19:00:00,Valve,75.02287936143505,60.067771473243496,2.3622140881177063,73.93227267716098,27.822963291600544,Wear & Tear,1
2023-02-10 20:00:00,Valve,85.7036516022993,51.22049221751193,2.679645712168255,35.277946860783466,45.387231207756656,None,0
2023-02-10 21:00:00,Pipeline,87.71892421938657,51.36955543423589,1.4900156406161558,73.60683314131606,53.90501254730591,None,0
2023-02-10 22:00:00,Pipeline,73.89187439720912,42.38413767913076,2.0802810591487098,38.20129918343298,41.46023012599255,None,0
2023-02-10 23:00:00,Compressor,71.11756946478461,47.342942994307876,2.281908279693252,50.37035443631063,94.32720553904748,None,0
2023-02-11 00:00:00,Valve,74.44079551477788,49.03458962996694,2.221140819165155,86.56471521003797,60.627726780074376,Overheating,1
2023-02-11 01:00:00,Valve,78.37957528232118,55.251597761381774,1.5673503624325744,60.172528659548405,85.86034065522071,None,0
2023-02-11 02:00:00,Heat Exchanger,83.91303686869756,46.94499437955186,0.8040090552219299,88.04558592498083,78.46556923500222,None,0
2023-02-11 03:00:00,Pipeline,75.04229858994151,53.98170009874416,2.1734801484422404,35.335347533204256,69.50496783409989,None,0
2023-02-11 04:00:00,Valve,81.18886298023153,49.9918914151831,1.9237501608450402,58.65339597379081,54.7199873472324,None,0
2023-02-11 05:00:00,Compressor,91.3835973227094,49.11415942442619,1.71666470351928,33.74413921661224,10.195640540342875,None,0
2023-02-11 06:00:00,Compressor,78.81309612264785,51.24446984566628,2.381972681857733,67.81261574395708,65.21208404968755,None,0
2023-02-11 07:00:00,Valve,78.11652856004778,48.044218138735786,1.9775402309227834,34.722420082110986,42.03617077022479,Corrosion,1
2023-02-11 08:00:00,Pipeline,59.810891749099326,47.854813759536675,1.3404024736161002,40.52206815242264,20.598595012118693,None,0
2023-02-11 09:00:00,Compressor,48.69269863170936,41.476070471049425,1.034273855451889,45.52981860415683,50.01636372508699,Corrosion,1
2023-02-11 10:00:00,Heat Exchanger,78.88375729230168,48.760228963360554,1.4355183674334173,74.92463109986899,76.19979900549743,None,0
2023-02-11 11:00:00,Compressor,74.05175768719128,47.600159269256366,3.1965061473833933,39.837727129084485,96.55100152288335,None,0
2023-02-11 12:00:00,Pump,69.85217325085259,47.4200950532546,2.3613883869663863,80.79792319758407,43.66944020098738,None,0
2023-02-11 13:00:00,Pump,77.43530204186345,52.084365312950204,2.094306170987506,37.91423632984805,58.8450968834479,None,0
2023-02-11 14:00:00,Pipeline,74.39596270803092,53.293159763952545,1.9091695364070977,32.11466694420938,86.61199450272265,None,0
2023-02-11 15:00:00,Valve,86.27780250633899,51.16097252321164,1.876303530026282,53.70272513818007,40.05994779550133,None,0
2023-02-11 16:00:00,Pipeline,75.86110868258977,54.977075952247375,2.5835979916795475,88.7664985182777,22.803152047373384,None,0
2023-02-11 17:00:00,Pipeline,67.53076714929833,52.87780962915183,1.7547021290482843,36.62053366732663,35.36936481094202,None,0
2023-02-11 18:00:00,Pipeline,84.90166238959289,48.52471905097179,2.2884602053421466,36.10310664237774,90.92105468275491,None,0
2023-02-11 19:00:00,Pipeline,72.82868925053798,47.685718571428104,1.825786024854203,75.06999064773743,24.345379761565397,None,0
2023-02-11 20:00:00,Heat Exchanger,80.26536683672308,51.564111183834235,2.9700783159175312,48.72970163961392,39.62989549061038,Corrosion,1
2023-02-11 21:00:00,Heat Exchanger,70.225892938072,52.868835549509505,2.3711442537891516,73.03689703354301,51.81762794503065,None,0
2023-02-11 22:00:00,Compressor,68.50173114502563,56.98922153515749,2.622778407341813,42.0006353666018,86.2401901141828,None,0
2023-02-11 23:00:00,Pump,75.84168230185696,55.955865224700474,1.7077951126558806,57.604319651889774,94.39419552876772,None,0
2023-02-12 00:00:00,Pipeline,75.12828643543685,47.29263496746415,2.5290680562837107,45.91739266493507,48.322927866992934,None,0
2023-02-12 01:00:00,Compressor,79.79827035366833,49.48996859936369,1.8437112873026547,57.091692892745215,93.8758643518164,None,0
2023-02-12 02:00:00,Pump,72.31354246690258,53.35508902458885,2.055017411966425,76.14582555511822,24.53131853719791,None,0
2023-02-12 03:00:00,Valve,56.63640216229602,55.33998889029486,2.8175238353097294,75.7205964286597,24.116706270673337,Corrosion,1
2023-02-12 04:00:00,Heat Exchanger,70.67226116411611,54.69484734352396,1.4786124716217905,60.94633726042342,95.4325737671318,None,0
2023-02-12 05:00:00,Pump,82.93818467143815,49.68061083584327,2.1016238656527,85.70231062326306,55.87121201754981,None,0
2023-02-12 06:00:00,Valve,72.02623920756893,43.72988673785742,2.2190026292593634,45.827046146896436,26.731705181855855,None,0
2023-02-12 07:00:00,Pump,72.53616597485453,45.005318118772045,2.260002190400405,44.41868106715398,53.91913335180057,None,0
2023-02-12 08:00:00,Heat Exchanger,84.86376505905938,51.363167571597074,1.7746077534532674,66.82838407052603,80.48900398411463,None,0
2023-02-12 09:00:00,Heat Exchanger,67.88026772741077,51.71112789712173,3.043132050404041,67.27782205300734,84.42283291511713,None,0
2023-02-12 10:00:00,Compressor,59.57196781757101,44.506603132828076,1.3525340573298699,32.79240237389844,87.75723309843181,None,0
2023-02-12 11:00:00,Pipeline,73.39368880474505,50.22284805444636,2.7294426943162344,66.46666274321385,61.26138127786767,None,0
2023-02-12 12:00:00,Pump,70.15826048751263,53.15612178485892,2.607532802795819,52.46616944094086,88.02514129310923,Leakage,1
2023-02-12 13:00:00,Pump,65.33753680246745,44.24386671246428,2.9504443948018424,74.84655151923354,55.90271879229292,None,0
2023-02-12 14:00:00,Valve,73.24621544101309,55.52498600902207,1.2058864506460898,78.48633987271637,64.63539121519696,None,0
2023-02-12 15:00:00,Heat Exchanger,79.91505647246784,48.112344257200874,1.565584256055145,63.12922917282219,78.28478220444808,None,0
2023-02-12 16:00:00,Pump,74.90711438432184,56.288065562883254,2.7459715295808205,30.102301890135905,48.28917634394577,Corrosion,1
2023-02-12 17:00:00,Heat Exchanger,78.06981072686237,47.3327377711205,1.0614804226848455,68.18194860999853,16.62233384248973,None,0
2023-02-12 18:00:00,Pump,93.13407698515422,44.8668725855791,1.196770549479793,74.93287677995606,41.514972117192784,None,0
2023-02-12 19:00:00,Compressor,71.57121138442436,47.7093150507914,1.7558461066442541,44.938995973890854,66.15497951163644,None,0
2023-02-12 20:00:00,Pipeline,77.7834863464467,49.5242593846134,2.0959968943111336,57.87876006844733,27.30991326755292,None,0
2023-02-12 21:00:00,Pump,69.90786637400865,48.057600466142596,2.7961125368243875,87.9435974047073,23.354682714967602,Leakage,1
2023-02-12 22:00:00,Heat Exchanger,66.53640280113027,48.91999289213443,1.9073670425348208,47.88693320364621,36.37724901322939,None,0
2023-02-12 23:00:00,Compressor,69.1509234658223,51.66982574838095,1.6958804259677303,43.38919506250445,12.890031605003923,None,0
2023-02-13 00:00:00,Pump,70.21241428478311,49.144103151018,2.1556949688482137,42.65128742868061,76.90806082782278,None,0
2023-02-13 01:00:00,Valve,78.59475797547125,49.66943803023997,2.2347982416472005,63.52805006123978,33.28440419695049,None,0
2023-02-13 02:00:00,Pipeline,98.49075786700757,41.45386800398702,2.2206199110851355,86.98722607848039,21.181455697293956,Electrical Failure,1
2023-02-13 03:00:00,Pump,67.83956563724159,51.958490080052364,1.9110068960243274,66.52140775202128,72.92164743670918,None,0
2023-02-13 04:00:00,Compressor,70.83374694384537,49.55398351154166,1.0224569430409252,48.1993872142596,85.86352112889591,Wear & Tear,1
2023-02-13 05:00:00,Valve,74.36876986888751,58.05146490241435,1.541192005446834,68.31418668404724,11.78880362756006,None,0
2023-02-13 06:00:00,Compressor,78.95798848709747,45.30217416373021,2.710135542633731,67.49053785586725,31.023979366710236,None,0
2023-02-13 07:00:00,Compressor,77.63550811954785,40.95852335750243,2.0935344689882998,65.81550814377925,95.0709092382625,None,0
2023-02-13 08:00:00,Valve,87.84095793948117,53.09034246965021,1.8387389404464716,39.56557241329812,44.672872233949775,None,0
2023-02-13 09:00:00,Compressor,50.73607929464792,51.732635091565,2.5590842741869873,68.07400796069965,94.47328570437381,None,0
2023-02-13 10:00:00,Valve,51.13070129804328,44.95783489734427,1.4349416838155258,55.80986715086998,34.67912845336096,None,0
2023-02-13 11:00:00,Pump,70.0412182798985,42.35125522497954,1.8873259331434962,31.115523517382,29.62608720147388,Wear & Tear,1
2023-02-13 12:00:00,Valve,85.97300187543709,57.68698365342145,2.0688792025870186,62.38586922884971,29.26975705551963,None,0
2023-02-13 13:00:00,Valve,59.34351968394404,57.070551953033906,1.7793112483526854,89.35600471310505,17.670579438244445,None,0
2023-02-13 14:00:00,Pipeline,44.92367660306243,37.562716206469354,2.0503814114507994,50.984375450639014,90.6789059658213,None,0
2023-02-13 15:00:00,Valve,80.71179406219208,47.70888485371749,1.9061530342891173,87.9335530991195,98.1851520369611,None,0
2023-02-13 16:00:00,Valve,77.43657223702715,58.320960273919496,1.3003284761070626,35.772344499755675,95.90579265444741,Leakage,1
2023-02-13 17:00:00,Pump,64.0979159320057,47.619687211110666,2.090738940939528,73.94700695203838,86.68253258445466,None,0
2023-02-13 18:00:00,Pipeline,65.1446039927907,47.54693882986674,1.3358241042435663,36.85979967977012,86.21991168858777,None,0
2023-02-13 19:00:00,Heat Exchanger,65.30256280365326,48.58620336185316,2.082807562548361,46.414294413316455,69.49769204520888,None,0
2023-02-13 20:00:00,Pump,76.1053531747394,44.3955151311592,2.6870679120750545,64.25045011932747,84.35923407555522,None,0
2023-02-13 21:00:00,Pump,68.73684723816993,41.47612127885978,1.8594884013619728,65.56678163860494,28.7508127908743,Electrical Failure,1
2023-02-13 22:00:00,Heat Exchanger,79.9406391897552,55.26273655367375,1.4142584350145069,76.51267903405028,44.91213673484157,Wear & Tear,1
2023-02-13 23:00:00,Valve,46.45373337095609,40.785315468761624,1.9365060933975098,66.91868443364635,67.67526639652732,Wear & Tear,1
2023-02-14 00:00:00,Compressor,66.431481348722,51.23635726054378,1.5840144459607344,65.61688226283364,88.72941993054367,Corrosion,1
2023-02-14 01:00:00,Pipeline,63.7394603908895,54.43289746378825,2.297254501315735,84.7411852193483,69.44225161319054,Corrosion,1
2023-02-14 02:00:00,Compressor,72.43659321627507,42.743868505494206,1.9260056262385732,57.12964513254943,85.51197625007853,None,0
2023-02-14 03:00:00,Heat Exchanger,69.61952241509861,45.37865798702464,2.8548816258322867,43.5159467217033,52.65545642643677,None,0
2023-02-14 04:00:00,Pump,82.97843779895767,56.06589594195795,2.581494797838669,39.70731510141782,74.55733639345398,None,0
2023-02-14 05:00:00,Pump,56.406632283399425,52.6644586011352,1.9234597477592987,53.99967580856999,98.1982725737578,Overheating,1
2023-02-14 06:00:00,Pipeline,75.45491476330751,46.913571465605564,2.3578045339865454,72.76516531162174,23.813970141678197,None,0
2023-02-14 07:00:00,Pump,80.58336423211705,56.01124501680586,1.8033817954185773,32.552609095794054,93.4228623084301,None,0
2023-02-14 08:00:00,Pump,93.56647436561954,56.032678617271515,2.0169784425825843,37.743203190564365,57.01275530577125,None,0
2023-02-14 09:00:00,Pipeline,70.18234028906525,51.34526346507854,1.819282901824844,36.366807606218366,67.88962276570521,None,0
2023-02-14 10:00:00,Pipeline,78.24458604352517,45.49919886063169,2.3832279799248544,65.11500918308752,89.00821062194615,None,0
2023-02-14 11:00:00,Heat Exchanger,56.96137207437635,47.932756482641025,2.716494138354789,44.57187903187598,46.868875529708525,Corrosion,1
2023-02-14 12:00:00,Pump,51.08043795686976,51.43193371977695,2.3993241035955717,39.97556569808379,47.68233174010456,None,0
2023-02-14 13:00:00,Pump,83.447743757817,49.05702585426256,2.460968300642678,65.56624318458134,57.44636527123903,Corrosion,1
2023-02-14 14:00:00,Heat Exchanger,74.94439706351929,54.694785891174256,2.461516718617865,75.67859492714275,11.719187604716552,None,0
2023-02-14 15:00:00,Valve,86.78512689798423,42.351129599453316,2.275627961167355,49.929294987159864,54.699956284901575,None,0
2023-02-14 16:00:00,Valve,61.26597111030251,42.5286823546688,1.430356920394866,64.69227634059577,36.19785384948073,None,0
2023-02-14 17:00:00,Valve,80.19902139528753,50.90435555741216,2.85048575970825,35.88746479196761,93.51587641526032,None,0
2023-02-14 18:00:00,Heat Exchanger,93.68817840543853,47.542277930965476,2.9022054133492126,86.1114618274542,17.896176887772818,Wear & Tear,1
2023-02-14 19:00:00,Pump,79.19705608357266,46.8647569265113,1.8830601983433157,50.21377111888637,51.33884158178216,None,0
2023-02-14 20:00:00,Heat Exchanger,77.7658150559105,41.15971640412801,1.814651042391909,89.85034159041007,95.27213533396248,None,0
2023-02-14 21:00:00,Heat Exchanger,75.0855608082435,50.09772922399091,2.3062058264576875,88.71526535098693,91.09317252866298,None,0
2023-02-14 22:00:00,Valve,59.291185428740874,49.73622445999617,2.2754064175917526,76.72940696014868,73.12135981370952,None,0
2023-02-14 23:00:00,Compressor,88.55572935710347,53.26739490975871,1.8990269656234906,31.204025724418003,63.04249467964672,None,0
2023-02-15 00:00:00,Pump,68.89142360194934,50.34453066560486,1.374987172206198,62.608495223061794,35.26578434195561,Wear & Tear,1
2023-02-15 01:00:00,Valve,80.04483256383017,49.33697960879751,2.1528505953748884,35.21018522640069,43.02614014772093,Electrical Failure,1
2023-02-15 02:00:00,Compressor,59.36965693428746,55.88500318395169,2.275718269087773,83.70828155769097,18.11213782787145,None,0
2023-02-15 03:00:00,Compressor,63.2054033549222,43.43766348275725,2.3629105740193985,77.37817515884417,80.74974679824139,None,0
2023-02-15 04:00:00,Pipeline,89.35087399222235,52.68194609423788,2.1746463861771037,88.34042259574097,39.14827911134306,None,0
2023-02-15 05:00:00,Pump,71.52697711042157,41.644264176023256,1.8644424258190453,66.50297718898773,70.10037091271866,None,0
2023-02-15 06:00:00,Compressor,89.53275476042545,45.80819059999596,2.497001019753139,61.33036826906028,42.18352994787521,Wear & Tear,1
2023-02-15 07:00:00,Valve,74.21769340941482,43.93671433688343,2.032924248782959,61.13843135666326,51.789739725663644,None,0
2023-02-15 08:00:00,Pipeline,56.58102227042143,53.90971267725959,1.7675384928176396,53.186902467260694,59.95022251387555,Corrosion,1
2023-02-15 09:00:00,Pump,83.9206759973172,49.67294883202303,1.9096733089771396,58.12140403374846,82.16671675515433,None,0
2023-02-15 10:00:00,Heat Exchanger,69.10107682244393,49.93248377703512,1.127015483762509,68.12475498812103,29.004073978661236,Corrosion,1
2023-02-15 11:00:00,Valve,81.98688813517043,44.466335061352744,1.9088790879107305,85.97685645337663,45.888884814687074,None,0
2023-02-15 12:00:00,Compressor,75.25210867540082,48.50153252033555,2.3442182599373345,65.75306029536186,21.707341470263582,None,0
2023-02-15 13:00:00,Compressor,59.568817720571296,46.182673483454444,2.169891511069615,81.42695653904204,16.818445442913337,Electrical Failure,1
2023-02-15 14:00:00,Valve,76.64294765370569,51.91727507427108,2.760332086490593,81.76679467815003,64.42069205519127,Leakage,1
2023-02-15 15:00:00,Compressor,96.96223142152799,45.04454432334193,1.8685125429921479,61.129960550895554,27.018193992301242,None,0
2023-02-15 16:00:00,Pipeline,79.9298645851446,56.64897182602538,2.243656581526658,50.8481784898573,15.381940773348894,Leakage,1
2023-02-15 17:00:00,Pump,74.42482246994537,41.62209775187953,2.396370088152886,68.37443239992487,90.7388138085765,None,0
2023-02-15 18:00:00,Pipeline,85.75343401956897,45.96740083771719,3.1714285041437043,56.752640514890565,58.08829778068563,None,0
2023-02-15 19:00:00,Compressor,77.1066846520311,58.38600254983048,2.07238274555882,34.88645203931598,22.116538666268617,None,0
2023-02-15 20:00:00,Heat Exchanger,77.09534230262794,47.82430626018983,1.4779064105679884,52.668546025946014,14.808351470279474,None,0
2023-02-15 21:00:00,Pump,64.08374827840898,43.42560667797794,2.423964376677641,89.64432828295949,20.787404807229052,None,0
2023-02-15 22:00:00,Pump,77.33848025789598,51.09535781268834,2.9328636779842285,32.91071220157723,52.420351628855265,None,0
2023-02-15 23:00:00,Valve,85.35443416416945,47.62303878892729,1.8387256448866893,71.8000147140556,70.1618729652008,None,0
2023-02-16 00:00:00,Valve,66.63937847899976,45.82064872190847,2.4205407693032077,80.47132230427482,67.7152067487441,Corrosion,1
2023-02-16 01:00:00,Heat Exchanger,89.24495821246947,44.52064594600641,2.61436402761446,68.92355420852272,22.998077763804865,None,0
2023-02-16 02:00:00,Pump,74.08293975854875,63.84186802812972,2.5085327719850765,64.1848938697974,67.0140056653938,None,0
2023-02-16 03:00:00,Heat Exchanger,66.12230488461459,48.742240499079315,2.062779261236789,72.45326501872546,46.43790617958395,None,0
2023-02-16 04:00:00,Valve,84.97632076920245,40.37216319833561,1.6507631208934268,55.76056423797934,51.82694058695186,Leakage,1
2023-02-16 05:00:00,Valve,72.13205764261731,57.46854879502767,1.959360225993207,35.48170423853261,82.12873656207854,None,0
2023-02-16 06:00:00,Pump,82.59514887486108,53.05535452555285,2.2293002269388156,87.7423052582029,39.92494354116745,Wear & Tear,1
2023-02-16 07:00:00,Pipeline,72.08241367741462,46.16766784490106,2.4541112620458643,55.93804619905177,23.22991424470184,None,0
2023-02-16 08:00:00,Compressor,74.40173856470096,45.33440455656929,2.1669725239995197,69.92335423008106,88.61078202097065,None,0
2023-02-16 09:00:00,Valve,79.93560204334291,53.367363980791154,1.8100460167297114,61.87862621335772,29.09175182797042,None,0
2023-02-16 10:00:00,Valve,77.90897057590006,48.765408362552726,2.2776898280748843,33.280384318653276,36.46268834991784,None,0
2023-02-16 11:00:00,Pipeline,55.044682195482615,40.370110907774496,2.43004253387141,87.16479605955232,73.59310530123602,Wear & Tear,1
2023-02-16 12:00:00,Pipeline,63.78756259905608,58.936199823023344,2.1898050282072403,77.5522335668594,71.51952853518466,None,0
2023-02-16 13:00:00,Heat Exchanger,84.29409984790816,47.83004768892022,1.5819064427308376,38.9458736681637,82.03600191554459,None,0
2023-02-16 14:00:00,Heat Exchanger,73.67863411098453,57.47785868241213,1.909296982641405,88.89893257729601,26.547997730314698,None,0
2023-02-16 15:00:00,Compressor,69.76268697228578,56.39217478982857,2.4739103882062334,74.21408233030247,41.7051903982783,None,0
2023-02-16 16:00:00,Compressor,61.41425984742526,44.99495227758593,1.3084910956277631,58.33929902569854,21.329491506063498,None,0
2023-02-16 17:00:00,Pump,64.20263678724152,55.16594932181574,0.9534109888044204,66.68220339357438,58.69352324517438,Electrical Failure,1
2023-02-16 18:00:00,Heat Exchanger,54.78201360038052,46.742787250681594,2.7540414250720104,36.40420092087585,36.33135332848311,None,0
2023-02-16 19:00:00,Valve,73.98719281298467,40.666497065980295,2.25570762751094,63.62469060093666,72.00420769077064,None,0
2023-02-16 20:00:00,Heat Exchanger,69.01562419418953,47.87700916988929,2.3033650012600533,34.41966432102356,10.030993118608697,None,0
2023-02-16 21:00:00,Valve,65.33412109014685,51.988187508881396,1.4615915131864718,62.691315427158116,15.371469861362133,Overheating,1
2023-02-16 22:00:00,Pipeline,74.31876574832047,47.68631676001831,2.368764031733269,63.161741325767125,48.9304270467409,None,0
2023-02-16 23:00:00,Heat Exchanger,78.63970630852738,48.464758295374494,2.137624343784182,82.46632710964464,96.23657403780116,Overheating,1
2023-02-17 00:00:00,Pipeline,95.93197932209945,55.717830224643066,1.2078362110758014,73.50345001633764,90.17662486232646,None,0
2023-02-17 01:00:00,Compressor,59.88116580436787,50.53246990145046,2.7121417071369285,44.9731435329072,99.46081252557849,None,0
2023-02-17 02:00:00,Compressor,86.59381043300522,45.783508443575236,2.0793416618093645,83.3055685312714,47.51472023776404,None,0
2023-02-17 03:00:00,Pump,84.73101561015072,53.510151618336636,1.8019580169603655,64.39455989088034,14.19116376463764,None,0
2023-02-17 04:00:00,Heat Exchanger,67.209072606233,50.98837783477123,1.8110051270073912,66.38276871444202,37.536052781778615,Electrical Failure,1
2023-02-17 05:00:00,Pipeline,77.03235954586032,37.39197599268979,0.9923890472838117,40.1388821533307,70.81937669565563,Leakage,1
2023-02-17 06:00:00,Valve,70.42366750662384,52.14176456885724,2.2966682998156815,81.46641575814684,22.164742879067376,None,0
2023-02-17 07:00:00,Compressor,76.85688580418739,51.959143538580506,2.1309286036228627,85.85790690099265,36.9974960884001,None,0
2023-02-17 08:00:00,Compressor,90.0913101340455,50.1006056479043,1.9029599338334526,76.4994389696945,15.05495480903728,None,0
2023-02-17 09:00:00,Valve,81.05606232631312,54.45850290534788,2.639242603725836,86.44514715870037,52.747033455121084,None,0
2023-02-17 10:00:00,Pipeline,80.08608373233442,46.63803207836749,1.308070490502077,48.13799424734076,28.802860992557914,None,0
2023-02-17 11:00:00,Pipeline,70.69690680045358,51.6824989441045,1.7016137618161924,81.66715010176627,18.212322420910212,Wear & Tear,1
2023-02-17 12:00:00,Heat Exchanger,60.15943335075665,42.165203144163236,1.574995872619807,59.33358857182455,47.00942285342311,None,0
2023-02-17 13:00:00,Heat Exchanger,72.91531789459592,52.03545191699416,1.8606025101142234,39.835032176615094,41.610286393673945,None,0
2023-02-17 14:00:00,Pump,87.06608154863915,59.76529847769948,2.0337350126286116,70.12803594200406,58.37659632509431,None,0
2023-02-17 15:00:00,Compressor,59.72832143410352,45.025718237662296,2.2150067619056775,71.04721624235273,77.41347897822752,None,0
2023-02-17 16:00:00,Heat Exchanger,64.44910631823305,46.20098934006113,1.8265132734474414,47.21547082540141,20.13118627838547,Electrical Failure,1
2023-02-17 17:00:00,Pipeline,76.26267736234068,46.44992278554224,1.561322132422553,31.649599897654205,81.20130311890077,Corrosion,1
2023-02-17 18:00:00,Valve,65.15345215152738,50.64999112900798,2.843003474885222,41.9908355451338,12.36609818876621,None,0
2023-02-17 19:00:00,Pipeline,67.07476552884788,44.68481863573141,3.2058200958942846,53.9866528604332,49.879171224626305,None,0
2023-02-17 20:00:00,Compressor,70.76401418271823,52.1062368934549,2.0716433359410127,40.05377466359211,62.86872581972938,None,0
2023-02-17 21:00:00,Pipeline,61.343825958098506,54.234199727345825,1.6216098164895665,41.64179689437625,96.12988058258178,None,0
2023-02-17 22:00:00,Pump,65.25878153783631,52.671736067268924,2.737727065521147,53.48343986293617,61.65307241826847,None,0
2023-02-17 23:00:00,Compressor,82.03427916787308,41.15792287180964,1.2766214468357675,87.70719685851363,24.287427394424974,Electrical Failure,1
2023-02-18 00:00:00,Valve,61.92630217769036,54.97583832579303,1.8326133376475862,75.85461092445891,56.57876248095182,None,0
2023-02-18 01:00:00,Pump,59.021278655051624,54.6868370712684,1.6519414743268492,49.18490407359385,45.62055524722746,None,0
2023-02-18 02:00:00,Compressor,68.69975020466106,54.150806861731525,1.4202322247747556,87.0962441351129,53.14200108402193,None,0
2023-02-18 03:00:00,Valve,82.31955502509845,51.86421124327912,1.8599878835391153,68.73880753552396,27.738731319317854,None,0
2023-02-18 04:00:00,Pump,73.0307819200311,51.100946571025666,1.5679139604130174,57.32697867840841,55.07443380801447,Corrosion,1
2023-02-18 05:00:00,Pump,70.35418921884381,55.16194699063198,2.006327232074327,58.098011937308826,23.503578786178917,None,0
2023-02-18 06:00:00,Compressor,75.44358797515608,59.617567438017275,2.013588583836232,54.644668070123515,76.96387726217829,None,0
2023-02-18 07:00:00,Heat Exchanger,57.54292567140348,45.23479768317575,1.6893341382390104,43.979523152756386,63.45156342030381,None,0
2023-02-18 08:00:00,Pump,79.94705653775033,55.390626978973856,1.814743321703065,53.19793153282234,17.067492243260496,None,0
2023-02-18 09:00:00,Pump,78.83435031403644,49.56891450996274,1.8845755160481448,61.67378304260355,90.06530211360818,Leakage,1
2023-02-18 10:00:00,Valve,70.90691525904279,49.351634739857,2.4049230305597136,61.68164104381326,65.47416441540744,None,0
2023-02-18 11:00:00,Pipeline,85.05924511796417,42.31734654808981,1.9257852994679072,75.70421413275108,38.44963496150483,Corrosion,1
2023-02-18 12:00:00,Compressor,63.725039010469615,48.57605295242303,2.4123508703930487,51.527871429441156,14.107815957457927,None,0
2023-02-18 13:00:00,Compressor,86.2790899325357,45.01367521015792,2.2929064917773276,73.00788175823715,66.90040261944696,None,0
2023-02-18 14:00:00,Heat Exchanger,76.54493665595251,47.68072785247027,2.285765348450371,64.68551032612108,43.609623521350315,None,0
2023-02-18 15:00:00,Heat Exchanger,71.63447410121826,44.50906808110925,2.6939229851729865,87.71072427161008,91.68562943906389,None,0
2023-02-18 16:00:00,Compressor,74.80126364631688,47.75545806343497,1.440304560127045,53.11709556203896,13.13900494427571,Electrical Failure,1
2023-02-18 17:00:00,Heat Exchanger,73.92735234189058,47.96944821488298,1.7634084468464433,84.07298785564743,13.519219180801901,Wear & Tear,1
2023-02-18 18:00:00,Valve,87.20282896417717,50.483774592194,2.8816494001497848,79.23855283789737,95.43693582162419,None,0
2023-02-18 19:00:00,Compressor,64.23320872528987,41.92625068854335,1.8713417497053664,68.25985707536742,96.83865511115556,None,0
2023-02-18 20:00:00,Heat Exchanger,67.37480760853401,42.77240926127338,0.5924381550470752,69.27086800452703,12.496800409537475,None,0
2023-02-18 21:00:00,Compressor,85.3630289207248,51.809571353652636,1.8985158284260573,35.07899607638464,74.44299114471947,None,0
2023-02-18 22:00:00,Pipeline,69.04465064816141,46.0128094146495,2.0674697650816247,87.01347633560594,29.934536709595644,None,0
2023-02-18 23:00:00,Pump,84.00533077331592,55.37264895114966,0.6914434412843946,36.41616380974463,73.12534896574653,None,0
2023-02-19 00:00:00,Compressor,91.99435983008709,51.12634861007523,2.666967819943974,63.79399852461042,88.18595169921852,Electrical Failure,1
2023-02-19 01:00:00,Pump,70.98204973058367,53.033810751032036,1.643143768067199,49.80424802694927,19.074833097604785,Overheating,1
2023-02-19 02:00:00,Heat Exchanger,81.81362326575305,57.05346160210448,2.1642815575937577,55.791118697391106,31.488977508583783,None,0
2023-02-19 03:00:00,Pump,63.46307718660142,48.45144594096714,1.8870092273279688,66.61098065020903,12.166990149384535,None,0
2023-02-19 04:00:00,Compressor,82.54733298067809,47.12756647291862,1.3558242903979791,84.5310826729393,13.94468608999967,Leakage,1
2023-02-19 05:00:00,Pipeline,76.99423985986768,54.35851292799407,1.46474593268229,57.454027414338086,12.665607239599677,Wear & Tear,1
2023-02-19 06:00:00,Heat Exchanger,79.73038282160215,52.54756781964843,1.5324585817862264,89.26377331838647,82.0614120783773,None,0
2023-02-19 07:00:00,Compressor,68.54427927964605,49.06334845089349,2.542835954591819,65.56872392108998,36.8463410587699,Electrical Failure,1
2023-02-19 08:00:00,Heat Exchanger,58.389165844328275,56.95728983477971,1.926230905949924,39.63323655853047,54.38902956147902,None,0
2023-02-19 09:00:00,Valve,80.03252064749505,48.93877845080035,1.7390672417241266,41.400557689875136,80.90598372373147,Corrosion,1
2023-02-19 10:00:00,Pump,54.365968475205456,50.16386818777891,1.5326955437048844,72.96666213535507,54.544929643604625,Overheating,1
2023-02-19 11:00:00,Valve,71.82649507757465,50.10611325417129,2.5980751107630633,33.0238676546029,48.62764563621365,None,0
2023-02-19 12:00:00,Compressor,84.4118186641997,45.327030525507645,2.7321006362617934,58.82049457333361,11.041588584051294,None,0
2023-02-19 13:00:00,Pipeline,76.91897735873036,50.38792694743196,2.5923719493533404,38.893146588210996,61.12355522830806,None,0
2023-02-19 14:00:00,Heat Exchanger,94.48342644789813,56.983800886992455,2.2462186695770834,55.9931181106707,21.226877032337775,None,0
2023-02-19 15:00:00,Pump,85.25109152581774,52.22484157688088,2.144915020935356,74.99504532430316,78.81834167119236,Overheating,1
2023-02-19 16:00:00,Heat Exchanger,68.46101611674423,50.15531713199466,1.3920310910120492,57.52877569448605,33.196395143351765,None,0
2023-02-19 17:00:00,Compressor,75.27313379851438,49.191163594171655,1.8770904366444712,39.80706653885562,70.67686697277895,Electrical Failure,1
2023-02-19 18:00:00,Heat Exchanger,74.52629297455564,51.654335142031755,1.6580698983267816,45.11552222139855,68.16011750422115,None,0
2023-02-19 19:00:00,Pump,59.17823236653873,53.748833142445925,1.087243945507645,52.052375319130945,65.50080426370181,None,0
2023-02-19 20:00:00,Compressor,65.59601083515646,53.04619415444876,2.528521709582683,34.173671009184886,34.025680678347335,None,0
2023-02-19 21:00:00,Heat Exchanger,69.3923909302014,48.3406756908901,1.6520850268038623,65.06025816486732,34.03807994580113,Leakage,1
2023-02-19 22:00:00,Pipeline,54.637794971440634,51.623907970550576,2.5979709537176534,66.45202747668301,87.67432390971969,None,0
2023-02-19 23:00:00,Compressor,75.47493468251643,52.39969870574139,2.440873200380006,33.729115627954044,11.152659936738429,None,0
2023-02-20 00:00:00,Compressor,72.50928155346959,44.96402506236511,2.2783589883167092,54.13867927044972,26.337037010856214,None,0
2023-02-20 01:00:00,Pipeline,58.27106098688426,50.841152705918475,2.306442035881592,54.8400409730835,64.91538258777865,None,0
2023-02-20 02:00:00,Valve,79.04212865277331,39.19348056848819,1.692343058963146,50.029174113156074,83.53416289628528,None,0
2023-02-20 03:00:00,Pump,82.1587274469096,52.41266854910592,2.928925075645332,63.46438441986671,42.25109578055728,Wear & Tear,1
2023-02-20 04:00:00,Valve,77.27034478864888,53.30171527281341,2.0215627154765246,50.75744940360671,68.80991127497201,None,0
2023-02-20 05:00:00,Heat Exchanger,71.7593182479103,53.7377306289323,2.150965842559352,54.98455676866836,60.144077765821265,None,0
2023-02-20 06:00:00,Pipeline,80.91442151751855,48.024765739152166,1.6754618332166804,77.85141284649634,15.808609403383187,None,0
2023-02-20 07:00:00,Valve,81.80220360476692,51.54523417512017,1.53441736961152,39.726561325812085,65.95751772376103,None,0
2023-02-20 08:00:00,Compressor,78.07403569719689,57.11976922770583,2.2386480044047117,67.14688171820525,83.25131250452442,None,0
2023-02-20 09:00:00,Heat Exchanger,66.75387749565239,57.068848241456294,2.1087567479693927,60.33566410145073,99.32034882694684,None,0
2023-02-20 10:00:00,Heat Exchanger,77.7660076551118,49.854136503867196,1.6053238170487114,48.304298248760944,12.667606538655058,None,0
2023-02-20 11:00:00,Valve,86.95480650825479,50.6965981536478,1.2807866406122979,73.65207938942464,69.40523553254812,None,0
2023-02-20 12:00:00,Valve,69.0337094138827,55.554555723672166,1.3650384563362263,63.071301572468876,47.3094597833166,None,0
2023-02-20 13:00:00,Pipeline,95.97939339132431,42.49598992368912,2.5980668585455535,58.64169161764172,10.880909983558475,None,0
2023-02-20 14:00:00,Pump,69.74369066014616,48.38462128661488,1.6933730926749642,70.060158886272,65.29248493376602,None,0
2023-02-20 15:00:00,Valve,75.32407013340136,56.67785227768378,1.830545727162083,78.13741847888164,21.018456870007196,None,0
2023-02-20 16:00:00,Valve,68.27514403993663,54.87600270842383,2.725170129379531,88.36012740201457,44.071016517022294,None,0
2023-02-20 17:00:00,Compressor,77.2327083592026,51.84631888824952,1.4389247192567927,67.76102210258242,33.52303832395621,None,0
2023-02-20 18:00:00,Heat Exchanger,57.57778307364725,42.470837973346896,1.6365025871414716,82.46639912402298,42.50470620439894,Overheating,1
2023-02-20 19:00:00,Pump,69.53958201183279,49.75044883479419,1.6156165857196534,30.065492461377417,54.342602335085466,None,0
2023-02-20 20:00:00,Compressor,64.07878799651434,47.05042301875034,2.8090342405830198,61.81414156355348,42.3288579240563,None,0
2023-02-20 21:00:00,Pipeline,76.35338347892291,51.65519451408607,2.996691750291207,42.878852926211884,59.745868353058526,None,0
2023-02-20 22:00:00,Pipeline,84.94447375508908,45.9532665760256,2.3757816127010853,35.65154742498823,31.478472120956837,Corrosion,1
2023-02-20 23:00:00,Valve,81.46006187114551,44.87138302512696,2.3916923620771198,61.91826102386352,67.18255906855434,None,0
2023-02-21 00:00:00,Valve,51.28340639141108,39.67567361158179,1.7098224985736343,74.80959036894563,86.8386703712368,Leakage,1
2023-02-21 01:00:00,Pipeline,95.4206965292788,56.10902342488351,2.9736642434521414,54.73635134846278,30.166034222369117,None,0
2023-02-21 02:00:00,Valve,77.95279940620868,48.00114744278471,2.133848127179331,70.20644696066609,55.708949427006026,Leakage,1
2023-02-21 03:00:00,Pump,67.23500859507,50.785728918512675,2.4265551322248697,59.38315523045699,68.38208060948998,None,0
2023-02-21 04:00:00,Valve,76.5712791899094,49.98880941762909,1.9472375306145229,56.22515195756556,60.81635180920745,Overheating,1
2023-02-21 05:00:00,Heat Exchanger,76.76189822502693,44.662830335197505,1.8659837063361948,47.41539842615164,42.90845015730034,None,0
2023-02-21 06:00:00,Valve,68.33151283048436,43.70467544275903,2.831521129798059,52.95561087006027,67.79797372051735,None,0
2023-02-21 07:00:00,Compressor,76.97916667342075,44.973424370013824,2.2698618398691535,50.98773784766567,12.542158558906861,None,0
2023-02-21 08:00:00,Pump,68.92527712379693,46.384157805853036,2.7256877305351908,68.7712310408929,43.29156087967897,Corrosion,1
2023-02-21 09:00:00,Compressor,70.95638007309978,51.83303123506902,2.127664085872522,36.961110676748376,57.93509931769029,Wear & Tear,1
2023-02-21 10:00:00,Compressor,68.13720864244915,46.021411682396945,1.5758167317884546,35.55818212126836,11.85518429522782,None,0
2023-02-21 11:00:00,Heat Exchanger,60.673287102603474,58.73245315797311,1.708328533560756,69.60077965250763,55.688394671586984,None,0
2023-02-21 12:00:00,Pump,76.45836470215384,55.135755179465754,2.051482621232305,62.77788419273284,68.88290146890654,None,0
2023-02-21 13:00:00,Pump,80.85299436516338,54.04179774832854,1.6867498919783366,55.812005804559455,78.32869279417406,Overheating,1
2023-02-21 14:00:00,Pump,80.14883596076372,49.40170548763425,1.4462692956861547,39.14657306447421,20.203667326848738,None,0
2023-02-21 15:00:00,Pump,83.19925252635234,57.57140367860242,2.6007085158935124,54.66162671215869,99.15083874025254,None,0
2023-02-21 16:00:00,Pump,78.24340210014869,48.90997184439438,1.727564964588244,77.3839057992007,64.5550931201586,None,0
2023-02-21 17:00:00,Heat Exchanger,69.67274501783096,49.84369292922877,2.0690963738956603,83.37727414735542,42.687441335109696,None,0
2023-02-21 18:00:00,Valve,83.39663864431189,50.849872698746346,2.1480667949428023,72.15459419785321,32.41835690110425,None,0
2023-02-21 19:00:00,Compressor,61.42482460158065,53.50911520271672,1.7059234373397156,33.59473055285285,61.56071755150731,None,0
2023-02-21 20:00:00,Pump,65.9932861748752,53.18454039501493,2.7253997331543696,70.22458659606711,89.35404824499138,None,0
2023-02-21 21:00:00,Valve,65.35799928576755,47.62437360777698,1.4414291193976936,44.45913537277767,56.85088565272283,None,0
2023-02-21 22:00:00,Valve,85.80056059139311,47.33503140287023,2.1308126317903855,48.91507458158431,69.53248500444641,None,0
2023-02-21 23:00:00,Compressor,84.42788514140075,53.19951478576042,2.123058853188292,41.752392477599074,42.19267955865042,Leakage,1
2023-02-22 00:00:00,Heat Exchanger,79.87305237044995,53.576182919456166,1.9728726985679261,76.54534743721229,44.933705928007534,None,0
2023-02-22 01:00:00,Pipeline,85.71929865211797,48.03324437588564,1.3515436933640088,68.91612735823674,35.755759519470274,None,0
2023-02-22 02:00:00,Pipeline,66.20717217588012,42.06405965160773,2.435408775931732,66.71010327595084,73.50735649314157,None,0
2023-02-22 03:00:00,Valve,78.4859511986098,48.96341951995878,2.371755335167298,70.07835658015657,42.326879807490855,None,0
2023-02-22 04:00:00,Compressor,73.74825571616836,53.11762899412929,1.6622157357043919,44.206335684234205,27.164476363711533,Corrosion,1
2023-02-22 05:00:00,Pipeline,83.46882103884914,59.0270842320989,2.353743603602681,56.678664859521696,43.24605140496141,None,0
2023-02-22 06:00:00,Valve,73.84775767447802,44.01021018829669,2.187453843150388,67.99522329293936,86.84444870494806,None,0
2023-02-22 07:00:00,Heat Exchanger,71.15057111589918,47.86714373584713,1.3596939273194457,68.19564165709802,76.4426839219231,None,0
2023-02-22 08:00:00,Pipeline,80.4090851856099,48.052982192373115,1.5730355427143212,77.51111176530783,40.11767600172075,Overheating,1
2023-02-22 09:00:00,Valve,83.76169167191233,56.779026697157505,2.5691407224447897,47.22623800128663,91.61280683530322,None,0
2023-02-22 10:00:00,Valve,68.31654805153198,49.82529249770683,2.1547080925710254,76.22016730180934,16.734937160572027,None,0
2023-02-22 11:00:00,Pump,74.38924328647624,45.463367203138674,1.717848527094687,56.411068837016145,14.47784122722789,None,0
2023-02-22 12:00:00,Heat Exchanger,64.41559366358348,52.793476414609096,1.570762054413679,70.21036152353608,21.472331930671714,None,0
2023-02-22 13:00:00,Pump,50.019389825070604,47.97680739979527,1.7423031009422896,57.34316280391721,20.48092802727428,Electrical Failure,1
2023-02-22 14:00:00,Compressor,77.00459631413729,43.87806363321023,1.7777602350611477,86.9166101874566,17.905088351110646,Electrical Failure,1
2023-02-22 15:00:00,Pump,81.08905356254633,45.536133463619244,1.5770184836853742,40.75813588449867,69.5208350798193,None,0
2023-02-22 16:00:00,Pump,77.62066809086726,58.6702097721131,1.1291179438083487,70.50030531494143,64.07581416898815,None,0
2023-02-22 17:00:00,Pipeline,55.50438282245633,51.92104610824731,2.5700066432003927,64.59210004608954,68.28449595235432,Electrical Failure,1
2023-02-22 18:00:00,Valve,71.49150569923525,50.538800277262716,2.4853168363057216,40.36386245686468,71.9529448745827,None,0
2023-02-22 19:00:00,Heat Exchanger,52.81652239948919,48.75053132093977,1.3633722740965704,33.960380148700075,78.11917772326119,None,0
2023-02-22 20:00:00,Pump,88.69701107654186,51.460744210593994,2.068155647781834,77.94866333829981,28.645923473776932,None,0
2023-02-22 21:00:00,Heat Exchanger,64.13945417881914,51.40117973001247,1.5488808986426168,39.44708001877591,66.00731619113199,Overheating,1
2023-02-22 22:00:00,Pump,87.55403609459896,51.46084414103663,1.8692163883867323,41.19040096714656,62.2043793402736,None,0
2023-02-22 23:00:00,Compressor,84.45869643684145,50.57422545138876,1.8276167100631717,88.70605343934236,94.92940232231264,None,0
2023-02-23 00:00:00,Pump,65.99409647463938,54.34399169152775,1.7860828921410636,73.03565108859785,30.913095181568373,None,0
2023-02-23 01:00:00,Pipeline,63.672150487322554,50.11552173000366,3.001473542038143,45.02921049607335,15.285064093689826,None,0
2023-02-23 02:00:00,Valve,78.50370216386338,45.1103058222368,1.7798371576619048,65.45693760909607,68.81455627430888,None,0
2023-02-23 03:00:00,Compressor,66.55675962816929,46.93788554549566,1.5958680874665376,62.0467103041508,76.61555562130407,None,0
2023-02-23 04:00:00,Pump,76.02484642158207,40.10490653255144,1.6187092852514762,80.66839605083085,35.487640522679555,Wear & Tear,1
2023-02-23 05:00:00,Heat Exchanger,70.17172409193081,60.13408558021196,2.5218884782008777,73.75924486995746,61.37635878457021,None,0
2023-02-23 06:00:00,Compressor,57.18841585534366,54.31377295976343,1.1739488341535327,79.90326752959115,15.358245898073552,Leakage,1
2023-02-23 07:00:00,Compressor,52.695319808755414,45.84964752435381,1.6186885417822399,42.690395278641745,96.40403570514601,None,0
2023-02-23 08:00:00,Pump,77.26684248494597,48.5907757530145,2.723411420055767,68.4131522620203,19.893247596925175,None,0
2023-02-23 09:00:00,Compressor,69.38442253669375,46.815617628967836,2.121993093998823,32.41445150510282,16.081348253679614,None,0
2023-02-23 10:00:00,Heat Exchanger,69.46910183085868,57.71273605687058,2.095961002518057,34.136436736753204,13.969914354515716,None,0
2023-02-23 11:00:00,Compressor,81.95863839093785,42.900614178645355,3.0660732300718507,72.81162196227584,48.45447158530174,Wear & Tear,1
2023-02-23 12:00:00,Heat Exchanger,86.73442276632444,50.5723802940939,2.1231739764742494,31.46520615863588,18.744376911147103,None,0
2023-02-23 13:00:00,Pump,72.2745527863819,49.45736078717576,1.6459069193202087,64.78590053403056,77.01834168600178,None,0
2023-02-23 14:00:00,Valve,71.59401293090139,54.134193153545574,1.8589614715618257,80.4243059066718,90.89867445637651,None,0
2023-02-23 15:00:00,Compressor,80.00143033113883,49.47995386137652,1.4322838454847155,52.79650850508172,33.419703909237136,None,0
2023-02-23 16:00:00,Valve,61.43064430300424,41.208955616722825,2.6279685200078484,32.69042621039477,66.5895807326259,None,0
2023-02-23 17:00:00,Heat Exchanger,77.23153054747696,48.7444108267878,2.2872808587683577,72.83084697772361,13.8104602310636,Electrical Failure,1
2023-02-23 18:00:00,Compressor,80.51885971822153,45.13918891028337,2.5622070749854444,85.78118714784905,44.790802452351585,Overheating,1
2023-02-23 19:00:00,Pipeline,81.80230208417629,50.3978977327828,2.606491964274685,73.03028352349608,36.36479020849555,None,0
2023-02-23 20:00:00,Valve,55.63247297497535,57.17088518260163,1.7928946095362337,64.70683458016651,30.575718679632296,Wear & Tear,1
2023-02-23 21:00:00,Compressor,67.3864473019106,41.30287377883861,1.527623573995555,43.8017297927436,68.02511406658292,Overheating,1
2023-02-23 22:00:00,Valve,66.21736747176533,45.998886323000484,1.974143444345977,30.92253744266982,21.720515172268264,Wear & Tear,1
2023-02-23 23:00:00,Compressor,75.99886954409213,47.23653523108251,1.5636194646057309,71.68032650874319,87.46394709672896,None,0
2023-02-24 00:00:00,Pump,79.80744579767983,48.09184452293394,2.0824784377045122,43.861570550657575,69.83523157318612,None,0
2023-02-24 01:00:00,Valve,89.96710407445981,53.70062832052622,2.5660484404173447,81.48976063094145,73.96616608192522,Electrical Failure,1
2023-02-24 02:00:00,Pipeline,70.05034519631927,49.13227791219306,1.9159301769754165,57.98184712995668,94.18098777919013,None,0
2023-02-24 03:00:00,Pipeline,70.02427501690786,52.079013628602226,2.0749975449538693,61.838134942347374,94.81355843522633,None,0
2023-02-24 04:00:00,Heat Exchanger,86.49672018878746,46.87113478134112,1.9530771918883167,75.236192655982,59.648709143731224,None,0
2023-02-24 05:00:00,Compressor,77.96576938530305,51.14962172708969,2.401363786218849,76.76583646820059,54.58418355573824,Electrical Failure,1
2023-02-24 06:00:00,Valve,87.67651511187974,53.88898815438858,1.666108802855855,68.55904998483409,40.184344740421906,None,0
2023-02-24 07:00:00,Heat Exchanger,77.88728003009837,46.33850225131456,0.9017768691784505,86.30590892476458,74.40144491822214,Leakage,1
2023-02-24 08:00:00,Valve,63.42883381286729,53.906790599032576,2.2354344296876905,88.93790617922517,58.438799828183164,None,0
2023-02-24 09:00:00,Compressor,61.668716452221936,50.26186384363784,2.4939172106539966,86.813126662477,93.95875717661121,None,0
2023-02-24 10:00:00,Pipeline,59.48487750941071,55.22730120241126,2.223187122379268,79.45075112063661,31.47633538413448,None,0
2023-02-24 11:00:00,Pump,81.62051834758473,48.99290049961513,1.679884752265993,72.33751321465509,37.92274176254416,None,0
2023-02-24 12:00:00,Pipeline,86.88596823087008,51.9062232758105,1.4324939509069656,69.79955147290005,38.448140267797186,Wear & Tear,1
2023-02-24 13:00:00,Heat Exchanger,93.4936214138638,49.79696884160735,2.2472487658901605,36.22501061523204,82.53986091010363,None,0
2023-02-24 14:00:00,Pump,83.4310533232324,49.5189386897971,2.070739476467337,46.28906080914675,18.91362986579371,Electrical Failure,1
2023-02-24 15:00:00,Heat Exchanger,86.62838577534986,51.29465214112845,1.937103686170835,30.34129341176262,51.00842088900817,None,0
2023-02-24 16:00:00,Compressor,69.19983667346315,52.68403734612452,2.9112316714968953,38.244592214039514,48.48226632757426,None,0
2023-02-24 17:00:00,Pump,63.43584183256144,43.75217544037997,1.5265999529093341,56.3537686301513,16.582565891238275,None,0
2023-02-24 18:00:00,Heat Exchanger,83.50079332417553,57.16816804408939,2.8875185105637327,38.7921930473444,46.97172986899125,Overheating,1
2023-02-24 19:00:00,Compressor,79.176807522394,40.701684797251005,2.01589195243532,84.09980488060548,56.204018495558316,None,0
2023-02-24 20:00:00,Pipeline,76.07444374340892,46.57593945130552,1.0822147615645625,78.34195112011692,15.859422325442193,Overheating,1
2023-02-24 21:00:00,Compressor,78.8737148063299,49.5286546461755,1.9103986728404296,34.296714725371096,55.88759156002006,Overheating,1
2023-02-24 22:00:00,Valve,78.23185482458206,52.06177984542974,2.4797480382997206,44.93482292803596,96.3314114215061,Leakage,1
2023-02-24 23:00:00,Compressor,87.83816859853562,57.880862638706894,1.8174724835975147,79.14431307669054,98.1022890845379,None,0
2023-02-25 00:00:00,Compressor,87.94985584816956,40.70854255887446,1.2626107293808024,78.18276759359242,57.85118007308301,None,0
2023-02-25 01:00:00,Valve,80.44220352340346,47.46152935805145,1.917742734101915,86.72703300706732,56.35872393426631,None,0
2023-02-25 02:00:00,Heat Exchanger,83.45802872562928,39.36583256100367,1.571413813054147,89.85286569704161,35.695734977475226,None,0
2023-02-25 03:00:00,Heat Exchanger,80.14062552424775,50.15810986955124,2.2459072005439813,88.57620379446732,99.74039245408915,None,0
2023-02-25 04:00:00,Compressor,70.3883026796538,51.35841792250015,2.3866999080338056,54.60827914328649,34.68062539227034,Wear & Tear,1
2023-02-25 05:00:00,Valve,82.5656467491314,57.95397871085626,1.471864796125947,45.01970662812194,50.76111703959607,Corrosion,1
2023-02-25 06:00:00,Valve,61.05504931140739,50.60317380446727,1.6470979724421753,75.50461142562375,10.264065202240888,None,0
2023-02-25 07:00:00,Pipeline,85.53891552295883,55.2201256472119,2.3783212325534686,47.95637356464185,41.43090618182232,None,0
2023-02-25 08:00:00,Heat Exchanger,63.05477060233965,52.919185407695295,1.5705778608505203,78.38402160787979,16.42962705479415,Corrosion,1
2023-02-25 09:00:00,Pump,77.85803286794733,47.82375901497416,1.4589209320860026,62.03728382387546,76.94422933466191,None,0
2023-02-25 10:00:00,Heat Exchanger,66.54846041573842,42.955196266039806,1.4106544341018727,77.63563651409723,60.491300772693904,None,0
2023-02-25 11:00:00,Heat Exchanger,80.53388983074427,51.375011491459055,2.17601930647906,46.55279278302063,61.49546895588909,None,0
2023-02-25 12:00:00,Pipeline,74.66074774072091,42.53948991427318,2.154578859758732,60.48163893322925,35.78601573097327,None,0
2023-02-25 13:00:00,Pump,59.05244041836667,56.47603536334822,1.657976984810479,63.84142761613092,83.34066612276763,None,0
2023-02-25 14:00:00,Pipeline,79.20699631018479,49.18968948981588,2.002542698064117,86.58648406320793,10.294383279812516,None,0
2023-02-25 15:00:00,Pump,69.22079223167289,55.97588705755708,2.7635661920775654,45.99585460982504,40.02410612477729,None,0
2023-02-25 16:00:00,Compressor,83.81146720813369,47.598927829338,1.5129699215408892,86.20129435709367,69.3547741412981,None,0
2023-02-25 17:00:00,Pump,75.01325688734407,51.34425393200496,1.0241286954947753,78.29153492794296,91.71302836752288,None,0
2023-02-25 18:00:00,Pipeline,78.95420985388039,51.046744286673444,2.2275377878601854,73.85364324520171,31.115436123270975,None,0
2023-02-25 19:00:00,Heat Exchanger,65.42431044984788,49.77477940994538,1.9447994180492059,77.21221615110751,58.699004655467625,None,0
2023-02-25 20:00:00,Pump,69.10667768572638,47.83670243301704,1.6449874565924494,66.32550275280342,58.4192278479989,None,0
2023-02-25 21:00:00,Pump,70.41361363898915,51.9622800923526,2.326040118677454,44.64480062774915,88.67569321393299,None,0
2023-02-25 22:00:00,Valve,83.56702480242555,45.36918368258396,2.419612572334395,41.369698130391164,14.546520060385811,Electrical Failure,1
2023-02-25 23:00:00,Heat Exchanger,91.77377087805489,43.95282335520471,0.8958609900599537,81.98048615102343,48.20280049636366,None,0
2023-02-26 00:00:00,Compressor,66.94828248257124,56.214134466634135,1.6737010453342558,73.50836415575,26.42191073127384,None,0
2023-02-26 01:00:00,Pipeline,85.7684814465768,53.6358399444605,3.1587581155984275,42.79225696565695,11.937934026873824,Overheating,1
2023-02-26 02:00:00,Compressor,53.30322582274298,50.3294580430112,2.2917024578990954,66.9056019524641,23.232784646843456,Leakage,1
2023-02-26 03:00:00,Heat Exchanger,63.058105989077106,58.32571191271891,2.338051819148575,56.852788884853425,97.88236055633791,None,0
2023-02-26 04:00:00,Pump,65.41221543813225,48.661172406375776,2.586447139315739,39.519310197785636,29.336365856824113,None,0
2023-02-26 05:00:00,Pump,61.474913105592776,56.613516099944896,2.008534412599863,61.91142656142986,94.152769600222,None,0
2023-02-26 06:00:00,Heat Exchanger,59.1641161021242,50.87787042462911,2.39834208004581,46.89114554798503,28.47289083678475,None,0
2023-02-26 07:00:00,Pump,79.12998912137797,44.87624624961805,2.359031021918601,35.77464744945429,93.8165704646036,None,0
2023-02-26 08:00:00,Pump,72.85932302272138,59.240200958854246,2.2695207483763795,58.01749791272465,68.9158841680283,Wear & Tear,1
2023-02-26 09:00:00,Pump,78.7940539760511,54.95355423312043,1.8389940146912978,65.40651312561371,20.18967197517341,None,0
2023-02-26 10:00:00,Pipeline,81.90472686121512,49.39489484495218,2.0860294611831294,32.81438462286903,62.372363961392,None,0
2023-02-26 11:00:00,Pipeline,77.65616993172533,53.63585629766975,1.705819217846611,54.12556496465981,38.666263378625075,None,0
2023-02-26 12:00:00,Valve,81.57763176150374,47.981482830010464,2.0064071522832476,45.459715190201116,44.48378403802632,Overheating,1
2023-02-26 13:00:00,Compressor,74.3046771375773,54.14574517529771,1.4157545539503666,31.839035442433946,49.61538620514757,None,0
2023-02-26 14:00:00,Heat Exchanger,63.13006611694256,38.044607173580204,1.6046880043635237,37.53975297669035,48.04363202773011,None,0
2023-02-26 15:00:00,Heat Exchanger,85.57814180820796,44.90099333152703,1.8588439790375353,38.34204952910265,69.7698001434726,None,0
2023-02-26 16:00:00,Heat Exchanger,69.10887867218872,54.89629872143482,1.528147284284962,40.97245488707827,79.15312617316869,None,0
2023-02-26 17:00:00,Valve,65.64403701237575,48.7517223089054,1.7474913646274117,78.20265428627528,39.625992028100924,None,0
2023-02-26 18:00:00,Pipeline,73.22082124195602,51.03771147444371,1.918037011622242,56.36951198868835,93.19275655171208,None,0
2023-02-26 19:00:00,Valve,65.87189080703487,43.26607168942283,2.2011311723321887,38.82515953622321,94.46196826169889,None,0
2023-02-26 20:00:00,Heat Exchanger,70.82569618010568,59.23933497851051,2.4746286509264546,36.017818015673356,13.662139343602906,Wear & Tear,1
2023-02-26 21:00:00,Compressor,78.44053921563466,55.95264821858838,1.768107814310946,47.87642752374234,11.341790999471664,None,0
2023-02-26 22:00:00,Pump,78.48341739246126,48.99657390812335,2.667552308634312,77.88093112226713,48.25596971359549,None,0
2023-02-26 23:00:00,Pipeline,66.0216993357437,47.97652071568337,2.4693055393127468,51.86759087637861,63.15807258888927,Leakage,1
2023-02-27 00:00:00,Pipeline,70.12294627051256,55.148021807098466,2.252046915971971,39.593841617636286,35.011427270685544,None,0
2023-02-27 01:00:00,Valve,85.74333004770244,59.912352250844634,2.0768245646483097,54.246970892769596,33.34723759771969,Wear & Tear,1
2023-02-27 02:00:00,Pipeline,79.96400117733941,54.76880127905677,2.1595604209342705,63.31869343722345,71.05004467382716,Overheating,1
2023-02-27 03:00:00,Heat Exchanger,95.75065039348542,60.85901333698301,2.593525575333191,31.77505101828083,64.15338561900128,None,0
2023-02-27 04:00:00,Heat Exchanger,86.80128173741528,45.38824335469041,2.611789829879637,67.6585080864104,25.043218749379868,None,0
2023-02-27 05:00:00,Valve,86.44293068559939,45.90306584750605,2.667473364191822,53.70604518088736,89.6050866938643,None,0
2023-02-27 06:00:00,Heat Exchanger,61.12131449544198,44.05529440973326,2.0206634159385017,30.583552507871662,71.19784631449629,None,0
2023-02-27 07:00:00,Compressor,82.63860351633423,52.2088032482474,2.2774835824993067,70.43336393678285,42.63186242521075,Leakage,1
2023-02-27 08:00:00,Valve,74.4689319830309,50.87801774902185,2.6717732533110254,72.7432581337589,71.5262220992035,Wear & Tear,1
2023-02-27 09:00:00,Compressor,69.4901819646175,49.24024438264007,1.6881419825418036,67.73038731352096,20.138777809103434,None,0
2023-02-27 10:00:00,Pump,76.68015340532529,54.04629314061649,1.8407915731408482,50.51581305590533,52.143051211665046,None,0
2023-02-27 11:00:00,Compressor,84.45211534611484,56.16164302607332,2.0080183315067393,61.77629124395767,25.208596860360338,None,0
2023-02-27 12:00:00,Pump,80.00831591004211,42.37168795356579,2.4497993689897033,53.229462368006125,13.728812151559296,None,0
2023-02-27 13:00:00,Pump,66.2152619865794,47.01513986049442,2.4575860753593113,72.03730380958166,40.44936432594697,None,0
2023-02-27 14:00:00,Compressor,82.4245891359262,54.1007179706153,1.8845679444010324,65.01481117402132,23.56619351327049,None,0
2023-02-27 15:00:00,Valve,68.62412457924036,47.66130658070709,1.2456952728101451,34.90794682964699,67.01661612584422,None,0
2023-02-27 16:00:00,Heat Exchanger,77.16683118964286,46.00896961820923,2.1230919721479835,68.58561349313985,70.66611046159392,None,0
2023-02-27 17:00:00,Heat Exchanger,71.96649932522865,55.092687138251975,1.5408419313357995,71.23430486026808,23.382307560394302,None,0
2023-02-27 18:00:00,Pump,72.81133748264374,43.5524996513801,1.2550318976798889,52.24213083688196,12.215170504308364,None,0
2023-02-27 19:00:00,Pump,82.6624297504051,48.49210096104448,1.3680642196331418,82.54714685758226,81.35295054716444,None,0
2023-02-27 20:00:00,Valve,64.59806280184102,51.643220129024044,2.16319050392278,80.58086129069775,10.185131865570606,Electrical Failure,1
2023-02-27 21:00:00,Pipeline,94.45195074276933,47.13090043044941,2.6805186804664034,40.50999143398427,40.952178026540984,None,0
2023-02-27 22:00:00,Compressor,56.78913930705504,53.91577828006587,2.019447258118122,84.25597850915211,54.51249682411028,None,0
2023-02-27 23:00:00,Pump,69.02332316745142,47.15561512401315,2.1056903273229826,56.45234228970465,83.67779696845895,Electrical Failure,1
2023-02-28 00:00:00,Heat Exchanger,78.70211889941741,57.0430974672296,2.591447469438963,73.4249791580576,85.47027784715266,None,0
2023-02-28 01:00:00,Valve,80.8431416643531,49.371268512521134,1.227772545458223,78.84582041803415,75.244549654941,Overheating,1
2023-02-28 02:00:00,Compressor,73.99524279428294,53.35635068352677,2.2600882108001357,60.306745264181394,32.24778602859081,None,0
2023-02-28 03:00:00,Valve,74.42609296998458,53.73011976491408,1.9942051078405894,53.946116362248944,74.81682408872537,None,0
2023-02-28 04:00:00,Compressor,79.10550085327617,46.86229998627964,2.2830287294160336,84.9270821169059,32.188527808924746,Wear & Tear,1
2023-02-28 05:00:00,Compressor,72.6893052254232,39.73256725672056,1.758258045798092,43.85121317612539,29.31473725585315,Electrical Failure,1
2023-02-28 06:00:00,Pump,88.93181257934906,51.80377877331917,1.591031354786759,45.41820466314867,59.24151588074792,None,0
2023-02-28 07:00:00,Valve,83.39349114231602,50.36144173562435,2.0702544521428026,51.69721884080623,71.09689994506563,None,0
2023-02-28 08:00:00,Valve,83.72824351005634,52.77913013787564,2.8245956616672308,81.56794667823394,14.774658932051253,None,0
2023-02-28 09:00:00,Heat Exchanger,65.33843276629582,48.86736263808581,2.4304550522707316,86.32729585278456,15.40203410121476,Electrical Failure,1
2023-02-28 10:00:00,Heat Exchanger,74.20611575594297,47.84786150599642,1.7461536149099541,43.20406288529171,80.57536181351108,None,0
2023-02-28 11:00:00,Pump,71.99534051279296,60.0423650549085,1.32951398200936,81.83220885787472,87.35475258689318,None,0
2023-02-28 12:00:00,Pump,64.94398624310534,42.63822969244611,1.1589663581511074,45.49217756811416,64.39968247077046,Corrosion,1
2023-02-28 13:00:00,Pipeline,78.60164183945767,53.66975239182119,2.658049725925241,88.23847480499327,48.594520873619736,None,0
2023-02-28 14:00:00,Heat Exchanger,69.62354242220184,47.126990709083046,1.5224588559320862,65.84447351889494,86.07848316392673,None,0
2023-02-28 15:00:00,Compressor,81.55403829850238,48.32110691129789,1.8372432935025318,30.425188046842944,75.59353294977971,None,0
2023-02-28 16:00:00,Valve,64.29808437105669,48.41448583713017,2.6606055630387884,32.047794244270676,62.163477858814176,Wear & Tear,1
2023-02-28 17:00:00,Pump,92.1904061284182,45.98282862914371,1.1930492722605042,38.849071848282506,38.77814097538871,Wear & Tear,1
2023-02-28 18:00:00,Valve,66.03667341407939,52.8561210511812,2.7461322547375295,41.2543894691254,27.81955554911346,None,0
2023-02-28 19:00:00,Valve,77.19302337200436,56.95321797974979,1.873179773053749,76.0571473695958,47.68057353443641,None,0
2023-02-28 20:00:00,Pipeline,82.91859310388068,52.35006830623331,1.4257083423806307,43.36595258501699,35.81403183641904,None,0
2023-02-28 21:00:00,Heat Exchanger,69.29359569799887,50.51690998106048,1.8763245364255434,88.14849720299159,40.53327289610148,None,0
2023-02-28 22:00:00,Pump,83.52468643432951,45.067797504503766,1.6387016092992612,68.1667234321763,56.40679497808292,None,0
2023-02-28 23:00:00,Valve,62.70816402199584,52.584126329122256,2.220409899452858,71.55105055521106,25.21845612564488,Wear & Tear,1
2023-03-01 00:00:00,Pump,89.5211769918256,60.781748158646494,1.6759337830561112,43.06899115711245,82.5559012066443,None,0
2023-03-01 01:00:00,Compressor,75.14149264965758,48.09652688102454,1.0441788945404786,83.56237884570508,23.09765155432907,None,0
2023-03-01 02:00:00,Pipeline,69.0358859203112,48.12008210324067,1.8897187327955052,70.06887436919588,53.289427547885715,None,0
2023-03-01 03:00:00,Compressor,72.00818227572566,47.194554345095014,1.3217274738567304,81.86433746051183,77.13742042723929,None,0
2023-03-01 04:00:00,Pump,83.08919269392719,47.5529288275279,2.10215994199416,87.38886583387361,53.651863692063664,None,0
2023-03-01 05:00:00,Pump,69.15544708149562,36.273502231638076,1.406434833858338,37.53845862657579,42.49198572297749,None,0
2023-03-01 06:00:00,Heat Exchanger,67.50642310577223,52.025176929278565,1.755993598413957,35.795233816136744,52.74021752404759,None,0
2023-03-01 07:00:00,Valve,72.78463402416261,45.772239118226935,2.091293902107168,78.20446959537814,86.38036289867264,None,0
2023-03-01 08:00:00,Valve,63.23037887230032,41.948684406041,1.8937706374828653,81.96756354565022,99.13885284555619,None,0
2023-03-01 09:00:00,Compressor,93.20543907941816,53.76594974866274,2.1252151415005223,65.02568525267914,66.80289603604919,None,0
2023-03-01 10:00:00,Pipeline,69.33605408785277,44.58991107479032,2.3401435828588784,51.96003286503124,81.40996383838306,Electrical Failure,1
2023-03-01 11:00:00,Valve,83.31616786180403,48.306654730581215,1.421033150134347,69.15777816451342,11.30398175433598,None,0
2023-03-01 12:00:00,Heat Exchanger,77.09470083647773,57.3322119559429,1.9678012296876461,48.33984435554744,89.23279685721154,None,0
2023-03-01 13:00:00,Compressor,65.15465949518031,42.95392100987743,0.3352481012459354,44.30314152920809,95.86447839351264,None,0
2023-03-01 14:00:00,Compressor,74.94045290787271,42.33700882701119,2.123666650841262,59.28871257163593,61.76524075818135,None,0
2023-03-01 15:00:00,Heat Exchanger,82.84002779310748,51.346530947811694,1.8495929348125788,42.96922965638278,77.84243758541979,None,0
2023-03-01 16:00:00,Pipeline,73.11738664913693,55.747436820051846,1.5082751182610143,59.022216498910375,56.14702686640674,None,0
2023-03-01 17:00:00,Heat Exchanger,86.93112945851028,42.128291411340186,2.1578597111482622,87.39639032781432,35.758336641003076,None,0
2023-03-01 18:00:00,Pipeline,85.21515392781863,52.03844868418589,2.5863487885925336,80.38704213704344,86.70231747847116,None,0
2023-03-01 19:00:00,Heat Exchanger,84.1891485465833,52.90499769980846,1.7619911262005283,86.49785517000134,63.71530407963476,Overheating,1
2023-03-01 20:00:00,Heat Exchanger,70.40343227727003,39.704197581538395,1.52759275487914,78.3797384908415,62.14447754122663,Wear & Tear,1
2023-03-01 21:00:00,Pump,64.20157552218512,53.9925066895361,2.082512631219356,51.285056156776605,69.32189834570858,None,0
2023-03-01 22:00:00,Compressor,68.86412394637206,54.3830293992109,1.3321966666768197,78.72271431309355,87.04028492459635,None,0
2023-03-01 23:00:00,Heat Exchanger,76.9624094066672,48.44107213371988,1.6698093147322304,85.37494461319284,75.8715513193868,None,0
2023-03-02 00:00:00,Heat Exchanger,80.45786713532355,56.26173181149004,2.6112010808252513,86.82214727022327,29.001177479417073,None,0
2023-03-02 01:00:00,Valve,53.28428595239552,55.68227787162422,2.031089614906144,70.99187104109981,52.01411899665876,None,0
2023-03-02 02:00:00,Compressor,74.91886798388249,50.51558962858602,1.0602665180269168,42.68199862890679,98.22684987875856,None,0
2023-03-02 03:00:00,Valve,76.58089225323184,47.742773048375334,1.1015041763602995,32.38374920188145,59.910464238649716,None,0
2023-03-02 04:00:00,Compressor,72.22455743684448,45.135860537085215,2.081042846323388,38.83201368960935,94.44208181237188,Corrosion,1
2023-03-02 05:00:00,Valve,87.9127383901588,49.812182453169044,2.4311952879588437,87.93281507363673,83.20325376817503,None,0
2023-03-02 06:00:00,Heat Exchanger,79.21780074250871,52.8487945985209,1.191189270686925,57.725809451566164,69.94210976278829,None,0
2023-03-02 07:00:00,Heat Exchanger,88.10191908080897,48.379115694796795,2.224856303748254,81.29916088992346,41.44286823937797,Corrosion,1
2023-03-02 08:00:00,Pump,72.84039479649768,39.012494973689854,2.6651717537448594,57.90264921349747,37.38874127728951,Corrosion,1
2023-03-02 09:00:00,Valve,84.37477492506925,56.34356947288285,2.9439294939793195,69.64905500759036,67.9078958767829,None,0
2023-03-02 10:00:00,Pipeline,91.35066394527519,50.95111610922447,2.1656113799299384,31.44844662734002,48.93051167617697,Leakage,1
2023-03-02 11:00:00,Pump,88.11693449272661,48.10187751661583,2.253401297276237,44.99189656316201,81.88782605350544,None,0
2023-03-02 12:00:00,Valve,64.07858406571268,54.28579194211644,0.933407786185928,56.176156802555354,78.44110655861763,Wear & Tear,1
2023-03-02 13:00:00,Valve,72.46323922457618,57.623192982413784,3.0498762739979943,67.83786282924979,38.09174380646628,None,0
2023-03-02 14:00:00,Pump,71.54835294550203,35.99044215256054,1.7122548934519393,40.29127128319071,73.24559047555857,None,0
2023-03-02 15:00:00,Heat Exchanger,79.89254535076327,52.17131824961036,1.5332644207874793,75.8730878562294,54.509517108746564,None,0
2023-03-02 16:00:00,Valve,81.86353555014533,42.86675394594826,1.8723969327801877,51.864282368174244,39.09628907325974,None,0
2023-03-02 17:00:00,Heat Exchanger,66.61107325974264,52.495552533994704,2.7558367070927154,79.04611615403306,47.1669933488176,None,0
2023-03-02 18:00:00,Pump,75.67838513916938,50.639636011872895,3.104023023771774,35.87814542370404,90.58166804910357,None,0
2023-03-02 19:00:00,Heat Exchanger,54.800726678438636,53.17863263220275,2.0627043397379223,70.78539526094232,42.35659229102864,Leakage,1
2023-03-02 20:00:00,Compressor,89.4194500580189,47.503761927526725,2.4990420863018277,47.59969999239061,35.865934598751224,None,0
2023-03-02 21:00:00,Pipeline,69.87625759323306,40.63379944090424,2.021602024342752,77.72299044735708,41.66264986391241,None,0
2023-03-02 22:00:00,Valve,75.55863939844497,47.74815904371666,1.4811022634909081,54.130225622544636,29.315659258782254,None,0
2023-03-02 23:00:00,Pipeline,71.90350286011939,52.03423817569892,2.7383718353941453,69.920977935814,59.017148865669576,None,0
2023-03-03 00:00:00,Heat Exchanger,86.46027575013414,55.076961643376116,1.6889362598218054,86.0583161181884,23.2692792690279,Overheating,1
2023-03-03 01:00:00,Valve,46.62493558602621,44.14084349763738,2.7677653866859413,31.237597920825863,83.56994077932248,Overheating,1
2023-03-03 02:00:00,Heat Exchanger,74.83389657674091,55.13530213436509,2.6492706648845417,30.667006940062418,30.302222252106347,Overheating,1
2023-03-03 03:00:00,Compressor,73.94181242502302,46.76063855176739,2.3070181319786043,76.2167551306028,63.82495247856811,None,0
2023-03-03 04:00:00,Pump,70.46363612408317,51.81224940797263,2.9144873781271765,68.78358309048468,21.25229490279042,None,0
2023-03-03 05:00:00,Valve,92.26226545635632,47.450530235671835,3.116173016592869,47.578783230265955,98.06078333928936,None,0
2023-03-03 06:00:00,Compressor,66.12670541144229,50.91085313856051,1.9123783185178442,59.663802166455746,50.91179130042824,None,0
2023-03-03 07:00:00,Compressor,82.71796177235662,54.45938817285138,1.5956029407917844,32.516139935932124,83.9954206682933,Wear & Tear,1
2023-03-03 08:00:00,Valve,78.56252788706084,43.86492961355732,1.0678650813717638,41.546736321674445,79.17830520849854,None,0
2023-03-03 09:00:00,Heat Exchanger,87.61519252535516,46.600470516265844,3.122341127715128,55.46978247163005,74.2323742431111,None,0
2023-03-03 10:00:00,Compressor,68.32810915222494,50.92481293671043,1.7801589955407753,80.04266497328894,84.46283840841488,None,0
2023-03-03 11:00:00,Pipeline,67.67031100876241,62.00791830515176,2.5675184285508696,58.780030971605086,19.041724779373524,None,0
2023-03-03 12:00:00,Compressor,85.96069907477398,45.684051439165856,1.6293723162452585,65.18175027155871,71.0647477724766,None,0
2023-03-03 13:00:00,Heat Exchanger,79.2532130833011,60.20066942998459,2.7691328204560177,82.42522751962683,33.9244511746403,None,0
2023-03-03 14:00:00,Heat Exchanger,59.55062653323242,60.02211651837585,1.6499412040922934,48.52913481533072,80.72844976599308,None,0
2023-03-03 15:00:00,Pipeline,69.60694985536729,49.51344424649204,1.4041404331913285,72.04195926612336,96.11818838631,None,0
2023-03-03 16:00:00,Compressor,78.86382653848061,48.5092373690005,1.8957467845231248,81.7000355206952,91.13405768584262,None,0
2023-03-03 17:00:00,Heat Exchanger,83.3776422154659,46.53967400667654,1.7341121495191814,42.156942041770606,20.34570002262995,None,0
2023-03-03 18:00:00,Valve,68.20769346807045,49.65898734833665,2.2981498927306063,51.38868990886995,43.25971786055389,None,0
2023-03-03 19:00:00,Pump,45.85744010183059,42.96640283720221,1.974302536403738,88.7886104333613,42.78904814778398,None,0
2023-03-03 20:00:00,Pump,80.23223185737034,49.618804913397014,2.3138511972759606,88.99311388777267,21.006663972357757,None,0
2023-03-03 21:00:00,Pump,62.796793100560244,57.48440136925428,1.854489263457353,43.393795817636274,18.83134480121447,None,0
2023-03-03 22:00:00,Compressor,54.82661201877589,46.94457468761641,1.6674463144905973,33.98675033355769,44.640112147226354,None,0
2023-03-03 23:00:00,Pipeline,46.676740750158594,48.79637848005475,1.7082197260519631,46.25529667860317,99.28643954468602,Overheating,1
2023-03-04 00:00:00,Heat Exchanger,83.1398086019774,41.49429762866379,3.022469399015513,53.863917438221236,61.204838595964766,None,0
2023-03-04 01:00:00,Valve,76.28617450404967,51.87031044065522,2.112585466113468,56.46033605586982,65.96034657438307,None,0
2023-03-04 02:00:00,Valve,72.74343619287748,51.32240842475687,1.0081188952734776,67.12837843982541,52.39170190168141,None,0
2023-03-04 03:00:00,Compressor,88.89024362962762,50.31851179882885,1.7398954932729596,83.97016560789278,69.60974970736206,None,0
2023-03-04 04:00:00,Pump,81.37324683023073,48.915864748889284,2.048433016237938,49.82088071442975,96.09958726702926,None,0
2023-03-04 05:00:00,Compressor,91.16300042721917,48.53621040613773,2.9226998406251896,80.99907212995251,62.98281582529526,Electrical Failure,1
2023-03-04 06:00:00,Pipeline,61.072645278330036,52.50950116850336,2.51434935794495,35.608735255597615,15.853461374907393,Electrical Failure,1
2023-03-04 07:00:00,Pipeline,74.65449376046037,49.85591699205688,1.5391410817590425,32.51248193839288,54.36015122513788,None,0
2023-03-04 08:00:00,Heat Exchanger,58.83286625051986,51.57485935777666,3.2091778767862253,60.242710987407676,99.34761459267561,None,0
2023-03-04 09:00:00,Heat Exchanger,72.70617668144533,51.07491408727274,1.9844198175992611,33.57973339983629,44.86624485348369,Leakage,1
2023-03-04 10:00:00,Pipeline,72.51384146233323,55.61713643547881,2.623164905537472,53.54938807405381,63.4493113493025,None,0
2023-03-04 11:00:00,Pipeline,81.26613637263071,53.38497048687527,1.4224957513000487,83.80668701215407,19.59730870859353,None,0
2023-03-04 12:00:00,Pipeline,75.45563881141898,50.96430921575095,0.8009184523745512,44.4889821724484,22.70624488629102,Wear & Tear,1
2023-03-04 13:00:00,Compressor,81.23407138279916,57.5921101532609,1.2957842548158196,72.3585465074942,88.72133078385663,Wear & Tear,1
2023-03-04 14:00:00,Pipeline,82.03440133138895,52.101342645282806,0.37483326190214705,48.14192354340401,37.031016542645034,None,0
2023-03-04 15:00:00,Valve,96.54928677383143,56.5248134439521,3.056044663626454,32.695203314528136,37.490614601913364,None,0
2023-03-04 16:00:00,Pump,71.84703344713876,53.03471304193319,2.107266459443208,63.40143488461856,44.84916964020954,Corrosion,1
2023-03-04 17:00:00,Pipeline,65.58977299333621,40.79040460534229,1.5376779907759843,80.0912094322051,96.98308056140702,Corrosion,1
2023-03-04 18:00:00,Pump,77.46083615316408,56.524173816596644,2.2263120149900604,54.56810690055717,17.59514464331888,Wear & Tear,1
2023-03-04 19:00:00,Compressor,66.97719972860456,50.67588120671334,2.094667018090083,67.03762958748521,83.68876922962015,None,0
2023-03-04 20:00:00,Pump,89.81960768436537,49.74022614549611,2.3104666978069957,84.00141585946355,40.740208881938784,None,0
2023-03-04 21:00:00,Compressor,72.16781961054767,51.40674173744789,2.604765700568134,77.38167076421927,86.45212233869275,None,0
2023-03-04 22:00:00,Valve,69.3442363212601,48.27508419021466,1.8550394234874923,41.63258396356916,99.25800845540881,None,0
2023-03-04 23:00:00,Compressor,70.28684278848883,51.13514430194473,1.5600803469495066,74.00303756190036,41.380066919057306,None,0
2023-03-05 00:00:00,Compressor,82.18417423471641,47.040619668284535,2.4138876071859587,60.11358150960912,21.64207295911197,None,0
2023-03-05 01:00:00,Heat Exchanger,73.42253016768515,56.37136129367185,2.401166388942233,74.75800847316509,22.99379481846354,None,0
2023-03-05 02:00:00,Pipeline,68.58333179869618,49.43205943189475,2.0503679040606726,59.67093303133309,78.28668018542673,None,0
2023-03-05 03:00:00,Pipeline,91.6535191762353,48.08708078638783,3.0887770943403865,37.67748984649817,23.042939710432286,None,0
2023-03-05 04:00:00,Valve,66.4383015933825,45.37537092140363,1.781088938569174,64.19456680135434,33.43794116811729,None,0
2023-03-05 05:00:00,Valve,75.35566074032994,51.34387894574321,1.550071014182366,59.52803954384039,28.39585092958718,None,0
2023-03-05 06:00:00,Pipeline,81.5230615161023,50.93553550062546,2.2090457137533006,61.075304018486506,42.01107076278843,Wear & Tear,1
2023-03-05 07:00:00,Heat Exchanger,58.686648895829265,51.94212306838753,1.6625310715432509,82.73414721875221,16.692991763471873,None,0
2023-03-05 08:00:00,Pipeline,79.80260501405925,44.863740562474355,2.247758262072448,83.69022280237508,87.10682341665323,Wear & Tear,1
2023-03-05 09:00:00,Heat Exchanger,64.4489232451955,41.99409400594213,1.58349587208028,57.2122264059431,87.41316806208943,None,0
2023-03-05 10:00:00,Valve,83.22782780834002,53.1279565125328,1.7998788585340573,57.343922476805304,47.16396086344208,None,0
2023-03-05 11:00:00,Pump,65.37348988081024,57.423209309382536,2.9454202100195825,60.91121753235696,65.08788121211278,None,0
2023-03-05 12:00:00,Valve,81.9276903184886,44.868231888050516,1.7972063216261605,61.17535670005542,67.77564138138742,None,0
2023-03-05 13:00:00,Valve,86.05833066294713,57.947206417808495,1.600574227991352,87.02322865074676,77.4332303811336,None,0
2023-03-05 14:00:00,Compressor,83.61436525632806,51.4195552936819,2.58533939435325,68.9640280426496,56.8621078789646,None,0
2023-03-05 15:00:00,Compressor,77.51316648238102,49.96468547724585,1.4744790248566533,46.64741969327664,55.93024408975174,None,0
2023-03-05 16:00:00,Compressor,72.686990570703,48.01225651727111,1.653528384926466,61.892207817239395,66.81733995953897,None,0
2023-03-05 17:00:00,Compressor,69.23580423665156,43.07740990287502,2.2882805602544973,67.63341497447897,73.27435561028898,None,0
2023-03-05 18:00:00,Heat Exchanger,89.71034690817103,54.938642579623,2.4692057119366457,68.38630326083788,41.20213393263266,None,0
2023-03-05 19:00:00,Pipeline,68.00504779832357,46.121968192811984,2.6102381955405374,65.11525357429096,39.73334259419336,None,0
2023-03-05 20:00:00,Pump,64.62933926430004,46.100966621312,1.6263890838897577,40.664169277292245,34.274656368631824,None,0
2023-03-05 21:00:00,Valve,81.6536893503283,54.959631549434775,2.29800433649306,32.01559134477045,59.39618997814737,None,0
2023-03-05 22:00:00,Heat Exchanger,67.03863196813505,40.585082766641364,1.7669459002279102,50.27058314201126,42.414012060019516,None,0
2023-03-05 23:00:00,Pump,65.49936502533873,42.382010946659165,1.6971721832446838,55.65132927361522,58.62819409368687,None,0
2023-03-06 00:00:00,Heat Exchanger,60.56395737830235,49.90932878245959,2.6016063911461424,33.70825437456519,46.53862892442294,None,0
2023-03-06 01:00:00,Heat Exchanger,70.17090160539482,51.46642214502426,1.725222802070207,78.89804028119076,85.30607642973948,None,0
2023-03-06 02:00:00,Valve,74.17284976103507,52.42367323984462,2.13910229801049,50.644646250616425,16.581721577091464,None,0
2023-03-06 03:00:00,Pipeline,77.43091727660699,48.49100753301874,2.0777897346153194,84.81796477071028,61.49895342442072,None,0
2023-03-06 04:00:00,Compressor,84.51306244299484,62.65184834320845,1.4646228118307487,39.26460647053591,61.806137552847794,None,0
2023-03-06 05:00:00,Pipeline,80.26897923665794,48.86053720617083,2.4830464276781603,33.416097416238806,44.534557948482984,Wear & Tear,1
2023-03-06 06:00:00,Valve,73.0912778044682,48.84606923948639,2.280140446839477,58.93896626317931,47.89188051068289,None,0
2023-03-06 07:00:00,Valve,73.0180432362028,46.01506665593061,1.0068546940647896,41.3477602095424,82.01182247946358,None,0
2023-03-06 08:00:00,Valve,80.10157468915183,50.619534082605355,2.1387105556186716,86.24395653467167,35.260633923430134,None,0
2023-03-06 09:00:00,Pump,87.7257016292857,53.07480616023388,1.6135132829166894,30.618203907224338,88.42634122835466,Corrosion,1
2023-03-06 10:00:00,Pipeline,76.263141994832,56.0178902726673,2.548537653206314,54.7571805035421,90.6708973721224,Overheating,1
2023-03-06 11:00:00,Pipeline,70.3086914578959,42.55357867779891,1.277300081609621,85.6048662807101,68.55573739619763,None,0
2023-03-06 12:00:00,Heat Exchanger,65.07133998914455,48.7700233082215,1.821761515685228,53.065092403786096,79.55719423372885,None,0
2023-03-06 13:00:00,Heat Exchanger,60.547947355877746,52.23351805404572,2.1810122754942327,35.58655683602765,65.16527755190396,None,0
2023-03-06 14:00:00,Heat Exchanger,81.66269672043524,52.93528767297268,2.0271701470709376,48.173696571707225,57.273320237193246,None,0
2023-03-06 15:00:00,Valve,80.77978523639557,50.0327432890227,2.3814791283569856,59.88062363006601,97.00099788252066,None,0
2023-03-06 16:00:00,Pipeline,80.77363525106662,52.71211984766051,1.2407890069953553,41.10910124059998,35.438946780471774,None,0
2023-03-06 17:00:00,Valve,73.71340553647944,45.955180535371,2.825957168433689,57.993702308595715,23.87358519788009,None,0
2023-03-06 18:00:00,Pump,89.0693474589175,57.789527161591785,2.2625723293941356,80.18059174715026,35.87368268282637,Leakage,1
2023-03-06 19:00:00,Heat Exchanger,70.15881505415183,54.96314051489715,2.679859106500448,82.35707821179679,65.31630475415005,None,0
2023-03-06 20:00:00,Valve,84.55269237207206,43.27536106467414,2.437120084616621,32.95564408264393,26.66650942910293,None,0
2023-03-06 21:00:00,Valve,74.61257105010456,44.62448475941622,1.9941949427724783,39.65420148315441,91.79326389036827,None,0
2023-03-06 22:00:00,Pump,68.91649235320662,44.765391249465466,1.3579008945444198,46.51740814600825,46.992196059885345,None,0
2023-03-06 23:00:00,Compressor,80.92530307317762,53.38984985448264,1.7182234093756494,65.6919510532561,86.49665904626592,None,0
2023-03-07 00:00:00,Pipeline,79.09636118683994,43.576361167912665,2.794781666431289,51.65968552754803,32.431289007593506,None,0
2023-03-07 01:00:00,Compressor,78.56972759266927,48.344878328959595,2.692718890828191,80.64245480676453,38.185151957447275,Electrical Failure,1
2023-03-07 02:00:00,Heat Exchanger,75.812784220562,52.27352198208387,1.6902000099481551,73.00031209697626,15.330105745524692,None,0
2023-03-07 03:00:00,Valve,74.62106918283169,49.66917032726783,0.5908478568989106,36.02736138681049,33.19909229670165,None,0
2023-03-07 04:00:00,Pump,98.88371992870438,51.29443757856353,1.8936551328474407,67.47345015072547,54.12824370669713,None,0
2023-03-07 05:00:00,Pump,86.84256645196173,44.67098644325621,1.8561485559354418,36.7807575208187,95.1523225950918,Leakage,1
2023-03-07 06:00:00,Pipeline,82.22826894985512,52.97427186698622,1.8751136939798083,45.30214017818761,45.00126765023484,Corrosion,1
2023-03-07 07:00:00,Compressor,76.11799158203388,46.93394053762002,2.264269600915701,40.67223801205368,67.57694915350113,None,0
2023-03-07 08:00:00,Pipeline,85.07157200596669,48.376901628010295,2.4381062896608316,40.3837169520423,48.49391057219091,Corrosion,1
2023-03-07 09:00:00,Valve,80.17994776391451,51.18865863952993,2.495149773549762,66.98373148661156,14.211266569114711,Corrosion,1
2023-03-07 10:00:00,Pipeline,75.26204752774035,50.51539110765424,2.2228545700676836,63.81629535324969,55.31793633070324,None,0
2023-03-07 11:00:00,Pump,71.96435674734084,50.119900095077966,1.099614649038682,40.56168916726361,15.932228203352878,None,0
2023-03-07 12:00:00,Pump,74.19082662337311,46.24686589011622,1.829400133653352,89.4103683251059,89.53299321377824,None,0
2023-03-07 13:00:00,Heat Exchanger,43.29574264121945,48.50225294400404,3.1520448917745947,55.31020394209763,77.77332657558226,None,0
2023-03-07 14:00:00,Heat Exchanger,77.10600839297642,50.01091795418518,2.187108367401239,35.824159689296195,44.078632412712956,None,0
2023-03-07 15:00:00,Valve,70.1152391988964,43.12457383416458,2.1839097842219326,37.23414101730691,67.61967995721608,None,0
2023-03-07 16:00:00,Compressor,90.92669998282884,47.68733516843311,2.179742969886929,65.03362282359569,20.08253397819989,None,0
2023-03-07 17:00:00,Pipeline,75.19344070811755,51.93839939516423,2.207689811252995,88.74416420300837,73.22994882663858,Overheating,1
2023-03-07 18:00:00,Valve,63.110365804650385,43.61281698077329,0.8084439094570384,64.31706609715187,84.04591680923225,None,0
2023-03-07 19:00:00,Heat Exchanger,74.50119845871882,55.7829082579712,1.8802378415444658,86.94248859699823,83.95710836844111,None,0
2023-03-07 20:00:00,Pipeline,64.53878914937496,56.348066312999215,1.9810535841026553,56.64797104548161,35.584979292159026,Corrosion,1
2023-03-07 21:00:00,Heat Exchanger,79.73407415712467,43.774247120199576,2.640747699626706,56.150466219120716,33.7371575749144,None,0
2023-03-07 22:00:00,Pipeline,77.90947364339485,56.788098165250695,2.023836447311148,60.000441558952936,56.92579191124106,None,0
2023-03-07 23:00:00,Compressor,84.57839631108267,49.282092056439325,1.1767443066990295,71.8455274893333,97.09949457368636,None,0
2023-03-08 00:00:00,Valve,67.09118208305435,52.09257279578527,2.2150445780858763,52.056957987079954,92.84706798454768,None,0
2023-03-08 01:00:00,Pipeline,75.34008096228146,47.516744739358764,1.5980876758786273,81.83316196073741,42.367463358038364,None,0
2023-03-08 02:00:00,Pump,61.34978204573365,54.61522413613381,1.391607179459291,31.756883086088774,80.18465555647397,Wear & Tear,1
2023-03-08 03:00:00,Pump,82.01494781924714,52.030470094243334,1.5829204766417095,56.38585170170654,92.91859876823116,Leakage,1
2023-03-08 04:00:00,Pipeline,80.18871180440122,45.92923371701198,2.271252114832258,60.65951099879507,33.483381914584456,None,0
2023-03-08 05:00:00,Pipeline,79.9580502102757,44.17399000017356,2.6293806198800342,66.42193429578577,84.72660846426459,Overheating,1
2023-03-08 06:00:00,Pipeline,75.01619031356941,42.69848782395388,2.241464972588793,46.5643147419518,34.11060642182589,None,0
2023-03-08 07:00:00,Pump,79.14772890788791,50.939708882163785,2.3160116118085106,55.64879825915012,40.895391329848955,None,0
2023-03-08 08:00:00,Pump,91.04339108308596,52.86235705889868,2.2365226364190005,59.0722650128434,27.893862176567875,None,0
2023-03-08 09:00:00,Pipeline,72.14905742957986,53.254828393897206,2.050663588430234,71.2145987209928,55.637181916544215,None,0
2023-03-08 10:00:00,Heat Exchanger,76.38645183710085,49.410094526963114,2.348465317481379,76.41265108414885,85.8979804835117,None,0
2023-03-08 11:00:00,Heat Exchanger,64.1387370081859,44.21501772167818,0.7906122664652897,74.26963964062723,57.5246923691961,None,0
2023-03-08 12:00:00,Compressor,66.31739038401668,46.58962600988109,2.0555441756524164,50.494983137375115,21.109600872378778,Overheating,1
2023-03-08 13:00:00,Valve,75.97813293093307,55.761743194809625,1.477537482688874,89.9670313795178,32.6598339004453,Leakage,1
2023-03-08 14:00:00,Heat Exchanger,86.03933546701907,47.576857176999596,2.5814512862720695,80.91991870723076,60.6575680553205,None,0
2023-03-08 15:00:00,Pump,72.43719175748427,50.71708815340738,1.9264223473915698,45.60140238869813,62.486871001350416,Corrosion,1
2023-03-08 16:00:00,Heat Exchanger,72.64083470687876,44.621747582125565,2.015474044133915,41.70634834036965,61.92153131903828,None,0
2023-03-08 17:00:00,Compressor,70.93114755495625,51.682915227295176,1.2474640628730982,48.84127503500343,16.930314325559436,None,0
2023-03-08 18:00:00,Compressor,69.65243329155678,47.71157719160461,2.5084154445064257,57.14069117997869,77.83263033712788,Leakage,1
2023-03-08 19:00:00,Valve,77.94971455708821,55.23356356887882,2.3136640601369045,81.04796269917682,91.8485379090106,Electrical Failure,1
2023-03-08 20:00:00,Heat Exchanger,60.027423548213555,53.867788531034066,2.2784739411702515,76.70173582767207,55.94670529569099,None,0
2023-03-08 21:00:00,Pump,87.80939576666728,47.5214702671255,1.5934885739155888,81.07476741035256,74.69463580946766,Overheating,1
2023-03-08 22:00:00,Pump,68.34577701870539,49.36667986326168,1.6131800775309348,46.31742689461971,92.2613942832896,Wear & Tear,1
2023-03-08 23:00:00,Pipeline,82.21903485438142,47.244418799796854,2.1117997272229525,65.60767334711016,67.83604794532144,None,0
2023-03-09 00:00:00,Pump,62.30001402606124,42.902834017274955,1.6527507948759745,46.99494373664247,70.68931519879459,None,0
2023-03-09 01:00:00,Valve,81.68840130546218,45.712787852263915,2.217446481338669,36.54138964316959,74.92639720455591,None,0
2023-03-09 02:00:00,Valve,81.71944607814497,50.9910866386041,0.919543698616639,71.05186460848084,33.44522063086586,None,0
2023-03-09 03:00:00,Pump,78.84202072005897,51.62629749114791,1.7562277217967037,38.579853071726326,62.44100872451447,Corrosion,1
2023-03-09 04:00:00,Pump,65.05571478200207,50.742739517963194,2.8983767327132455,70.06186570238829,85.79576030900107,Wear & Tear,1
2023-03-09 05:00:00,Pipeline,77.49548189598077,48.49133473020682,2.2197429139978824,68.87785829432454,36.65464572346756,None,0
2023-03-09 06:00:00,Pump,63.16943815265611,54.66533302860493,2.0833968322654965,78.61490666544103,90.74534496371741,None,0
2023-03-09 07:00:00,Pipeline,72.47236744903815,50.317709522804684,2.9926132678356785,38.373276273813865,65.83437547890688,None,0
2023-03-09 08:00:00,Pipeline,85.29413100955325,53.516269140479736,0.8320231905992821,77.00880891052864,48.08573662897506,Overheating,1
2023-03-09 09:00:00,Pump,82.96701927070742,41.131124338987405,1.5923444426059463,89.95659155677421,66.08646652602636,None,0
2023-03-09 10:00:00,Compressor,75.15182942540433,30.387998741908287,1.7994134141263054,81.06254691515413,46.16739151201687,None,0
2023-03-09 11:00:00,Compressor,65.25193424077158,51.4189401391904,2.429175616502695,75.10872457965996,85.42320416633571,None,0
2023-03-09 12:00:00,Pipeline,81.45587712174193,42.87617173139255,2.437828181614118,69.72992128168246,53.408672206083736,Leakage,1
2023-03-09 13:00:00,Pump,75.19381237698025,48.93774148643472,1.566996645508687,55.30688908112576,91.1092023778903,None,0
2023-03-09 14:00:00,Compressor,51.79684401769577,48.489514794876975,2.498977161071275,73.83001007349614,55.88272727630438,None,0
2023-03-09 15:00:00,Pump,82.82629826316519,57.93700301207768,1.7983426163391463,73.4506821084272,69.43315506736485,Leakage,1
2023-03-09 16:00:00,Pump,74.75767166130308,51.999982764718034,2.6058198128245835,67.8898969612373,99.79699789061655,None,0
2023-03-09 17:00:00,Pump,87.02451247983072,50.82929513399336,1.483678650938971,77.77670269786971,23.226925690768702,Corrosion,1
2023-03-09 18:00:00,Heat Exchanger,64.04729481157196,54.18495577316837,1.9383442004669198,56.925833305610084,76.30562338600652,None,0
2023-03-09 19:00:00,Pump,43.23296186803999,51.84248793419519,1.7549163423117198,37.27516272794344,22.49850051243402,None,0
2023-03-09 20:00:00,Heat Exchanger,77.79083858345186,47.71161503505783,2.528015185782857,63.54406365655424,85.49797291879565,None,0
2023-03-09 21:00:00,Pipeline,77.91563676681973,55.3573796512728,1.7386093917169145,45.90261172268056,63.680804304581045,None,0
2023-03-09 22:00:00,Compressor,58.093283723935485,44.45124936055863,1.978775735494122,53.06598584574901,94.43436045458132,Overheating,1
2023-03-09 23:00:00,Compressor,65.21500454133394,51.61623593766781,2.2534056988315245,31.04489423647356,87.93609417503815,None,0
2023-03-10 00:00:00,Compressor,102.55217743719902,42.262151029318446,2.2726292415130596,52.967435275073,16.73848337219411,None,0
2023-03-10 01:00:00,Compressor,71.94389385846196,51.019719287579974,2.4434763037365856,78.52806636812727,22.35722875109748,None,0
2023-03-10 02:00:00,Compressor,82.30958976376216,50.96494820886465,2.1055623884223333,62.56334201629529,64.10538357461427,None,0
2023-03-10 03:00:00,Compressor,68.49340172631616,58.38227480957332,1.7908755423600844,30.58803161603826,56.64831759478673,None,0
2023-03-10 04:00:00,Compressor,54.09697101146843,42.1751305327911,1.8251506273206248,58.19062921439084,25.170861755210012,None,0
2023-03-10 05:00:00,Pipeline,73.29741753204094,46.99556412073094,2.012836157603806,47.487098858724444,21.642330544448484,Corrosion,1
2023-03-10 06:00:00,Pump,72.34395439713894,54.11341213287072,2.1247962380371916,58.65303932383027,60.75917050974518,None,0
2023-03-10 07:00:00,Valve,71.00121761331629,51.67658628198654,1.9264141760757818,54.281563286872625,14.402939317749954,None,0
2023-03-10 08:00:00,Heat Exchanger,73.85359164493607,50.90152525668751,2.0096017104827735,85.9187531734429,88.63617726580951,None,0
2023-03-10 09:00:00,Valve,77.64268271645636,45.2193214852073,1.2413730697139473,32.47063793778095,82.63746278223584,None,0
2023-03-10 10:00:00,Valve,73.49883048746193,47.045908259542855,2.333677642227339,71.01528067691594,80.68329745399804,Wear & Tear,1
2023-03-10 11:00:00,Pump,62.35993832052636,56.22520504111628,2.090556144444715,81.06159577810449,11.439743233666697,None,0
2023-03-10 12:00:00,Pump,79.86184791561939,49.74245403123036,2.500935206770544,87.55431507902853,14.287684907146415,None,0
2023-03-10 13:00:00,Pump,55.50628244677577,51.876798480722364,2.0000802537035423,40.658173592657754,59.48552090356558,Leakage,1
2023-03-10 14:00:00,Compressor,54.496425427158,49.424058356117605,1.130801210739107,61.878288117971636,99.49831200047599,None,0
2023-03-10 15:00:00,Pipeline,82.39180494701569,44.084572423751176,1.8207769053466625,32.615374639032716,40.808458087421656,Electrical Failure,1
2023-03-10 16:00:00,Compressor,80.07020272135357,54.669052130374986,1.9000350384407916,59.95101146730531,40.993733476480955,None,0
2023-03-10 17:00:00,Pipeline,74.42604634925964,52.516161922662484,2.3714516527167993,37.52748537245891,22.0850170175785,None,0
2023-03-10 18:00:00,Pipeline,61.04551495244928,61.528184186835944,0.9648632277433025,80.2738004819228,70.69022233655514,None,0
2023-03-10 19:00:00,Valve,67.92089059325924,44.92209310174727,2.0205897584744674,36.83220015632189,68.2009020094605,None,0
2023-03-10 20:00:00,Valve,72.37253252313496,54.112864606002404,2.256837607896653,60.79730162318972,19.119017474124316,Overheating,1
2023-03-10 21:00:00,Pipeline,59.041060314258864,43.44228016981499,1.66925605735924,61.26576413956522,52.067105836151605,Wear & Tear,1
2023-03-10 22:00:00,Pipeline,67.60971341976767,50.78673283836539,2.0373140049084237,88.29902987589632,70.03674179397768,None,0
2023-03-10 23:00:00,Compressor,81.5233033817668,54.88253294531582,1.6864817454250778,69.29884164233329,54.41645226897343,None,0
2023-03-11 00:00:00,Compressor,89.27305364289217,39.639324419517564,1.6352135333898048,47.27041758460811,70.692722367828,None,0
2023-03-11 01:00:00,Valve,70.8056524734145,48.97533762879196,1.7957900749343414,44.44795859628831,83.46433576883408,None,0
2023-03-11 02:00:00,Pump,82.56488354316099,47.1839513297869,1.6446540037664947,37.694892338703895,71.72338898095909,None,0
2023-03-11 03:00:00,Pipeline,55.859399294125325,46.49021350852439,2.3418091559681664,75.39088344294356,65.45028122474714,None,0
2023-03-11 04:00:00,Compressor,81.59451241113612,51.92606326129677,1.6325240615823111,71.44539937094032,86.82312312500439,None,0
2023-03-11 05:00:00,Valve,66.9605158527252,55.60342853211298,1.5485449964760363,66.59262763848636,91.05297110828093,None,0
2023-03-11 06:00:00,Compressor,78.0734561670797,49.33360642385422,2.8839643334197667,32.4504265769993,44.999779345822375,None,0
2023-03-11 07:00:00,Pipeline,72.52247581760291,51.0274321378001,2.4803700059120177,75.76973198365766,25.592489895149733,None,0
2023-03-11 08:00:00,Pipeline,88.20414009783835,50.57154376529624,1.0692433196703999,68.51325462890875,83.60743636072455,None,0
2023-03-11 09:00:00,Heat Exchanger,66.25564351660081,50.00901753178207,1.6176158550737332,87.8333320866293,29.237779656953485,None,0
2023-03-11 10:00:00,Pump,81.27606297561832,44.55328681143947,2.1212314858613555,65.23212779260872,93.60556027741771,None,0
2023-03-11 11:00:00,Heat Exchanger,72.20492536703466,55.542223008614464,2.1618775336157467,48.23711439970249,12.059015069971311,None,0
2023-03-11 12:00:00,Valve,73.41694521990337,51.47597684079418,1.2547535671315533,52.891233131359215,92.91440643573732,Leakage,1
2023-03-11 13:00:00,Compressor,73.1614610684079,51.97440745001289,2.579282746411161,40.550442322693954,63.02646933508565,None,0
2023-03-11 14:00:00,Valve,66.54326895505886,45.96745185487209,2.412612209590813,73.3748509320831,79.72679048615933,None,0
2023-03-11 15:00:00,Pipeline,74.85901034093328,47.7038980100538,2.2409508160201694,72.46329960130352,45.864332835796404,None,0
2023-03-11 16:00:00,Heat Exchanger,74.37351777878179,49.119329011446105,2.6783642453560605,42.03900092866057,99.25446627179922,None,0
2023-03-11 17:00:00,Heat Exchanger,77.41240248406729,42.329376532755745,2.226144996285459,39.509359390936716,30.479628480966138,None,0
2023-03-11 18:00:00,Heat Exchanger,75.84505145692863,41.55982837401161,2.2242904396259235,34.62029599213167,33.79092963743573,None,0
2023-03-11 19:00:00,Valve,82.97994549612237,46.99626034680716,2.778839635911121,84.71854462090552,14.628919963372564,None,0
2023-03-11 20:00:00,Pipeline,84.23508616047368,52.61260383221195,2.5506097903638545,43.98419002169106,94.64260267552945,None,0
2023-03-11 21:00:00,Compressor,64.49376678172199,46.734313050350295,1.5792462705442345,50.64981160510824,51.04263732388085,None,0
2023-03-11 22:00:00,Compressor,83.68772500590771,44.90597401204643,2.3165975893359576,46.83027050264944,70.73671732474142,Wear & Tear,1
2023-03-11 23:00:00,Valve,63.13663572890145,45.92657173381165,1.667866067520709,54.81747615664746,71.86966547165567,Overheating,1
2023-03-12 00:00:00,Heat Exchanger,80.87855888137734,47.72328788427344,2.252077275475139,72.842927962949,88.70518830544098,Leakage,1
2023-03-12 01:00:00,Pump,81.1973878470287,48.23070518589948,2.238306753509907,82.23573802357707,69.84327255817684,None,0
2023-03-12 02:00:00,Valve,55.88683108337496,60.82760726103278,1.308266343772007,40.955924971712406,60.58190640737685,Overheating,1
2023-03-12 03:00:00,Valve,75.9297924652941,55.27310314243659,1.9390771943444824,71.18474062446991,73.92866717719392,None,0
2023-03-12 04:00:00,Pipeline,70.31503886639685,55.12387056140864,2.1326285117902013,51.15372853454911,77.58737191028138,None,0
2023-03-12 05:00:00,Compressor,67.41234742064626,55.84290182136691,1.7818549045029215,88.83163009783758,26.73351516236338,None,0
2023-03-12 06:00:00,Valve,88.50852330699006,45.00589565332975,2.15735497119538,47.93514955704461,19.87003350790777,Overheating,1
2023-03-12 07:00:00,Valve,68.46320859362581,43.8881769250638,2.4029488885005343,30.431577360471596,16.73639654370068,Electrical Failure,1
2023-03-12 08:00:00,Heat Exchanger,66.9362307088195,44.46564854232972,1.9847034678846223,60.938398441190714,43.6648145070283,None,0
2023-03-12 09:00:00,Heat Exchanger,75.75694940005093,56.67253066668919,2.1122997383541295,39.043865056556264,54.82002158539707,None,0
2023-03-12 10:00:00,Pump,81.85589746298416,47.26404105558755,2.6917120392779874,32.669665609103944,65.40849084608747,Wear & Tear,1
2023-03-12 11:00:00,Pipeline,73.58351413989872,43.74321908880356,2.236598291612613,71.89615391686252,96.22310677206491,None,0
2023-03-12 12:00:00,Pump,86.66370545669253,47.84501899890093,2.100412144837237,73.93555695050739,39.770903818630565,None,0
2023-03-12 13:00:00,Heat Exchanger,80.30975661964091,48.806972341426864,1.5209603101793197,57.64194078699015,78.4786646869547,None,0
2023-03-12 14:00:00,Compressor,53.2178868026857,51.342066368472814,2.335513005694424,70.61313100539464,57.82218576353964,Electrical Failure,1
2023-03-12 15:00:00,Heat Exchanger,69.70533036492992,51.254755103560214,2.1650749746959694,62.29436689482803,29.808093887822515,None,0
2023-03-12 16:00:00,Pipeline,69.38157900648301,45.85909718063246,2.641869716850704,67.7880664633159,65.37748862158833,None,0
2023-03-12 17:00:00,Heat Exchanger,79.79360953429422,53.428281962568555,2.0234392716516556,65.80223839127767,97.04585604607333,None,0
2023-03-12 18:00:00,Pipeline,48.75182943625888,46.80403233124921,1.0918667499330021,69.94936584333554,21.187746932614516,None,0
2023-03-12 19:00:00,Pipeline,100.49009708717722,49.21861831647478,1.149939565585869,41.977838920390276,55.65517880943061,Overheating,1
2023-03-12 20:00:00,Pipeline,80.3102609489421,53.43387035251678,2.3678403818798666,46.12239720220201,14.644751873547541,None,0
2023-03-12 21:00:00,Pipeline,76.4887680391769,46.790892980278294,1.7149032011509233,56.39778897046152,38.909466900672605,None,0
2023-03-12 22:00:00,Pipeline,86.81567716419147,47.15324288209431,2.2183838755552485,56.76768056515118,65.85424098345922,Wear & Tear,1
2023-03-12 23:00:00,Compressor,98.43654052812624,52.95834024846565,2.057116322251178,76.46470269521426,85.69512424276792,Electrical Failure,1
2023-03-13 00:00:00,Pump,83.70746644588404,45.7113341169749,1.9165801661530397,52.04361955377192,75.7295579553464,None,0
2023-03-13 01:00:00,Valve,84.4881309647162,48.076039881979646,1.9518193572058884,39.75030936355094,51.65711003939265,Overheating,1
2023-03-13 02:00:00,Pump,76.30690024464383,52.77871089021446,1.5673052474773865,45.087958229464554,91.83004813937319,None,0
2023-03-13 03:00:00,Pipeline,73.58474246633051,60.270462207179875,1.9921111555501647,42.8840101430537,37.244319852139355,None,0
2023-03-13 04:00:00,Compressor,70.242045559951,53.027022523813734,1.7077532836028007,73.89960115536132,77.85850692026497,None,0
2023-03-13 05:00:00,Heat Exchanger,66.73888008285458,52.36319881495006,1.8138717399371476,58.22037687755892,52.660811957289624,Overheating,1
2023-03-13 06:00:00,Compressor,68.12985900300502,52.65400791836365,1.8381754776454196,72.517841878259,90.87721792054981,None,0
2023-03-13 07:00:00,Pipeline,61.494440356570166,44.634048629664754,1.8866533650506403,54.97318084545762,81.76895394883842,Overheating,1
2023-03-13 08:00:00,Compressor,74.24128549314976,50.57798369339954,2.461086728253543,83.38413615023431,91.13226951763856,None,0
2023-03-13 09:00:00,Compressor,58.153324227736135,49.85116755831799,1.9351045853976532,89.01121846336407,29.282306404786603,None,0
2023-03-13 10:00:00,Pipeline,76.90916524143711,51.60792270186378,2.511851168295049,70.1905505221567,70.13353889045871,None,0
2023-03-13 11:00:00,Compressor,74.63669391957659,50.582540262379354,2.768927475663241,81.82875343417314,76.4617067273476,Wear & Tear,1
2023-03-13 12:00:00,Valve,76.46935298386688,51.89849838708556,2.4274723255280746,60.475996030323756,76.81728387543343,Corrosion,1
2023-03-13 13:00:00,Valve,69.77868429980008,48.442664025503994,2.2672342675342554,86.07725042123448,55.36004054206038,None,0
2023-03-13 14:00:00,Compressor,105.76860370180503,50.29304458685896,2.16341610474176,79.89518914036968,11.012547011315728,None,0
2023-03-13 15:00:00,Heat Exchanger,88.60115900180313,43.86085716971504,2.432679354525035,89.50671430596235,33.52877054821674,None,0
2023-03-13 16:00:00,Pipeline,62.55457499915277,48.40046360998543,2.0446803692981197,67.38562411966683,39.0970787503943,None,0
2023-03-13 17:00:00,Valve,77.32868087426898,56.954167740883214,2.492284922978599,76.75240441609371,86.68329555535854,None,0
2023-03-13 18:00:00,Heat Exchanger,68.91993857062677,51.59404169814128,2.307052902644842,62.572088398692806,85.67972353937982,None,0
2023-03-13 19:00:00,Compressor,64.85520273292586,49.895394813084614,1.820079769609806,45.54720625628537,19.421209363400493,None,0
2023-03-13 20:00:00,Heat Exchanger,61.599279288760656,59.48061638127173,2.447925440051403,51.28531026778546,95.48522935941318,None,0
2023-03-13 21:00:00,Pump,79.32216690759253,43.1958251084946,2.0457400029887842,83.64032488387898,26.421173798634186,Leakage,1
2023-03-13 22:00:00,Valve,68.18619764930426,44.4527222227689,1.9469339961938419,33.35687679591723,47.2923506170829,None,0
2023-03-13 23:00:00,Compressor,84.67826024025204,58.56355705638136,1.7619004198005064,65.48879316446448,29.364126949967986,None,0
2023-03-14 00:00:00,Pipeline,84.9378221453044,50.22980468024467,2.0830094239372863,52.349041950246516,87.42992219464217,None,0
2023-03-14 01:00:00,Compressor,88.7391438521145,48.78708481855103,2.498231307706492,53.201552280333345,77.44618286733807,None,0
2023-03-14 02:00:00,Pipeline,66.47613233925897,44.003978374521786,2.4444700027965185,83.07427238482603,41.817592619902356,None,0
2023-03-14 03:00:00,Compressor,79.7536561069201,52.23848133197506,2.1766968987294786,81.2293424727736,71.36907634234498,None,0
2023-03-14 04:00:00,Heat Exchanger,81.32454216642302,52.72229934763731,2.2998218203625176,65.93054253434812,26.59301957543881,None,0
2023-03-14 05:00:00,Heat Exchanger,70.25821824896035,44.52752819582552,2.635848395761279,46.375130844260035,44.406738313840144,None,0
2023-03-14 06:00:00,Heat Exchanger,67.28228042607125,49.29862207224786,1.9250168544145694,58.52738076972145,43.93968295042974,None,0
2023-03-14 07:00:00,Pump,91.09520665775973,48.32242083983467,1.442289998234897,54.49760362735296,31.414301354925804,None,0
2023-03-14 08:00:00,Pipeline,77.27495875732053,51.27988573209385,2.6505649260892863,51.21708175214972,88.86808446245944,Electrical Failure,1
2023-03-14 09:00:00,Heat Exchanger,81.35967750711738,44.40374878889678,1.7351108739846408,36.16713471343778,71.09611619312136,Electrical Failure,1
2023-03-14 10:00:00,Pump,66.77923988172073,56.259737272565786,1.6548309383280477,62.58683320291922,35.19453795074193,None,0
2023-03-14 11:00:00,Pipeline,62.80715533477806,54.57911890798802,1.1019011223327242,48.10987787246901,31.790868456613357,None,0
2023-03-14 12:00:00,Compressor,69.30550225507889,48.18412220633592,2.285641526582148,69.6484765756517,11.615812389931515,Wear & Tear,1
2023-03-14 13:00:00,Pump,73.75978612610002,48.91790644180814,1.1892736877238894,49.152236149531845,41.19240284131192,None,0
2023-03-14 14:00:00,Valve,64.3577999318265,49.31788924861192,1.6248705961541317,55.8698095880881,57.409415498378635,None,0
2023-03-14 15:00:00,Pump,74.90155191349616,46.10845723496748,2.294118397257529,33.14162245166445,34.99398477175387,None,0
2023-03-14 16:00:00,Pump,58.114948119315,47.78285290882482,2.360960626204186,89.55228419432865,73.0412448786793,None,0
2023-03-14 17:00:00,Pipeline,63.79952577530128,48.64864816162695,1.6741479258908831,60.456622996510546,47.057457611013966,None,0
2023-03-14 18:00:00,Compressor,81.70911248276875,58.06434185353564,1.9329233365037974,31.454255649850367,38.4686053309601,None,0
2023-03-14 19:00:00,Valve,81.03790520277894,54.733091541652186,1.5637027367969234,62.473839525668645,94.51518929112981,None,0
2023-03-14 20:00:00,Heat Exchanger,71.08123234613133,54.67327353668312,1.7258016060944086,82.22123995833898,33.65207895593252,None,0
2023-03-14 21:00:00,Heat Exchanger,64.82235690923046,51.84962806502195,2.1331076300764535,76.35312805597215,45.84318580869907,None,0
2023-03-14 22:00:00,Pump,64.72596448473989,44.41336495534382,1.7491766606017711,72.05440104776724,44.406170966869475,Wear & Tear,1
2023-03-14 23:00:00,Pipeline,71.26731754058686,49.792544477113104,1.8778924799121655,38.367879275942094,31.70785111041235,None,0
2023-03-15 00:00:00,Pipeline,81.44518491645292,54.8524422980669,1.2676466591912166,69.46422473924835,29.572906582937502,None,0
2023-03-15 01:00:00,Heat Exchanger,84.28245691344324,43.70867685316356,2.566478082403069,75.97790268073561,37.21420169320632,None,0
2023-03-15 02:00:00,Valve,70.03468264518031,53.182766034366324,2.255033296585533,64.3451438379298,87.78125529380628,None,0
2023-03-15 03:00:00,Compressor,63.46507574015216,61.61304612631383,2.396452685918601,83.56494027122109,79.03745985063615,None,0
2023-03-15 04:00:00,Valve,77.67843637866333,55.309083229948655,2.645212662308431,46.61938690709313,71.2899562744047,None,0
2023-03-15 05:00:00,Compressor,66.76465029374151,57.07014567780994,1.5873935622271418,44.52868198435503,51.13926933782441,None,0
2023-03-15 06:00:00,Heat Exchanger,69.81747361138798,51.0916937522108,1.8208027584859883,82.17418469655877,55.69785861693431,None,0
2023-03-15 07:00:00,Compressor,88.25276090437038,54.83965974382495,1.0525828162088944,67.52389457948715,34.04249609441143,Corrosion,1
2023-03-15 08:00:00,Pipeline,83.27115428565767,46.410733928229824,3.5702114550511186,30.08683323125996,16.688432245232587,None,0
2023-03-15 09:00:00,Pump,76.57974312251451,53.979319061706136,1.9252073423413119,51.18788451066315,39.79365010484341,None,0
2023-03-15 10:00:00,Pump,62.280809988872775,53.27194067030381,2.519363949957456,81.47135914888047,54.602538039312954,None,0
2023-03-15 11:00:00,Heat Exchanger,77.11396567470659,51.44955587018831,1.3809194278322705,31.639170698504596,15.15817418673992,None,0
2023-03-15 12:00:00,Pipeline,85.62657290787527,56.58003709859249,2.4981942128215047,30.194875695690534,17.94099718513958,None,0
2023-03-15 13:00:00,Valve,71.24366334234465,47.306075810763055,2.928795438324833,46.87555743150779,33.672270959611055,None,0
2023-03-15 14:00:00,Pipeline,88.51114089986714,49.06471241763169,1.9698596254860092,84.84000222055667,43.03723362334854,Electrical Failure,1
2023-03-15 15:00:00,Pump,87.92745289518207,50.477310206791486,1.4945592517051993,84.08865488820098,45.398513000683465,None,0
2023-03-15 16:00:00,Pump,91.63732832143474,44.851945144553,1.930601799527232,61.125716748090476,20.60974596592046,None,0
2023-03-15 17:00:00,Pipeline,78.05243126531353,51.13465971900124,0.8866192375213868,63.194212268377356,30.32392190813099,None,0
2023-03-15 18:00:00,Pipeline,80.87391699806012,41.405347935230765,1.9810566494890791,49.92048067903133,33.54825268572479,Wear & Tear,1
2023-03-15 19:00:00,Pump,89.1418728833109,55.23477267214105,2.410483569656498,44.62419972166859,16.08713885811216,None,0
2023-03-15 20:00:00,Valve,79.47393937068975,50.23318683282983,1.9821211778132428,78.91331125272708,39.348973053072754,None,0
2023-03-15 21:00:00,Heat Exchanger,69.98765892209788,47.395535480481186,1.8579302226555163,36.377691629978486,16.49994154799565,None,0
2023-03-15 22:00:00,Heat Exchanger,70.51457163472139,45.82813193852439,2.2637840580560167,59.241262252718144,73.3112058798703,None,0
2023-03-15 23:00:00,Pipeline,77.38554953773739,48.82710485190406,2.3020124234747765,68.06383556982507,44.74429899015794,None,0
2023-03-16 00:00:00,Heat Exchanger,62.09438578053781,53.44129855386207,1.1700472187474087,36.22081742226175,39.407715044053724,None,0
2023-03-16 01:00:00,Pump,73.56741084635807,52.7386948936878,2.0444114811393943,61.176425728340774,21.38699543532462,None,0
2023-03-16 02:00:00,Pump,85.96547118230254,46.472310263607696,3.2179925621146217,64.65127727474659,30.385328990040623,None,0
2023-03-16 03:00:00,Pipeline,53.08746148834719,45.76980163686183,1.332491877175988,74.54976363044189,30.943468804521125,None,0
2023-03-16 04:00:00,Pipeline,90.34482101794515,53.28449353159824,1.9572905835834669,44.09016294885197,98.66837933859728,None,0
2023-03-16 05:00:00,Pipeline,86.22374218703159,46.38826297692485,2.970873061025851,47.5996501974455,85.1814441557644,Leakage,1
2023-03-16 06:00:00,Valve,70.40235384169523,50.299548870397516,2.5520875782718377,64.17126879798201,11.373606247008846,None,0
2023-03-16 07:00:00,Heat Exchanger,80.43390827871809,50.618773212621385,1.7433016596119693,88.98758459889686,65.51529316916319,Electrical Failure,1
2023-03-16 08:00:00,Pipeline,75.03147726906326,51.56031065863369,2.103067689811302,43.04959096920687,33.031908677973135,Electrical Failure,1
2023-03-16 09:00:00,Compressor,87.29990368438683,54.29135215090936,1.9989441600075883,89.15422962740784,19.393923593762587,None,0
2023-03-16 10:00:00,Compressor,84.82683142769942,43.68518531566339,1.6259640978391663,72.86055198326888,73.50397868077792,None,0
2023-03-16 11:00:00,Pump,60.99929276816991,40.44420337369756,1.9628739462534588,79.56492417780139,21.84449945215143,Corrosion,1
2023-03-16 12:00:00,Heat Exchanger,80.87262413464177,47.162763593858244,1.8600169335967354,35.37847609418036,49.93667015767621,None,0
2023-03-16 13:00:00,Pipeline,72.94372146356753,59.00764203916093,2.0563744690383747,48.02521124583794,66.89486483559318,None,0
2023-03-16 14:00:00,Compressor,75.828325705181,60.11087050043689,1.6258084096544834,33.46417677905886,59.90452805394898,None,0
2023-03-16 15:00:00,Heat Exchanger,67.71828099030185,59.15588567782944,1.3616908998776696,52.29281970019051,97.98661884724686,None,0
2023-03-16 16:00:00,Pump,92.48137069120835,49.03509316119655,1.9793596133038147,88.87737959520311,80.71683518102704,Leakage,1
2023-03-16 17:00:00,Valve,85.40061819902576,41.08942459007586,2.85755910908939,36.31638373238031,79.67740385147408,Wear & Tear,1
2023-03-16 18:00:00,Heat Exchanger,67.60228836027032,38.2848044917408,2.0411014631313984,63.74236694227197,42.003585467292815,None,0
2023-03-16 19:00:00,Heat Exchanger,61.653893930897674,46.92980919225295,1.8342031105342274,30.36423736882874,10.755594287572753,Electrical Failure,1
2023-03-16 20:00:00,Valve,71.14327369022152,49.009631849253196,2.377042902519249,72.76096896264376,76.09698367036195,None,0
2023-03-16 21:00:00,Heat Exchanger,79.34502646091306,56.503127005279794,1.9208401937023107,41.83156154232246,99.97588758661051,None,0
2023-03-16 22:00:00,Pump,77.40205843946222,54.33902729771223,2.934016462479555,37.77507222748578,46.5291196969254,None,0
2023-03-16 23:00:00,Pump,87.53132824768244,51.1370253949581,1.9980437453524607,50.22106872964726,98.69666490614057,None,0
2023-03-17 00:00:00,Valve,82.89919722180852,45.55077614529429,2.3502485315790818,76.26265787633889,22.753729858091177,None,0
2023-03-17 01:00:00,Pipeline,84.69569025752907,45.19610220877555,1.6226978088033635,36.396785178672644,36.68611164730457,None,0
2023-03-17 02:00:00,Compressor,78.26855400610437,51.27063843535718,2.2515446266683314,43.79033974792172,25.36542385682236,None,0
2023-03-17 03:00:00,Pipeline,61.1070126978901,53.48525489419863,2.137546738471877,30.50786529703857,52.76583756341342,None,0
2023-03-17 04:00:00,Heat Exchanger,73.04301468853099,51.95940631122792,1.971746937670396,88.1048917617371,81.72832613564984,Corrosion,1
2023-03-17 05:00:00,Compressor,85.60089739908665,44.82701020196673,1.74912111941514,65.52873599933183,40.65955223841585,Corrosion,1
2023-03-17 06:00:00,Valve,74.48477071475354,53.253338143960434,1.6809849171738127,73.19397818308197,91.56060434366843,None,0
2023-03-17 07:00:00,Valve,80.03090368623747,52.12955483550706,2.1411763319898265,69.08299026936086,59.034737199680656,None,0
2023-03-17 08:00:00,Compressor,71.81251684753867,44.646667969049105,2.3144695548482366,38.661873532180465,51.88819723676895,None,0
2023-03-17 09:00:00,Pump,64.70188151458154,46.07839514849872,1.9364186018529344,65.69639633963965,80.83322579757487,None,0
2023-03-17 10:00:00,Compressor,73.76655935953889,53.44247987280783,2.1436339645603963,37.88493570847572,19.12991473376061,None,0
2023-03-17 11:00:00,Heat Exchanger,78.09047443032654,48.82746232427054,1.9810426609336151,54.074187237787676,79.63772240896073,Overheating,1
2023-03-17 12:00:00,Pump,68.44312280538557,57.945736508182286,2.049263012452694,64.13778815551758,31.865680015554403,None,0
2023-03-17 13:00:00,Valve,72.64288755143332,52.50564638032288,1.8997775086613875,63.53286684612935,35.27312924649138,None,0
2023-03-17 14:00:00,Compressor,65.60536758014017,47.56684405905365,2.008986289684154,37.14440555896446,63.950839598807185,None,0
2023-03-17 15:00:00,Pipeline,86.19244917564096,49.94897199804534,3.349020228408713,32.06615817879133,91.17409825415847,None,0
2023-03-17 16:00:00,Pipeline,72.05544242411966,50.31691696318859,2.1558171494037124,77.89405883242884,62.056625479377836,None,0
2023-03-17 17:00:00,Heat Exchanger,89.52755545126183,46.35804843379145,2.3226484792155215,73.55534621976032,68.40544139150383,None,0
2023-03-17 18:00:00,Pipeline,90.28747850540908,45.43705900911187,2.2190118026640486,34.909134273884284,79.89351306447467,None,0
2023-03-17 19:00:00,Compressor,74.18954035278256,53.5069494690475,1.8685915883514703,37.644931128093205,33.33922830932381,None,0
2023-03-17 20:00:00,Compressor,64.9155126745265,54.22636648521048,2.646994606645834,83.55502658337721,84.45103055237283,None,0
2023-03-17 21:00:00,Pipeline,54.14102122266662,53.018907347764795,1.8544181147868293,76.1477340973068,47.61641341604348,Corrosion,1
2023-03-17 22:00:00,Compressor,60.279629269732084,57.57659047161901,2.5275272744712756,89.76961777300045,25.809012414204624,None,0
2023-03-17 23:00:00,Heat Exchanger,61.2616517510134,47.29113381994199,1.8328965009667757,45.2392469523013,41.51062715150125,Corrosion,1
2023-03-18 00:00:00,Pump,88.78469627461504,58.37135383035565,1.5200137404279794,59.268179332128895,32.151800054640276,None,0
2023-03-18 01:00:00,Heat Exchanger,76.15824587226946,45.495394407229234,2.1826981041180966,44.18757456374134,30.584224462208127,Wear & Tear,1
2023-03-18 02:00:00,Heat Exchanger,78.89604524091988,44.93657218315754,1.4476658219489467,67.3680083086386,35.430687884724954,None,0
2023-03-18 03:00:00,Compressor,52.795789910648736,41.20020558925375,2.2678201125083044,36.924854345479076,26.283773326788054,None,0
2023-03-18 04:00:00,Pump,63.020335707827385,47.77102343086592,1.4029206719543417,37.63459036458198,70.09315813743785,None,0
2023-03-18 05:00:00,Compressor,83.87079776446286,47.48138831585273,1.8404959847635733,34.31327348430736,62.19925813316055,None,0
2023-03-18 06:00:00,Valve,77.86774112382587,52.629686401273254,1.2841351517376292,71.61516493585002,68.35977036850856,None,0
2023-03-18 07:00:00,Compressor,73.52794721314403,51.219454708102255,3.4120835047013647,59.64435464599241,40.93522514453444,None,0
2023-03-18 08:00:00,Compressor,80.64842358600123,44.035133144904314,1.1730202201918427,67.0638729812778,79.27600623166398,None,0
2023-03-18 09:00:00,Compressor,91.35797806135815,48.036368807870915,2.004906870198202,82.75806279536154,21.664786685874827,None,0
2023-03-18 10:00:00,Pump,72.7895753646295,48.14268989456157,2.5716521371650067,74.41970908532151,61.40230385152242,None,0
2023-03-18 11:00:00,Compressor,75.69369802658069,41.12008876519054,2.5181929542935126,57.70337509000146,34.79076750218265,None,0
2023-03-18 12:00:00,Pump,76.92596918731306,45.09526636493315,2.4256710610865686,89.06135930365359,57.484891062785024,None,0
2023-03-18 13:00:00,Pipeline,98.92109635273992,46.14593184692956,1.8413858058892623,57.375366068518396,39.12734577162152,None,0
2023-03-18 14:00:00,Valve,54.006437355809744,57.16812509910473,2.675544473168501,36.74704039401199,81.14605885821658,None,0
2023-03-18 15:00:00,Pump,81.83223014788808,50.957253579786766,2.4566955454010913,89.55928483516296,90.21446549542851,Wear & Tear,1
2023-03-18 16:00:00,Pipeline,73.85197751240936,53.310843769737495,2.106149808830238,31.36924380089084,76.83231010344682,None,0
2023-03-18 17:00:00,Pump,80.6677172618418,42.50682251425394,2.120290378863296,62.99301356926513,25.80253415643221,None,0
2023-03-18 18:00:00,Pump,68.42627446005275,55.97107241506996,1.8480386761923138,48.545729321982556,34.73802085495261,Electrical Failure,1
2023-03-18 19:00:00,Valve,74.5103496914155,56.50551031512046,1.5451739870834809,60.21312906101909,92.74222589665742,None,0
2023-03-18 20:00:00,Heat Exchanger,82.11410579465495,40.00827516427687,2.618575487739358,63.52277715567129,49.349811489238114,None,0
2023-03-18 21:00:00,Heat Exchanger,106.1291020104384,46.47341638042076,2.656103996800766,44.405753776709254,94.70623684143402,None,0
2023-03-18 22:00:00,Pump,83.08036189402071,52.47882786507755,1.5579454294850392,63.41152534423571,45.32065199760401,None,0
2023-03-18 23:00:00,Compressor,66.51934401969491,53.22194226769091,1.923107417426904,75.36366672033225,95.65971945315974,None,0
2023-03-19 00:00:00,Pipeline,70.76240317977297,46.60752634756389,1.9282883917705353,45.9905902346399,93.31650889599979,None,0
2023-03-19 01:00:00,Compressor,70.46585891616147,48.47250268473174,1.983672048129845,53.00556799883442,69.44742009879546,None,0
2023-03-19 02:00:00,Compressor,57.04356827369985,47.01309469477429,2.032147439293791,46.09456158984348,10.794434361535256,None,0
2023-03-19 03:00:00,Pump,71.69909808298563,50.5520902347306,2.47343073082309,79.23358385929214,46.03012137783432,None,0
2023-03-19 04:00:00,Pump,82.32829081821745,55.98589265730956,1.6263913457566281,73.4989355525758,92.01116167260362,None,0
2023-03-19 05:00:00,Pump,62.25767880923205,46.14478921429398,1.57682650424367,82.27178623310445,89.65992601973032,None,0
2023-03-19 06:00:00,Pump,85.48482651050593,55.00410248884207,2.618309871071488,40.20299357409956,26.86490200865023,None,0
2023-03-19 07:00:00,Heat Exchanger,79.87774821084338,46.09163963826556,1.7686776290593509,34.414778289585094,45.926424637219235,None,0
2023-03-19 08:00:00,Pump,67.65766678028962,45.76186393751558,1.368482323211467,37.1630102315204,85.19589350915246,None,0
2023-03-19 09:00:00,Heat Exchanger,73.58470362662153,54.09297309171607,1.757435028950065,39.661099969454185,62.00900679250489,None,0
2023-03-19 10:00:00,Heat Exchanger,90.98321807641034,54.60968189003808,1.8349736323779995,61.98495964048814,86.25693101015806,None,0
2023-03-19 11:00:00,Pump,82.33547813505866,54.25704968381327,2.7774813638628824,88.25472422176588,84.39106460037067,None,0
2023-03-19 12:00:00,Valve,75.08783654898147,43.421012958909294,2.4624131061883685,51.43412499700692,91.67338062572347,None,0
2023-03-19 13:00:00,Pipeline,72.62316683039016,47.670245109639744,2.573760308316121,87.51049616161231,20.549852937512355,Electrical Failure,1
2023-03-19 14:00:00,Compressor,75.7660907045166,54.114942960016606,2.4099868211733932,32.29204769935078,23.069362730816408,None,0
2023-03-19 15:00:00,Heat Exchanger,69.88236442057696,50.20770920281947,2.473121835807657,85.6123321688795,17.452812607214724,None,0
2023-03-19 16:00:00,Pipeline,53.95250494280985,44.63153576901268,1.6559589367098408,40.86915643829827,94.17419569858885,None,0
2023-03-19 17:00:00,Valve,95.42177910534731,52.29158969562721,1.9006989223232578,84.74849914316093,52.76461459401038,None,0
2023-03-19 18:00:00,Compressor,76.55324999199401,46.42596370504265,1.5050423434882256,33.37364580692767,15.789275513420334,Leakage,1
2023-03-19 19:00:00,Compressor,78.98147265122537,58.97262424196106,1.8947559847314834,86.89316684970196,38.93769122626371,None,0
2023-03-19 20:00:00,Heat Exchanger,74.42092250123092,57.724207312091295,2.3420524954673705,42.04789585913165,41.627137701697016,None,0
2023-03-19 21:00:00,Pump,67.64883199275413,53.020487131777834,2.0672916424061234,48.16284360438964,82.86038411290815,None,0
2023-03-19 22:00:00,Valve,73.1407551905123,56.80503352384887,2.6557404094801473,59.45654064617749,76.19292029538306,None,0
2023-03-19 23:00:00,Heat Exchanger,59.006052378056886,50.32395675061691,1.4292921038863904,52.84325287412851,72.04483446063122,None,0
2023-03-20 00:00:00,Valve,97.77086498053305,53.82718747187508,2.25011917534912,70.051678155789,11.967719733224087,Wear & Tear,1
2023-03-20 01:00:00,Pump,62.654880015776044,57.388601476510374,1.3758485990653408,88.48846603500465,91.96262167837409,None,0
2023-03-20 02:00:00,Pump,64.6803371615282,51.22749340897156,2.047088234586821,66.38558944829644,29.39997402241674,None,0
2023-03-20 03:00:00,Heat Exchanger,70.597407956136,48.72406414242858,2.370166711278239,73.28912456619295,66.61552642234099,None,0
2023-03-20 04:00:00,Pump,87.88075724852378,41.47689020911442,1.8927487165878905,35.280315018342094,15.563713871027725,Corrosion,1
2023-03-20 05:00:00,Pipeline,75.14508999262654,49.58433237139253,2.275563302043478,67.66874574420032,17.337348268484906,None,0
2023-03-20 06:00:00,Compressor,62.63864203969538,54.11711592281156,1.520133832583533,57.23098662278479,10.861956651710994,None,0
2023-03-20 07:00:00,Heat Exchanger,87.54338360757339,54.72816713783815,1.1681550109018084,83.1469414751777,60.93348800907975,None,0
2023-03-20 08:00:00,Valve,82.31000626785482,52.52182532859205,2.2785148112439018,53.292665978586115,66.64417026552142,None,0
2023-03-20 09:00:00,Pipeline,80.38434957216452,47.2935045251888,2.872005117037866,70.76724864299516,14.541607290990587,None,0
2023-03-20 10:00:00,Heat Exchanger,82.1573424117084,40.115892155262046,1.501977529915054,43.68922369554475,36.143639628763495,None,0
2023-03-20 11:00:00,Pump,98.9436190058245,47.523924509976325,2.6110970900533976,45.56235201145176,86.6308972760215,None,0
2023-03-20 12:00:00,Pump,96.85094895036113,48.478275644730246,2.0217117044082054,52.56734585533641,19.11775301406227,None,0
2023-03-20 13:00:00,Pump,68.13284656996704,48.43535516404993,1.332154239153462,48.243812250390164,29.48924480979981,None,0
2023-03-20 14:00:00,Pump,91.23884992811152,53.092781784889624,1.4342473493239187,45.232730363404485,48.19520876251843,None,0
2023-03-20 15:00:00,Valve,78.83168189758901,59.928382055074195,2.007892386680325,32.98012235404856,85.80466923698043,None,0
2023-03-20 16:00:00,Pipeline,79.99095816137749,50.617646009205465,1.7977688560379481,80.20477990514755,32.93641490276838,None,0
2023-03-20 17:00:00,Compressor,58.07729168356671,48.91634105421769,1.3435435116208805,33.858091853477056,99.74233138270078,None,0
2023-03-20 18:00:00,Valve,73.29614234611805,48.70389093497954,1.1529803593872976,83.24193093617805,41.97356318246755,None,0
2023-03-20 19:00:00,Valve,66.87176409663435,50.62192383453857,1.576640336036747,37.52792334408362,44.78037926352608,None,0
2023-03-20 20:00:00,Compressor,83.28058814893309,45.85853119825801,2.096904504165559,33.91570422375954,20.98955838077149,None,0
2023-03-20 21:00:00,Compressor,85.71080500402805,50.60099279373028,1.996799623698431,63.78028583884183,71.21781107708776,None,0
2023-03-20 22:00:00,Pump,54.255136489836886,52.254061681658996,1.749381021249961,60.14650755448331,31.911866450603345,None,0
2023-03-20 23:00:00,Valve,74.7796513599573,51.04843031787244,2.1009435971457413,59.474074129913106,66.59808357655416,None,0
2023-03-21 00:00:00,Heat Exchanger,86.21861504794252,52.28770967002391,2.520013359931344,64.47025965008388,30.084195556263392,Electrical Failure,1
2023-03-21 01:00:00,Compressor,73.13321037686555,52.168738046742675,2.197063255217074,47.22339636714935,44.90850405038211,Electrical Failure,1
2023-03-21 02:00:00,Compressor,82.29063645002364,41.14051658876778,1.9393456643052096,69.77695640577667,87.10048827589758,None,0
2023-03-21 03:00:00,Pipeline,78.51165467627084,53.18435079197702,2.4640360033303446,60.14413318243099,76.5015320326663,Corrosion,1
2023-03-21 04:00:00,Heat Exchanger,78.41660231952626,46.64492577168773,1.5200748488918525,50.084608017439514,23.91318099493511,None,0
2023-03-21 05:00:00,Heat Exchanger,72.28685021931703,44.52080418498021,1.8875402302223243,79.5900400188437,64.69373506366912,None,0
2023-03-21 06:00:00,Compressor,62.834191958642904,44.47774086072502,1.899456032199816,73.6632657796026,66.57765865064283,Corrosion,1
2023-03-21 07:00:00,Pump,63.784698525749725,52.16770805236265,1.3815233707785772,53.616620516677315,18.151162615167493,None,0
2023-03-21 08:00:00,Pipeline,82.09352514455317,48.88712536387573,1.7900629188578212,80.85706711373237,51.92250889023422,None,0
2023-03-21 09:00:00,Heat Exchanger,75.19458255518883,41.590156080072944,0.9625201595523485,85.21549500670645,33.46015561008471,None,0
2023-03-21 10:00:00,Compressor,73.61487755392776,52.390189075961416,2.9560890238314768,62.211976025061745,52.041712848713466,Corrosion,1
2023-03-21 11:00:00,Heat Exchanger,70.76109957677647,42.801959346005866,1.5312931057818435,42.89714700941525,79.93638921905875,None,0
2023-03-21 12:00:00,Pipeline,71.94811154519249,50.69910679259105,2.7930570657106557,84.9475293928192,24.24336038292877,None,0
2023-03-21 13:00:00,Pipeline,85.46911794488139,51.19249462836527,2.0190422528597463,41.368777205731035,21.097378502923938,None,0
2023-03-21 14:00:00,Valve,71.64755918131974,54.42788540847523,2.2824320660779795,32.90539358503615,34.23848455951956,None,0
2023-03-21 15:00:00,Compressor,61.58935286698431,58.90842393233426,1.7556001008245343,49.64922053238785,95.70479053119249,None,0
2023-03-21 16:00:00,Pipeline,82.43651775540174,43.176618370497295,2.1039648459808373,73.61798066766238,77.30417900664698,None,0
2023-03-21 17:00:00,Valve,72.95123336135283,49.73763071968475,2.325244819994218,85.39644518121297,11.751027653309192,None,0
2023-03-21 18:00:00,Valve,75.31395865532777,48.618323524778916,2.3322762071970913,68.23713880886639,46.090435823503896,None,0
2023-03-21 19:00:00,Heat Exchanger,91.0757830639951,52.16874842980481,2.3873866950371787,87.1103128179996,33.165818117234664,None,0
2023-03-21 20:00:00,Heat Exchanger,74.79439442649493,51.07834385466809,1.8158336449804118,35.542250356553794,67.43301115349566,None,0
2023-03-21 21:00:00,Valve,77.89183673118725,48.2372687863169,1.7598201637543225,33.6452237752812,51.33632081807738,Overheating,1
2023-03-21 22:00:00,Heat Exchanger,63.210765087016746,47.795489056945726,1.2029118373661982,66.25151704461985,96.80486723775468,None,0
2023-03-21 23:00:00,Pipeline,72.8033054764904,44.417745724079765,2.2616095055884684,87.96697934956529,29.708060588581436,Leakage,1
2023-03-22 00:00:00,Pump,81.09526045208601,54.93930791203255,2.5411893556617215,60.16327853728344,62.90707743990466,None,0
2023-03-22 01:00:00,Pipeline,59.446262661587575,52.296020907997644,2.807990839958965,33.09091355635831,73.01890134912003,None,0
2023-03-22 02:00:00,Valve,77.0084509311571,54.58884098897569,2.152586317290254,43.27311936464737,84.30080404108435,None,0
2023-03-22 03:00:00,Valve,76.00791072644806,48.44801931762243,1.6167601135457152,44.68757438494624,46.62739273852064,None,0
2023-03-22 04:00:00,Pipeline,75.4128745558744,46.71582265652785,1.1514519283552724,50.271427748217,71.82297168917333,None,0
2023-03-22 05:00:00,Heat Exchanger,85.37158898658242,44.608424666853864,2.5208333665416753,32.61620301517276,37.28813242458545,None,0
2023-03-22 06:00:00,Heat Exchanger,78.34438514848522,51.7945879187033,1.1018617166112321,84.29356202987498,49.192848312563825,None,0
2023-03-22 07:00:00,Valve,89.78071898356444,44.801033877358826,1.8296979611281166,60.93383668328971,90.60644180830593,Corrosion,1
2023-03-22 08:00:00,Compressor,65.06410484405964,59.24331534483275,1.887846586028177,70.25584757724654,95.49168483978589,None,0
2023-03-22 09:00:00,Heat Exchanger,76.35924567218348,43.461787094532795,1.9652724310744902,34.030370213700536,74.69356122345383,None,0
2023-03-22 10:00:00,Pipeline,75.84466786389947,51.36830059606251,2.01790130001792,33.24692806821896,43.69167016985665,Corrosion,1
2023-03-22 11:00:00,Heat Exchanger,64.3074550624492,57.834273536068935,2.0690737781837876,65.18806632243283,83.80520109771976,None,0
2023-03-22 12:00:00,Pipeline,84.56295002091346,52.995448796319046,0.7923183689607352,83.23776063025248,12.328037355287815,Electrical Failure,1
2023-03-22 13:00:00,Valve,98.24673305852818,50.878368562458895,2.0073279549350636,61.70892005757282,19.247131948547896,Wear & Tear,1
2023-03-22 14:00:00,Heat Exchanger,74.82993925516169,45.15758176519052,0.8852122129440614,82.66915035420429,69.5236362737825,None,0
2023-03-22 15:00:00,Pipeline,80.05021088273767,43.09115405716148,2.3661090365454975,78.65947638331436,36.21237177430517,None,0
2023-03-22 16:00:00,Valve,75.84518475815327,53.85025054458793,1.722437422098194,34.55122714769524,95.624759656043,None,0
2023-03-22 17:00:00,Compressor,67.86415330092824,57.53073620387473,0.9214816373883248,42.11744846314139,49.24545508830742,None,0
2023-03-22 18:00:00,Pipeline,56.79239722197984,47.805750047609145,1.592897661307312,69.46264014932055,48.64283383502593,Wear & Tear,1
2023-03-22 19:00:00,Compressor,67.94226516904635,44.30469246191824,1.714962330407673,56.61008295300249,71.02715591718382,None,0
2023-03-22 20:00:00,Compressor,61.08041619048269,37.709152847254906,2.5953498087775024,47.44198881881523,79.08117060755707,None,0
2023-03-22 21:00:00,Pump,92.04102078059118,45.096175781687315,2.0983188708751226,55.118031362878746,52.800286431262286,None,0
2023-03-22 22:00:00,Heat Exchanger,73.84890306076761,49.4317157875048,2.17222247217529,56.71197877623806,29.26008115405517,Overheating,1
2023-03-22 23:00:00,Pipeline,71.5408067095283,57.99561620418367,2.5906108171103006,84.63313504929579,79.59777784530594,None,0
2023-03-23 00:00:00,Compressor,83.89153824787806,53.365668461164844,1.9519278560377553,36.20749702229718,38.831614738626484,None,0
2023-03-23 01:00:00,Pump,63.78248897144112,51.525427023533766,2.3770939805162015,46.783844808456905,25.759969236447184,None,0
2023-03-23 02:00:00,Valve,67.33135961995447,47.99940169349435,2.341930556965996,62.253888994962836,66.84761709325119,None,0
2023-03-23 03:00:00,Pipeline,75.68072269248621,47.08417141372022,1.3567652532152938,71.8972155978355,18.140830029131536,Leakage,1
2023-03-23 04:00:00,Compressor,85.2876899142348,57.02823798753982,2.7364917888149147,67.83823733755462,97.42174075774494,None,0
2023-03-23 05:00:00,Heat Exchanger,80.01685045168789,51.00369270379195,1.2898491099646527,86.49856426424367,66.91575379709232,None,0
2023-03-23 06:00:00,Pump,77.48325142515883,39.48699654039489,2.458683324738924,77.73653548916839,98.73059688295803,None,0
2023-03-23 07:00:00,Compressor,75.78117735236016,46.63230176051378,1.2414634815471837,63.42461051846582,40.50040811307724,Leakage,1
2023-03-23 08:00:00,Heat Exchanger,79.00235855526775,45.708919841141864,2.3006183940758365,42.88096150041045,97.40846450713582,Corrosion,1
2023-03-23 09:00:00,Compressor,77.01652905129255,47.26867995411268,2.9309574390750863,57.05245388413439,23.100602295576124,None,0
2023-03-23 10:00:00,Pipeline,64.70027725223065,52.81455330142543,1.8935106717248944,71.60293465166865,13.66252951123256,Corrosion,1
2023-03-23 11:00:00,Pipeline,75.46079221633151,49.46277559102875,1.8718221785734268,80.2777304901651,12.96856544091423,None,0
2023-03-23 12:00:00,Pipeline,64.26311341082247,49.61567296498169,2.3052199996584246,87.58417346534324,51.83833335393044,None,0
2023-03-23 13:00:00,Pump,75.81082542900823,56.567365806626185,1.8353017720187286,66.32716596827507,17.47037777307353,None,0
2023-03-23 14:00:00,Pipeline,70.19352058511758,46.517694551066555,2.909139351871411,61.61516203826595,56.09510957508416,None,0
2023-03-23 15:00:00,Heat Exchanger,100.39381622782861,59.32099762943675,2.096096124729348,31.061515387268898,39.47504531580104,None,0
2023-03-23 16:00:00,Compressor,74.60105616248288,46.64346204314457,1.839915245889637,34.325944149010795,40.2066093226704,Wear & Tear,1
2023-03-23 17:00:00,Valve,60.95760433738411,50.445990983062856,1.7298572360521585,39.36629985824402,67.20480968906529,None,0
2023-03-23 18:00:00,Heat Exchanger,73.65819789323075,48.59398202298617,1.5335257649134897,33.28559587137769,24.678820553645814,None,0
2023-03-23 19:00:00,Heat Exchanger,80.19358745637888,50.617095667504806,1.6861225066212553,54.051794328295586,78.9898033305758,Leakage,1
2023-03-23 20:00:00,Pipeline,91.73363946152523,52.22295997536565,1.8246633031707018,50.21271270833233,62.38278278007713,Leakage,1
2023-03-23 21:00:00,Pump,69.10547600061281,52.16917620044438,1.7561804632507099,68.24124947210358,92.34501659627598,None,0
2023-03-23 22:00:00,Compressor,59.1757202597636,46.2344133468971,1.670912362931448,62.139906476004164,42.835658839077105,None,0
2023-03-23 23:00:00,Pump,83.16837011430981,44.385426612762146,3.0494206151762198,65.75824556327157,98.4443492860413,None,0
2023-03-24 00:00:00,Compressor,61.19401294100349,62.515858954528554,1.4849524617552552,58.31863217625924,61.82448820426209,None,0
2023-03-24 01:00:00,Compressor,70.63844558492515,47.58007830199723,2.0733162938230874,46.66422891325543,97.60617605687804,Wear & Tear,1
2023-03-24 02:00:00,Pump,72.42379514489006,53.49606219335993,2.296260504880436,87.16951889678862,12.43545886424038,Corrosion,1
2023-03-24 03:00:00,Heat Exchanger,74.30366546699892,41.96179344738402,2.3150539977918663,35.18454958560834,75.51786901711492,None,0
2023-03-24 04:00:00,Compressor,81.89164457074335,48.60193640047662,1.970696462108764,86.33345996791843,83.49593718634627,Electrical Failure,1
2023-03-24 05:00:00,Pump,68.16365717713612,49.364003080087784,1.8796487140763452,48.67428281188408,14.785595800883883,Leakage,1
2023-03-24 06:00:00,Compressor,72.26270747833239,52.364075349639165,2.2257737456197533,60.75968672203784,62.10726976146211,None,0
2023-03-24 07:00:00,Valve,74.85729647050611,36.3877292950403,2.1332608249891005,36.53053936965277,82.17480642305036,None,0
2023-03-24 08:00:00,Heat Exchanger,76.49597957518787,50.83070306539165,1.8705205826162432,34.25586410226056,60.49348527007655,None,0
2023-03-24 09:00:00,Pipeline,75.97827174707923,44.25129272316053,1.2190607141377847,55.772726923116174,15.743223136491997,None,0
2023-03-24 10:00:00,Compressor,79.3600577522258,51.62172855597462,1.7660381388333763,74.50184258278068,72.41025168084803,None,0
2023-03-24 11:00:00,Valve,83.43839509641737,44.818354015809184,1.4267249181462711,46.16188665291294,15.453722320597777,None,0
2023-03-24 12:00:00,Pipeline,78.92634115650968,45.72258652037209,1.6664202249668367,63.7408733361192,83.57220055147947,Leakage,1
2023-03-24 13:00:00,Pipeline,79.53585523509219,48.63186194803366,2.0166116192584798,46.7190204313691,13.873076497602495,None,0
2023-03-24 14:00:00,Compressor,59.17776833253522,44.73835265198402,2.179368071998308,53.31678365358245,22.36576429093337,None,0
2023-03-24 15:00:00,Pump,75.5022769916568,47.622327766323224,2.890226375646203,84.3867791084295,34.759683147094165,Electrical Failure,1
2023-03-24 16:00:00,Compressor,79.79507548001608,44.033121157283425,1.731296810548093,81.35037752969518,67.002831303472,None,0
2023-03-24 17:00:00,Valve,82.2894119457045,40.834147741506364,2.387312817637575,60.96105260505779,97.87231896681753,None,0
2023-03-24 18:00:00,Pipeline,68.07649225766205,55.0897852621468,2.152980012218918,44.286337648324725,20.604056735794096,None,0
2023-03-24 19:00:00,Compressor,68.40960725111356,43.51975653588036,2.647998835319895,41.59103476398137,22.84369022925266,None,0
2023-03-24 20:00:00,Pump,69.25899324716401,49.106595561960084,2.288114359797813,87.24524118214285,43.198335703088226,None,0
2023-03-24 21:00:00,Compressor,80.36413899891343,53.76445540746892,1.4957592863568419,42.16299579064125,85.25972239797882,None,0
2023-03-24 22:00:00,Heat Exchanger,85.33881054924208,46.925279487419786,1.1384769853543844,78.49009865475236,52.05078574757327,None,0
2023-03-24 23:00:00,Pump,70.92539892708399,45.87417050127231,2.155630849833752,52.13821257213223,38.94495402302395,Leakage,1
2023-03-25 00:00:00,Valve,84.07962313627048,51.131190443337104,1.7357745010498047,89.1395908534943,60.50834489879752,Leakage,1
2023-03-25 01:00:00,Pipeline,76.23479809164594,55.58966911363576,1.5098431270247015,52.08934442176727,33.447087770117506,None,0
2023-03-25 02:00:00,Compressor,73.75714222837564,44.153423674567655,1.3662111477334613,51.09099749464357,46.10439165227688,None,0
2023-03-25 03:00:00,Pump,72.88615770182031,49.24926083991281,2.0804877487935776,68.24781773265738,39.93446343088377,None,0
2023-03-25 04:00:00,Heat Exchanger,82.46611364602157,41.33752702516336,2.7538538496566822,87.69100839760915,82.37269201731813,None,0
2023-03-25 05:00:00,Pump,78.2557781678707,48.033994981589046,1.7956638271469791,88.57257634778597,93.18301537942007,Corrosion,1
2023-03-25 06:00:00,Heat Exchanger,97.75825427647638,50.171023422690375,2.295135155537661,72.43236878801912,78.36149729412206,None,0
2023-03-25 07:00:00,Valve,66.47775357002676,45.72687679122467,1.9488668248912038,75.27638193818122,49.517521842698514,None,0
2023-03-25 08:00:00,Pipeline,80.18101702029976,47.715040830873846,1.3553089554483035,63.80413055838166,55.390147974699744,Wear & Tear,1
2023-03-25 09:00:00,Valve,69.70798990188487,42.95886615846275,2.3674056717552086,75.34654434793991,21.25663245364921,None,0
2023-03-25 10:00:00,Compressor,66.30713013011356,50.38539305690747,1.4526539779863143,81.5867792982298,77.2178240021084,None,0
2023-03-25 11:00:00,Pump,74.89132862965027,55.27847124441575,2.010813315296782,59.165718191701394,63.68281114555397,Corrosion,1
2023-03-25 12:00:00,Heat Exchanger,76.37352479407036,44.51428065114768,1.8292397924973474,67.19173576980617,91.21959965236928,None,0
2023-03-25 13:00:00,Heat Exchanger,104.18173555060093,46.88664116723808,2.446538717282846,62.23900171398286,28.055002921763787,None,0
2023-03-25 14:00:00,Pump,73.15854184316798,52.51273123227091,1.4709245037646568,63.74823681172063,78.3753509739351,None,0
2023-03-25 15:00:00,Pump,63.69821270515317,56.060453596613684,2.19543495390098,83.40287459243646,71.62044955472707,Leakage,1
2023-03-25 16:00:00,Compressor,77.73010717494385,42.534050938955346,1.5801012963256496,51.337009812334216,33.9260980428777,None,0
2023-03-25 17:00:00,Valve,54.25359962453632,49.156076312920256,1.7444473938356073,42.49104153603746,70.06407755867426,None,0
2023-03-25 18:00:00,Heat Exchanger,74.08043217395735,51.415654111597625,0.18239988622994896,57.37680661641775,93.19360425189846,None,0
2023-03-25 19:00:00,Compressor,75.1602528229516,49.489718046855764,3.0460492858089543,42.48511142887591,92.6592388900407,None,0
2023-03-25 20:00:00,Valve,82.94600382945211,37.616039665614565,2.275278466413116,59.90402553972115,74.76639170645272,None,0
2023-03-25 21:00:00,Compressor,84.73622249427846,52.50545004654386,1.6163262570309178,84.21048632142352,14.326580128065409,None,0
2023-03-25 22:00:00,Heat Exchanger,69.96430381092283,57.59668175545322,1.437672155833503,67.04601122894866,88.50379035881454,Wear & Tear,1
2023-03-25 23:00:00,Pump,73.49385985370067,50.58330875584752,1.7521756235603299,81.32597119818466,69.2000746304086,Corrosion,1
2023-03-26 00:00:00,Pump,67.33879169389328,44.84446973352868,2.3584397674097257,39.971455176930704,37.9390827864461,None,0
2023-03-26 01:00:00,Valve,63.71937445192306,47.434363768178585,1.0539575372075372,84.0524155522306,26.852532553512937,Wear & Tear,1
2023-03-26 02:00:00,Pipeline,78.09894779380635,58.84956533827797,1.9292077903528309,66.10722986442696,20.45834766975854,None,0
2023-03-26 03:00:00,Valve,62.26414451403401,54.549812704302795,2.8853209362313366,31.905587324428787,14.521320933198488,None,0
2023-03-26 04:00:00,Pipeline,70.85373099428136,53.20013309192164,1.433026832016098,67.98713731710221,77.86929231556807,None,0
2023-03-26 05:00:00,Compressor,65.04826040100762,51.78206291767188,2.0401925193818276,87.08381737565507,31.22586990489478,None,0
2023-03-26 06:00:00,Compressor,80.4968318629026,46.69431443904514,3.1016549076288786,34.750020028521725,12.182764243892956,None,0
2023-03-26 07:00:00,Heat Exchanger,93.01430099266489,48.99714409672116,2.3160758148453864,64.94736782817432,45.75435866577904,None,0
2023-03-26 08:00:00,Pipeline,61.98412017196669,49.61038632160742,2.0629619102427275,84.92871617218287,53.434637253310505,None,0
2023-03-26 09:00:00,Heat Exchanger,56.46981517102431,52.74787158032222,2.2533182274545016,30.581710100062473,25.23072078101142,Leakage,1
2023-03-26 10:00:00,Pump,73.75113114649933,57.54459447133452,1.7995673324951489,67.85477558794939,13.96435025462948,None,0
2023-03-26 11:00:00,Pipeline,75.15697795957759,55.59169068396564,2.64981564265172,58.49413750985776,27.0212934788262,Wear & Tear,1
2023-03-26 12:00:00,Valve,77.18659306757297,42.9030782210198,1.800334988549894,50.81935911891664,71.11924856529168,None,0
2023-03-26 13:00:00,Pump,70.53679484765655,51.11997484450524,1.0204091956320114,67.65218939672256,17.401930952608577,None,0
2023-03-26 14:00:00,Pump,72.99360701174568,53.683816725839485,1.80434844802977,33.162125675245015,59.95333275012945,Corrosion,1
2023-03-26 15:00:00,Valve,78.67510410540602,53.094301650723175,1.5166327350616482,75.183782777244,23.177078911735002,Wear & Tear,1
2023-03-26 16:00:00,Pump,85.4043089264484,46.8538311830629,1.8594029939012853,30.26876861518246,27.612025622237745,None,0
2023-03-26 17:00:00,Pipeline,55.449512296817176,64.5705460788418,1.8704579704596846,48.41614462754113,45.377009494002884,Electrical Failure,1
2023-03-26 18:00:00,Heat Exchanger,71.31060560968538,43.614577188344406,2.5987115999024537,60.23751826108071,19.07428024483582,None,0
2023-03-26 19:00:00,Pump,77.13808793941064,44.58405776666975,2.347646363332193,52.621335033993105,25.588315250399155,Leakage,1
2023-03-26 20:00:00,Pipeline,65.82023895389264,51.16797540630788,2.1316327437876983,48.44855611233495,41.40571703062187,None,0
2023-03-26 21:00:00,Compressor,92.311696317673,60.584015274819265,1.9985272943337025,79.85010872808576,39.670210494853016,None,0
2023-03-26 22:00:00,Pipeline,68.64590119771263,45.81902574647915,1.470570995571003,86.08995445631453,77.43443371081587,None,0
2023-03-26 23:00:00,Heat Exchanger,74.58707312992718,48.67085817176504,0.9094123811671613,82.42276109435332,16.730407461378192,None,0
2023-03-27 00:00:00,Pipeline,80.56022096842291,55.386468365078464,2.0565800056963917,61.34587878299998,87.44056620997091,None,0
2023-03-27 01:00:00,Valve,69.08715211198106,49.910689225561335,2.3973206017868294,83.04985051160898,83.46089536655094,None,0
2023-03-27 02:00:00,Heat Exchanger,56.53426952195583,48.32698072734852,1.9458330583777055,85.25169391089263,78.93924757227445,None,0
2023-03-27 03:00:00,Compressor,70.71345473083467,52.8281645094336,1.73257283860665,54.55430382284772,37.843512621681924,None,0
2023-03-27 04:00:00,Valve,85.2944055592704,51.36258995114797,2.2322510826071063,47.00675157032673,84.05936069867087,None,0
2023-03-27 05:00:00,Pipeline,71.63104873214861,55.152193928183955,1.9583338996878266,35.89591234879922,26.45218722603527,Leakage,1
2023-03-27 06:00:00,Heat Exchanger,66.53565698541021,56.45734444532682,2.842872095986981,58.745515262953745,21.196828526952544,None,0
2023-03-27 07:00:00,Compressor,84.25672209502721,51.53501530002681,2.6163641710341423,86.77781522630647,14.046070014053862,None,0
2023-03-27 08:00:00,Valve,71.69225103976947,51.45866362689154,2.479754028511665,63.65445168422226,94.53793267050183,None,0
2023-03-27 09:00:00,Compressor,69.89839186349782,51.07055491143067,2.378867057104952,70.05372610717029,37.72098079347463,None,0
2023-03-27 10:00:00,Pipeline,76.49456089663309,52.44565278324644,1.3549162927742715,36.77302910951086,92.58560921601153,Corrosion,1
2023-03-27 11:00:00,Compressor,82.70750209618788,50.27585318935732,2.3314968510262997,38.61117984853537,34.53522053673967,None,0
2023-03-27 12:00:00,Pump,98.81713531732547,49.996957588388554,2.1881629788232875,57.868395717580356,91.68093634027146,None,0
2023-03-27 13:00:00,Valve,83.27236107657423,55.98313560413621,2.3032123641955815,87.07588793902354,91.35361475614795,None,0
2023-03-27 14:00:00,Compressor,86.59839966388344,57.580580901775214,2.2463047434065264,51.64707849549173,93.13084405096416,Overheating,1
2023-03-27 15:00:00,Pipeline,69.94033801012145,42.4622352768329,2.2263812939240326,82.64904247905201,54.65380953557744,None,0
2023-03-27 16:00:00,Pipeline,64.74131894030523,50.05010575870285,3.3504332347747976,37.217315605542694,87.93516581190028,Overheating,1
2023-03-27 17:00:00,Compressor,75.62331349619123,46.556527832773824,1.9619071650240405,67.0210324160226,95.56893065505882,None,0
2023-03-27 18:00:00,Pipeline,76.07169915259597,48.44514266756964,2.4681686904146654,66.03677861463109,39.21552477074616,Leakage,1
2023-03-27 19:00:00,Heat Exchanger,64.21487258635403,52.01258104867661,1.7645050948679983,81.59248500421612,47.69869651142996,None,0
2023-03-27 20:00:00,Heat Exchanger,73.24705470095986,53.34719185771234,2.3953207919438357,30.19900226429409,74.73161686021696,None,0
2023-03-27 21:00:00,Heat Exchanger,78.9931760171913,49.439367781943275,2.4696599451162276,41.395900031854325,37.03238395509708,Electrical Failure,1
2023-03-27 22:00:00,Pump,78.6039339501808,40.43329832638599,2.182213038567674,43.1812575257689,77.8428378021393,None,0
2023-03-27 23:00:00,Compressor,80.04287853384272,45.1747720971191,2.83462347118825,86.99796528544424,16.650293069218055,None,0
2023-03-28 00:00:00,Pump,77.90964730137443,54.48249835100083,1.5578619818197912,39.2216193761937,57.1148545859688,None,0
2023-03-28 01:00:00,Pipeline,69.92991340729944,36.29786788982534,1.7563895291658889,32.21774101323362,21.00821356753707,None,0
2023-03-28 02:00:00,Pump,69.86099373351156,55.93713575841,2.1061900430117446,62.06768968450848,36.39911287930088,None,0
2023-03-28 03:00:00,Pipeline,63.010486020061236,52.606149953222705,2.440403426742111,61.713507746020895,33.276285323782474,None,0
2023-03-28 04:00:00,Pipeline,92.84775039185095,56.58088040765011,2.0897147606474666,80.64281792207186,85.50388662063995,None,0
2023-03-28 05:00:00,Valve,75.13450364619293,49.007154065595195,2.642879518255283,86.93157901066812,27.41655298655777,None,0
2023-03-28 06:00:00,Heat Exchanger,72.75146944205149,39.692972879885474,1.6691550645168403,62.31272652840786,82.7603128143207,Electrical Failure,1
2023-03-28 07:00:00,Pipeline,65.71207918547542,52.15181320753249,1.4297107552557229,85.79965094517934,81.45643113171298,None,0
2023-03-28 08:00:00,Valve,104.35657902327779,56.3732656201917,2.154064168268252,73.50954907798979,54.89947500015069,None,0
2023-03-28 09:00:00,Heat Exchanger,64.26671967777105,54.623609027567106,1.961409861943152,45.8735476797351,31.045893003651667,None,0
2023-03-28 10:00:00,Pipeline,70.71152074393926,46.686542582559824,2.27143186017911,85.70524265663558,30.420670596060045,None,0
2023-03-28 11:00:00,Pipeline,79.1583683628606,50.433805377313234,1.986298854566748,70.04659057091249,51.8432182404263,None,0
2023-03-28 12:00:00,Pump,81.00212965744278,47.33581865610038,1.8299901046882714,54.84575596455802,10.792810665416468,None,0
2023-03-28 13:00:00,Pump,84.57932055215684,45.90366767905314,1.9625312141381384,70.81452507101585,57.82156791502295,None,0
2023-03-28 14:00:00,Heat Exchanger,93.07608507769262,54.77694285589926,2.0144244473965927,54.07876966462506,95.75015731903498,None,0
2023-03-28 15:00:00,Pipeline,80.06157655460713,44.01233844367419,1.8475093500758348,36.85102607927756,23.923619367633684,None,0
2023-03-28 16:00:00,Compressor,64.43969200033332,45.530917847091935,1.8984339768382859,73.138724830614,61.60110593280431,None,0
2023-03-28 17:00:00,Pump,72.43054874878219,44.479871832638075,1.7982033315065449,79.44525673024464,96.56008197800111,None,0
2023-03-28 18:00:00,Heat Exchanger,78.07832372513884,42.548762383504766,2.428332559934703,73.72837194116326,87.44699255424402,Electrical Failure,1
2023-03-28 19:00:00,Pipeline,95.68226041505824,50.73207145921302,2.0970105022528998,43.74688006540059,86.53421047432062,None,0
2023-03-28 20:00:00,Pipeline,61.02194521575703,55.80751524240988,3.1283762360843834,87.39810080865678,83.96649373565701,None,0
2023-03-28 21:00:00,Compressor,87.02576505225227,49.075616218773675,2.080352275639231,31.515273701469354,37.812124545056705,None,0
2023-03-28 22:00:00,Heat Exchanger,76.79914369546417,42.471260997179165,1.724571264835669,49.961117842538435,90.1555148140131,Overheating,1
2023-03-28 23:00:00,Pipeline,83.3783053522948,54.19972269871014,3.335337687431532,45.60554607209373,94.7206316109854,Electrical Failure,1
2023-03-29 00:00:00,Pump,73.98005283364068,58.42850877017486,2.2068131888571676,32.88757365689106,54.62131809691355,Electrical Failure,1
2023-03-29 01:00:00,Compressor,66.57567369873674,46.76878837926703,2.4950623934464082,54.34378157932011,41.91139425335129,None,0
2023-03-29 02:00:00,Heat Exchanger,82.50872779401332,47.60722866641141,2.2960514916012458,67.38689040976647,47.28061140452705,None,0
2023-03-29 03:00:00,Compressor,81.54431027105622,52.57830315041697,2.311505514648874,82.95317180910608,40.0785797648139,None,0
2023-03-29 04:00:00,Pump,84.72056965739722,58.109368738925255,2.267827025676237,89.3813829714882,29.117659782208605,None,0
2023-03-29 05:00:00,Heat Exchanger,74.86695364621364,47.40082927137387,1.4489577176119672,78.48537518426389,65.66036232276005,None,0
2023-03-29 06:00:00,Compressor,69.0017797668015,43.337751095008976,2.183764523780706,58.12083112276949,60.63371976207906,Electrical Failure,1
2023-03-29 07:00:00,Valve,59.412130049761586,53.15709303136203,1.3375693480748805,73.42226555802185,51.6326563935348,None,0
2023-03-29 08:00:00,Pump,83.19373268139407,53.9953403657115,1.9128185817937329,80.61742731537845,18.62608480163486,None,0
2023-03-29 09:00:00,Pump,79.23889482443985,50.030657252176134,1.6371912717183563,57.91843178512088,81.72036682353998,Electrical Failure,1
2023-03-29 10:00:00,Pump,65.34217367136041,47.209333701712744,2.178735092924362,77.10326604152999,25.744020647571027,None,0
2023-03-29 11:00:00,Valve,69.61426326703376,54.97189365496023,2.1670631236691174,58.95914509877261,20.310583905644332,None,0
2023-03-29 12:00:00,Valve,70.3324118804856,52.64018002273982,2.2405729453825933,53.18975945260336,66.07642559346527,None,0
2023-03-29 13:00:00,Pipeline,60.17015568017582,46.157822415482535,2.1436482863745434,61.56545026702567,45.877992511395085,None,0
2023-03-29 14:00:00,Compressor,66.82317603394867,50.245473656528354,1.6965873291068005,70.5512842576287,15.382762781709651,Wear & Tear,1
2023-03-29 15:00:00,Pipeline,63.66169643193646,43.24146233987677,1.8694982553241601,73.61292337911584,42.00115194649524,None,0
2023-03-29 16:00:00,Compressor,70.87520988112064,53.4294522821896,2.4601980806272423,51.40417613352647,79.46023170564665,None,0
2023-03-29 17:00:00,Valve,67.61302501670437,48.68883215308572,2.5339283386472,64.2792150933621,65.37242846953879,None,0
2023-03-29 18:00:00,Valve,58.72995079133251,47.821445838076315,1.4266084506867254,84.59225244482683,42.650742068829715,None,0
2023-03-29 19:00:00,Pipeline,95.22590230569482,49.835627574237826,1.2345361837436768,88.57877400663838,27.26243124711293,None,0
2023-03-29 20:00:00,Heat Exchanger,87.52540731029231,50.20153849665124,1.6365553083976438,43.63488547103727,66.86160587242959,Electrical Failure,1
2023-03-29 21:00:00,Pipeline,67.20980578480014,54.4746503078278,2.522603791016125,41.56986994280049,89.87997708517197,Wear & Tear,1
2023-03-29 22:00:00,Compressor,77.7242139665361,52.95545265662611,2.607442015091517,70.60113800571891,68.16454462143224,Electrical Failure,1
2023-03-29 23:00:00,Pipeline,79.17465089821295,49.217953606035984,1.537644059799414,54.88103314940663,83.16134691852018,Corrosion,1
2023-03-30 00:00:00,Pump,86.91085854773476,53.81834074859498,2.153654676868169,31.453340305088222,56.93750546989339,None,0
2023-03-30 01:00:00,Compressor,66.81394973339921,52.00368626845807,2.9172156665700437,50.811712238837046,74.6173996066926,None,0
2023-03-30 02:00:00,Compressor,85.92106783982426,47.86700181856982,2.2076557386201667,78.40468460833512,90.66040964005171,None,0
2023-03-30 03:00:00,Heat Exchanger,69.52094695793065,49.37640920881757,2.7107516426165468,77.84561582299096,79.58610804327895,None,0
2023-03-30 04:00:00,Valve,61.641375958313866,49.258885555784396,2.4993632850415493,59.68110892899492,91.88685580583311,None,0
2023-03-30 05:00:00,Compressor,82.24136559314498,52.52630671587101,1.5449006468860447,58.35467609325212,48.80256419044539,None,0
2023-03-30 06:00:00,Valve,87.90758424122428,48.164886926391794,1.9050092882514609,64.77044654606266,91.3798229614351,Electrical Failure,1
2023-03-30 07:00:00,Pipeline,100.87908973530685,48.04795406789184,2.017377239145924,43.16380263381456,65.94105110335369,None,0
2023-03-30 08:00:00,Pump,63.002747349097866,59.84378654716979,2.05206669401067,61.562617493457324,88.30438894735244,Leakage,1
2023-03-30 09:00:00,Heat Exchanger,81.98919685080789,54.69867740873552,2.4581644767192854,30.662781603398905,13.543887739405186,Wear & Tear,1
2023-03-30 10:00:00,Valve,70.90198756206468,46.1969966778743,2.204342381137704,58.53357328698802,69.20671437221824,None,0
2023-03-30 11:00:00,Compressor,82.83358710524031,52.854704969710994,0.5318995281109424,50.163062775035556,86.31775709901088,None,0
2023-03-30 12:00:00,Valve,60.295104487687496,50.591750328275886,1.3435798634536371,70.49217635421958,25.678183027887975,None,0
2023-03-30 13:00:00,Compressor,62.37230224301436,51.95775587630047,0.9063095425119785,68.30121504915766,69.56082401184308,None,0
2023-03-30 14:00:00,Valve,67.24125176833516,50.686706622825525,2.087682620327667,52.85015281096854,84.24592427949683,Wear & Tear,1
2023-03-30 15:00:00,Compressor,75.78964045668084,55.94821322742618,2.1202438247338806,30.436378888715495,35.91544326693733,None,0
2023-03-30 16:00:00,Pipeline,68.58918733461644,51.72810172325723,2.1416124793053593,45.13641776369763,46.47216951157528,Leakage,1
2023-03-30 17:00:00,Compressor,81.5905434391342,49.68955650892856,1.520535866142692,68.00087101134974,61.25659466492974,Corrosion,1
2023-03-30 18:00:00,Compressor,85.26894618257914,55.21095288491509,2.3370720025599945,34.34240058105027,56.72509199961059,None,0
2023-03-30 19:00:00,Pump,80.99577541245355,51.16642520543936,2.3581312482342645,36.45854531000783,13.527045373342208,None,0
2023-03-30 20:00:00,Compressor,91.18787639660869,50.60739289664529,1.3724254663974211,68.82210147402523,18.88048882768721,None,0
2023-03-30 21:00:00,Pump,79.15826629455343,51.570113012430575,1.266980899275564,75.34604405695754,19.04199213739252,None,0
2023-03-30 22:00:00,Heat Exchanger,62.83103289659833,49.53195488316817,1.999934156886531,49.292982480762724,33.604111494925746,None,0
2023-03-30 23:00:00,Pump,88.6337651353834,50.04613496497734,2.8958911368066795,59.380383930993716,32.127770152220435,None,0
2023-03-31 00:00:00,Pipeline,68.94843764394003,47.06652705619064,2.8498713710993213,86.74268189901952,76.80001454081196,None,0
2023-03-31 01:00:00,Pump,84.10418499685571,46.244163901880604,2.281702180224026,86.73261373055817,61.546994741453005,None,0
2023-03-31 02:00:00,Heat Exchanger,90.73734216555107,45.0071480675878,1.6350016642099618,48.45016646780581,78.75784761807171,None,0
2023-03-31 03:00:00,Pipeline,79.56688010730399,43.040083566014616,2.4434213297442926,78.59927250102541,16.29064516697831,None,0
2023-03-31 04:00:00,Valve,60.038411868353506,45.60141319307722,1.7737878675954792,65.63664316841152,53.66928137244406,None,0
2023-03-31 05:00:00,Valve,65.81787833490209,49.128664827665375,1.6162464816630948,88.5290696010228,39.139802133874255,None,0
2023-03-31 06:00:00,Pump,88.22744466885135,50.515587912228185,0.9280165841890029,58.656814182665784,86.49453796801717,None,0
2023-03-31 07:00:00,Pump,73.30877314357184,48.643517184261796,2.0511910991738262,76.4824120809337,73.7010241218913,None,0
2023-03-31 08:00:00,Heat Exchanger,75.79573534942166,38.22148254936321,1.6850663254313125,76.08822777689227,88.23326237441167,None,0
2023-03-31 09:00:00,Heat Exchanger,82.5882441616361,57.87293178881171,2.048215189764252,59.84597205798457,14.178441016545406,None,0
2023-03-31 10:00:00,Compressor,81.96322862080324,55.43240061445191,0.8503211518814693,77.73780685783846,74.87411406099405,None,0
2023-03-31 11:00:00,Heat Exchanger,77.7879981238546,52.228799256085644,2.0849133362918435,45.66241999841979,58.60075169436202,Corrosion,1
2023-03-31 12:00:00,Compressor,72.91331628779534,59.53745336276634,0.784439418014186,37.335182177413735,84.25000261140092,None,0
2023-03-31 13:00:00,Pipeline,71.87331554267642,45.113179412581445,2.5439701266342762,55.509824679318974,55.64445318332389,None,0
2023-03-31 14:00:00,Pump,83.57898825291343,59.438125603130025,2.2609456170675424,86.61783939801508,58.61881701117181,Overheating,1
2023-03-31 15:00:00,Pipeline,80.53569531067794,45.173929616247264,1.860667614287706,60.04467649215172,14.659064284785861,None,0
2023-03-31 16:00:00,Heat Exchanger,72.42699999382211,51.19368962645678,2.2813599300410394,68.11554831881563,70.167057853237,None,0
2023-03-31 17:00:00,Pipeline,85.82112312993141,43.63081337432898,1.5109628686682237,67.44974735447252,34.5825888044545,Corrosion,1
2023-03-31 18:00:00,Pipeline,73.70965884870216,50.073470477721834,2.036187757807446,37.954372036171826,11.772452996093843,Leakage,1
2023-03-31 19:00:00,Pipeline,66.48337825665607,51.93083248999194,2.397387019230168,53.417812942632615,15.979344625542705,None,0
2023-03-31 20:00:00,Heat Exchanger,67.41029301096656,49.22654834432723,0.4528553754543052,72.41633837531248,96.15570480694231,None,0
2023-03-31 21:00:00,Pipeline,65.21259163690235,53.569387220450686,1.7763878201612382,88.31940591484357,41.14695606218623,Corrosion,1
2023-03-31 22:00:00,Compressor,72.27589983396312,50.49507224743628,1.9886779349318129,40.08106429782157,88.12680657590431,None,0
2023-03-31 23:00:00,Heat Exchanger,87.33724278336193,47.38792635811245,1.9018531911271168,54.626513420346974,96.37095106623303,None,0
2023-04-01 00:00:00,Pipeline,66.9490481896949,47.1659334109883,2.7285509131137027,35.70562798816376,94.89404699535905,None,0
2023-04-01 01:00:00,Heat Exchanger,76.88475761018103,54.05456886307848,1.4380494375385577,44.54258757895536,89.35527166294781,None,0
2023-04-01 02:00:00,Valve,68.43310654372587,46.73128985096516,1.6894203782773856,52.60556059956902,90.53595212151708,Corrosion,1
2023-04-01 03:00:00,Compressor,72.39690958728562,54.57701485242468,1.0420654868457757,62.43859487714103,36.010723990685634,None,0
2023-04-01 04:00:00,Pipeline,59.89958788014748,56.11355896415965,2.7551433256365727,43.834012934344855,23.632290123432245,None,0
2023-04-01 05:00:00,Valve,72.79461770843463,41.65643068826935,1.8768549286956,43.65375967072114,67.53363058791314,None,0
2023-04-01 06:00:00,Valve,73.06294620195038,55.664631936505174,1.7807955559816464,76.66979874841223,53.929503268194146,None,0
2023-04-01 07:00:00,Heat Exchanger,80.40287944035695,60.3021134922235,1.973758658844643,87.75849977681287,18.887204682565393,Overheating,1
2023-04-01 08:00:00,Valve,77.23280913255371,51.26001880600964,2.3181179142151622,49.41677806508737,70.97871844201697,Leakage,1
2023-04-01 09:00:00,Compressor,63.01607875047955,52.99542092647411,2.1736817017580625,71.2795211181408,60.6574006736296,Corrosion,1
2023-04-01 10:00:00,Compressor,85.84198244043543,55.18502662184579,3.323942106778544,45.484827681475245,87.67606607293952,Overheating,1
2023-04-01 11:00:00,Pump,77.10303040221996,48.62258842410489,2.2269679442018875,85.67713529793792,64.82654161195588,None,0
2023-04-01 12:00:00,Compressor,76.98393517177486,50.91140111768935,1.7673772854154595,70.3741416099239,61.65515617495783,None,0
2023-04-01 13:00:00,Valve,74.90817646614862,43.429002351884456,1.7193216312380264,78.16061127825421,49.66765509993651,Electrical Failure,1
2023-04-01 14:00:00,Compressor,69.8224255277778,50.69317514265226,1.8036205237915954,32.96124259194989,51.650836289998324,Wear & Tear,1
2023-04-01 15:00:00,Heat Exchanger,77.17802339748727,52.490559978222706,1.249081537685081,65.91035809443747,95.89431042812045,Wear & Tear,1
2023-04-01 16:00:00,Pump,79.75588435928583,52.580815114632344,2.019932103745793,61.656739881502936,22.460140846021538,None,0
2023-04-01 17:00:00,Valve,57.53104308654445,55.3271236179879,2.3917340531044586,47.579814414691924,50.15969367239684,None,0
2023-04-01 18:00:00,Pump,69.61239162653905,46.125989109322354,1.693318199688382,45.74579910343908,69.02445105341585,None,0
2023-04-01 19:00:00,Valve,72.4505302959641,47.33696621663252,1.596309971857944,64.80148813901818,48.97095810313596,None,0
2023-04-01 20:00:00,Heat Exchanger,77.56170605694278,59.477536729956775,2.757972573147117,72.38913810043351,35.489406433668194,None,0
2023-04-01 21:00:00,Pump,86.93311005927126,49.24835813118145,1.2867584216894175,31.99036542211134,35.86216336865694,Leakage,1
2023-04-01 22:00:00,Pipeline,67.28259185403218,51.00016893656164,0.9660908117613494,64.04409491542226,31.029044163194417,None,0
2023-04-01 23:00:00,Valve,70.02038153182158,49.66494979137389,1.4235490281763088,40.227571736797714,40.95128805247807,None,0
2023-04-02 00:00:00,Pipeline,69.8746588935345,45.89159586847489,1.2297836414378518,38.42176388316604,88.45072980252102,None,0
2023-04-02 01:00:00,Pump,66.98472409895459,58.11764605445903,2.193113032052291,67.38716928568107,55.470209529069564,None,0
2023-04-02 02:00:00,Pipeline,71.52813504887737,47.36149294039697,1.8196477497752133,48.652207033048384,31.62148552700366,None,0
2023-04-02 03:00:00,Pipeline,82.70802219987971,44.36357238146535,1.8901564774880801,56.45281398809184,44.60740453238792,None,0
2023-04-02 04:00:00,Pump,64.46164504635655,47.74629861348624,2.5764670884873864,51.599928566386374,19.524737087071124,Electrical Failure,1
2023-04-02 05:00:00,Heat Exchanger,79.27814395152903,39.991469991372334,1.6543325694186117,68.90017920915142,91.36321657648642,None,0
2023-04-02 06:00:00,Pipeline,57.98097769981665,46.74356267508409,2.3875447058728203,58.20718596398813,46.73780488822888,Leakage,1
2023-04-02 07:00:00,Pipeline,69.38662003557793,45.15935701073837,2.7556613996016015,87.80751972227685,98.23520841337681,Leakage,1
2023-04-02 08:00:00,Heat Exchanger,71.70510699782014,53.08714315463662,1.7721687509931696,51.14296554638792,41.27848959362673,None,0
2023-04-02 09:00:00,Pipeline,91.74859672914064,46.63292880220064,2.3685114277781567,74.41706041577011,85.2720442504409,None,0
2023-04-02 10:00:00,Pipeline,72.25197695247311,54.439019677894244,1.87909104373551,45.43755405498267,33.07467819623079,None,0
2023-04-02 11:00:00,Pipeline,52.987565265490815,56.992419965346606,2.4620490644203947,60.52518555756881,16.8537604039842,Overheating,1
2023-04-02 12:00:00,Compressor,55.011110931387506,53.905876681437995,1.2142554062118633,63.15418511411742,12.856002550642064,Wear & Tear,1
2023-04-02 13:00:00,Heat Exchanger,75.3402958634668,48.92305855569962,1.1772438774373268,49.74655686376393,64.55515839803053,None,0
2023-04-02 14:00:00,Pipeline,81.13770855789909,50.705572483527966,1.8043661425462296,58.30683173475775,38.041630450623046,None,0
2023-04-02 15:00:00,Heat Exchanger,78.75455857627253,42.3750752992797,1.5555375954701147,46.75671827390953,49.91678924282455,None,0
2023-04-02 16:00:00,Valve,76.6757010580099,49.331103137393804,1.7416454452850574,30.36004690043892,83.67823320407157,None,0
2023-04-02 17:00:00,Valve,86.62259597505667,45.697807659665834,1.89023670877643,42.93889809827272,32.32972771253219,None,0
2023-04-02 18:00:00,Pipeline,69.60408779262869,53.47163190574649,2.3600067659181256,72.00385034959203,37.77872290614219,Electrical Failure,1
2023-04-02 19:00:00,Heat Exchanger,83.94910556026825,62.86376194622237,1.7961697107170325,76.25778146912262,86.08025665528005,Leakage,1
2023-04-02 20:00:00,Heat Exchanger,58.679851149735825,52.49910817986905,1.5880693446884566,46.8121720283352,54.348604600915365,Overheating,1
2023-04-02 21:00:00,Heat Exchanger,65.95052167061934,40.04429925522667,1.8242433116205505,54.48257992908432,84.48986503472389,None,0
2023-04-02 22:00:00,Compressor,56.929586050681834,48.19384903542814,1.615427360096691,32.24193960831666,43.70284031196847,Overheating,1
2023-04-02 23:00:00,Valve,72.25154699330207,50.61245462687227,1.5329972489686428,44.22377406586084,45.853298274439766,None,0
2023-04-03 00:00:00,Heat Exchanger,74.53738782733657,50.43678712630132,1.1934915932115153,76.75315700233796,25.042452560043063,None,0
2023-04-03 01:00:00,Heat Exchanger,76.1410149222652,46.34593437195623,2.034739058110539,66.35917621590343,92.47112682354697,Leakage,1
2023-04-03 02:00:00,Compressor,75.61883352887135,51.22645871318468,1.7156471467014733,42.34623131726228,90.71053246113486,None,0
2023-04-03 03:00:00,Compressor,65.72446669188272,43.78749581540306,2.483139369617336,45.44651970734593,98.57953131082962,None,0
2023-04-03 04:00:00,Heat Exchanger,73.09759155586784,45.27545638657467,1.2763019539705298,79.00812137937362,46.22024144527404,None,0
2023-04-03 05:00:00,Pump,60.02553331394252,53.228988208018556,1.7289582224760607,42.54505217669405,83.67534475827779,None,0
2023-04-03 06:00:00,Heat Exchanger,88.6322897513225,44.92168384560087,2.9064536103293745,50.04946355082787,47.34583585049067,Corrosion,1
2023-04-03 07:00:00,Heat Exchanger,71.96373927101999,52.69105802746129,1.5301952414510753,69.86152149927867,50.886891002887545,None,0
2023-04-03 08:00:00,Compressor,70.11113880956309,43.15268112671971,1.881733373951938,63.66674314248472,84.6999454235342,Wear & Tear,1
2023-04-03 09:00:00,Compressor,90.88940328444083,58.82412941895868,1.392078008587316,57.65221231402886,25.963009379775976,None,0
2023-04-03 10:00:00,Heat Exchanger,62.57753466450771,46.128650387979725,1.3257862436095094,83.98446545878465,29.827984101557707,None,0
2023-04-03 11:00:00,Heat Exchanger,63.74412885968031,48.88166714098278,2.773655491543839,43.1826277629031,38.32554163562335,None,0
2023-04-03 12:00:00,Heat Exchanger,64.03779675131435,51.65306630545203,2.0855197463185737,74.48519345177999,80.93611292500518,Electrical Failure,1
2023-04-03 13:00:00,Compressor,74.32128618300518,47.17325023749453,2.0668394191188115,39.543830437091,43.53863944312745,None,0
2023-04-03 14:00:00,Heat Exchanger,79.31631629637597,50.717029805356525,1.151841882441889,66.9440300089287,42.23513874526854,None,0
2023-04-03 15:00:00,Heat Exchanger,82.39675468117834,52.87678362260063,2.1793706940541515,82.2374138046788,99.89347107297176,None,0
2023-04-03 16:00:00,Pipeline,100.7199531749497,54.803066162517425,2.578710972996913,57.474107128688274,44.54255287895315,Leakage,1
2023-04-03 17:00:00,Pump,52.50567545799236,53.957487179864785,2.574738530414265,73.45767043147973,32.299348268402824,None,0
2023-04-03 18:00:00,Valve,81.08735589124417,49.14094768098663,2.33416661480308,79.2236011799393,66.0892310380849,Corrosion,1
2023-04-03 19:00:00,Pump,69.42869427427769,49.26684112978199,1.4352572112022979,38.161585492656165,82.16919567595008,Overheating,1
2023-04-03 20:00:00,Pipeline,69.13584851111227,61.745542790125164,2.1565617085964957,72.3496137169266,16.264705035084333,None,0
2023-04-03 21:00:00,Valve,68.80227871746122,54.74944534124646,2.3337924802383037,85.19046143932059,65.70030080246275,None,0
2023-04-03 22:00:00,Heat Exchanger,65.91230329192027,45.39088171839893,1.1027782074555494,64.58223659133265,13.216191029220228,None,0
2023-04-03 23:00:00,Pipeline,91.84524834603451,50.49994081882776,1.4393602042591076,41.167334671725364,57.36991158815661,None,0
2023-04-04 00:00:00,Heat Exchanger,83.42297327013902,48.324284306109035,2.4440786608717207,37.61655189533658,33.129240738202824,None,0
2023-04-04 01:00:00,Compressor,75.23195978557375,49.323328830384455,2.438022888335964,45.58411982800487,37.59775279058671,Overheating,1
2023-04-04 02:00:00,Pipeline,88.51015752487001,43.85252421145956,1.2257084831893037,36.210796141000955,52.038636758414434,Overheating,1
2023-04-04 03:00:00,Compressor,59.874710347011245,47.94038382807023,2.397510729634586,60.80364429510285,93.43967146710283,Overheating,1
2023-04-04 04:00:00,Pipeline,61.69294868669074,59.05777886596957,2.047651699576809,34.18228096240408,73.96005759290888,Electrical Failure,1
2023-04-04 05:00:00,Pipeline,53.22032267805312,52.89538150437752,2.3905044773035757,43.40427747817358,94.31610366560467,None,0
2023-04-04 06:00:00,Compressor,68.00585459876713,37.5441929592427,1.6827393382830294,56.39462663473286,69.39739041028099,None,0
2023-04-04 07:00:00,Valve,76.61698526704753,56.083617462489734,2.322591748240451,58.434885024121286,10.63969723790737,None,0
2023-04-04 08:00:00,Pump,76.02858577932334,55.4481476145458,2.421914387242812,63.92390910881787,33.902667761290985,None,0
2023-04-04 09:00:00,Heat Exchanger,76.49341911059881,48.203573478467916,1.8243325322721442,72.3368977650436,91.51953199483366,Leakage,1
2023-04-04 10:00:00,Pipeline,60.88943168933918,53.58631771891608,2.008876273086643,32.83371837992805,67.91009688709703,Corrosion,1
2023-04-04 11:00:00,Heat Exchanger,83.03154742614022,45.703003945914,1.6757391852476733,34.837257130546995,98.34825129132474,None,0
2023-04-04 12:00:00,Compressor,77.39627518238999,47.64872141866822,2.8258194743429397,33.651549108286844,24.036761729646607,None,0
2023-04-04 13:00:00,Heat Exchanger,82.33054281465999,57.49273180334927,1.939864030337117,55.38901892789462,36.70730497958675,None,0
2023-04-04 14:00:00,Compressor,56.07237822409948,48.641349800651454,1.538987837411409,32.510876692976055,42.613089356533266,Wear & Tear,1
2023-04-04 15:00:00,Heat Exchanger,78.1149085879779,40.651341690225046,1.6420870430626249,74.76487600987957,39.39020363505795,Wear & Tear,1
2023-04-04 16:00:00,Pump,63.12234760082473,49.68348388609331,2.0633853005710567,43.38001086230867,32.67923771348926,Wear & Tear,1
2023-04-04 17:00:00,Pump,71.02676747448638,49.60705803542822,2.3766655858891057,86.35274959739752,49.91191441811001,None,0
2023-04-04 18:00:00,Pump,80.34364898636383,55.9918428468673,1.332086577424739,59.184225305826686,67.80683110324341,Electrical Failure,1
2023-04-04 19:00:00,Pump,75.91093606255913,50.0716821108788,2.9238300014712246,56.7795451465321,38.013123059802645,None,0
2023-04-04 20:00:00,Pump,66.4846002022068,47.89208844279854,2.154337647027808,76.83232155837001,17.172993098283012,None,0
2023-04-04 21:00:00,Pump,75.06273156184419,55.22528072615603,2.233227986484706,72.78923903357946,73.7679274203847,None,0
2023-04-04 22:00:00,Compressor,59.68464684756357,50.60395116250555,1.9514052280882819,66.43854245688857,51.31149002031418,Corrosion,1
2023-04-04 23:00:00,Pipeline,86.50267395898297,46.249886592171414,2.0096294836755626,86.10880237502221,60.08340754810569,None,0
2023-04-05 00:00:00,Heat Exchanger,72.94715980503749,55.77498780270809,1.9258584310362985,55.335555659224624,50.98605914475236,Overheating,1
2023-04-05 01:00:00,Pump,86.18549944255327,50.968308822584,2.50889798451798,78.51190054633719,90.13217531094192,None,0
2023-04-05 02:00:00,Compressor,69.73468312903957,50.01462983339719,1.9960357062733147,52.80557674474911,60.287049744974205,Overheating,1
2023-04-05 03:00:00,Compressor,69.76424011593417,50.88954195705827,2.3835251092463547,80.3007404577663,93.09491558665748,Leakage,1
2023-04-05 04:00:00,Compressor,67.35813213362154,44.64665814291702,1.783076238323714,45.56847773795812,55.95178074004002,None,0
2023-04-05 05:00:00,Pipeline,83.76173931693076,47.36173111910831,2.097820264156158,47.35602437016195,36.33293460162537,None,0
2023-04-05 06:00:00,Heat Exchanger,67.90568842671524,50.01791300916392,1.5980398278802894,70.67217204104725,41.98983284585769,None,0
2023-04-05 07:00:00,Pipeline,81.44595432415177,49.0266815248766,2.6082641162747686,42.762797697107786,56.9916364226307,None,0
2023-04-05 08:00:00,Valve,71.1754760233071,56.362141914082976,1.5831263796404422,43.749251221525725,57.699049402450775,Overheating,1
2023-04-05 09:00:00,Compressor,55.240367001083804,51.08702926363502,1.8375102778693368,48.315745741044886,71.86039313940539,Leakage,1
2023-04-05 10:00:00,Valve,69.29685932213533,54.274519613182015,1.8425197937726276,70.73572617962256,30.20453849679677,None,0
2023-04-05 11:00:00,Pump,63.208917856371514,50.04697677287925,1.823024306163116,83.36328554539392,69.29586099689516,Corrosion,1
2023-04-05 12:00:00,Pump,75.33902723682337,55.28144241873061,2.3612478847214686,70.47405906761921,80.0729207542677,None,0
2023-04-05 13:00:00,Pipeline,63.09592264325509,51.98763878286577,1.8416711176316782,79.66885466064751,70.8932790520291,None,0
2023-04-05 14:00:00,Heat Exchanger,84.25975100714616,50.0671024269423,2.6969622652705363,62.61363538166818,53.364529883583174,None,0
2023-04-05 15:00:00,Valve,74.08924139646973,49.9335845552049,1.590762456934916,34.13539328070872,99.25125860051506,Wear & Tear,1
2023-04-05 16:00:00,Heat Exchanger,73.2240400524126,45.22780686854519,2.0846887349713534,36.02797269051004,46.43318432162946,None,0
2023-04-05 17:00:00,Pipeline,81.55892137787583,52.534578600681556,1.6121070053437,63.26351870201493,19.593155312184628,None,0
2023-04-05 18:00:00,Pump,84.63906934075862,49.79897632731811,2.2104863912657335,49.668058118526574,83.93537938666087,None,0
2023-04-05 19:00:00,Heat Exchanger,74.79901248230348,47.490040199093976,1.992025136511615,43.234084418216554,29.09810969923764,Wear & Tear,1
2023-04-05 20:00:00,Heat Exchanger,67.28799700450709,55.53230885406036,1.9224689776507609,57.975415638157244,74.19570156121979,None,0
2023-04-05 21:00:00,Pump,57.260303838878706,43.748919870525995,2.594237483251762,69.98980445425809,26.10786544436133,None,0
2023-04-05 22:00:00,Valve,68.1395024296482,47.88752052283783,1.6728290644724484,53.09951686415151,11.518965177214543,None,0
2023-04-05 23:00:00,Pump,68.82787753352038,55.138593743897665,2.293257578809,78.15253542944049,24.38187434101231,None,0
2023-04-06 00:00:00,Heat Exchanger,76.07057452992296,51.57761470460127,1.6155200436626038,74.31139479428361,43.92898269182397,None,0
2023-04-06 01:00:00,Valve,71.54853118861973,49.760705361736214,2.0563426000801868,74.094892929574,19.595642241681844,Wear & Tear,1
2023-04-06 02:00:00,Valve,81.87932972051428,51.25501771575073,1.4022123358882772,89.11138138064331,27.791117581211385,Wear & Tear,1
2023-04-06 03:00:00,Pump,68.8701672872931,50.89707085524421,1.6687414268466298,47.71379864229809,78.81636499159536,Overheating,1
2023-04-06 04:00:00,Heat Exchanger,74.42958833147058,42.41668726857039,1.9589284772135676,68.6835351804537,79.28952471794176,Corrosion,1
2023-04-06 05:00:00,Pipeline,86.8398744319689,48.253690573260194,2.9073245836615387,81.32870040961882,83.57394044718791,None,0
2023-04-06 06:00:00,Heat Exchanger,78.41825213954967,58.08260827256875,2.0504019352298872,64.77146603483466,85.70397128928333,None,0
2023-04-06 07:00:00,Compressor,74.39962458311436,46.70337932611416,2.827334157933353,77.37013056692356,47.839230515237986,None,0
2023-04-06 08:00:00,Pipeline,68.98055558064823,48.40849492947833,2.110161645845459,54.86713115039474,88.07946946241756,None,0
2023-04-06 09:00:00,Valve,68.66768603285023,47.291896183454064,1.8064578777625304,65.42948073928828,57.33431875126388,None,0
2023-04-06 10:00:00,Pipeline,66.49386747048052,49.564923883409314,2.7696782613003466,33.3399835682597,52.353740524240735,Electrical Failure,1
2023-04-06 11:00:00,Valve,69.58993134217101,47.08438584337851,2.2185088110367093,89.1460563494888,74.66826960961983,None,0
2023-04-06 12:00:00,Valve,82.55665838744315,52.4337075107903,1.6786392030586432,78.00110888690503,29.24365702239165,None,0
2023-04-06 13:00:00,Pipeline,72.78111728707731,50.98656706145133,2.2352857297001485,82.12854429788698,81.05476391447247,None,0
2023-04-06 14:00:00,Valve,61.502269306187685,53.86773807553509,1.853702625046195,71.65765668857676,48.65192439095829,None,0
2023-04-06 15:00:00,Valve,92.68169293059783,44.7452941690552,1.005482901914352,41.16300196852197,21.456587260338438,None,0
2023-04-06 16:00:00,Compressor,78.19965191145162,48.29829758558548,2.4679865796328087,31.861706545081937,20.73807221652708,None,0
2023-04-06 17:00:00,Heat Exchanger,60.9305659948683,48.87138684193933,2.5474670278209643,81.87939646416082,24.84160694620301,None,0
2023-04-06 18:00:00,Heat Exchanger,70.58151072759176,52.278234550442974,2.9189710149961376,53.77983922416739,90.15154608194041,Electrical Failure,1
2023-04-06 19:00:00,Compressor,76.10886382828417,46.033894013964826,2.2110718460976315,45.8318925623952,99.18440400331427,Leakage,1
2023-04-06 20:00:00,Pipeline,92.04592093297377,54.57826902129172,1.8756382879587337,63.70037753033667,42.127641928115516,None,0
2023-04-06 21:00:00,Pump,63.91887541741131,55.932077952588045,2.417494713689293,55.25391134854316,36.29294669847678,None,0
2023-04-06 22:00:00,Pump,84.76040719355947,45.05563826182208,2.424910182659453,69.09995974125343,29.689387533490358,Overheating,1
2023-04-06 23:00:00,Pump,88.99486426972344,47.54563552553217,2.819140591568211,59.02759398327082,84.1434829450521,None,0
2023-04-07 00:00:00,Compressor,68.7134569492543,47.34034245853954,1.977686188466779,71.83398842641624,28.828673417698848,None,0
2023-04-07 01:00:00,Compressor,72.22486381139767,63.161931023387496,1.9172105137162028,81.20539617054857,93.16811169372427,None,0
2023-04-07 02:00:00,Valve,64.63690752626229,47.85049947396057,1.6422277901207363,41.73342065734734,70.06153410741544,None,0
2023-04-07 03:00:00,Pump,72.96538858919695,58.388127210780674,2.268731043362601,49.76597283392921,90.74150125022751,None,0
2023-04-07 04:00:00,Pipeline,74.63410025657069,43.66684002446695,1.2258691658845824,56.208935194238336,59.860886895473165,None,0
2023-04-07 05:00:00,Pipeline,81.59649998082371,45.05174516917818,2.388043686431282,87.7235068816583,72.16118759642471,Overheating,1
2023-04-07 06:00:00,Pump,85.90183471020447,46.566977340758996,2.293917560932895,51.92001681284911,65.75122905919369,None,0
2023-04-07 07:00:00,Pump,67.51903935378353,45.771553442767384,2.292535101229186,52.86599097555777,84.80759106914172,Electrical Failure,1
2023-04-07 08:00:00,Pump,55.326749357740056,48.66050632920751,2.0691126182509203,69.20835137757368,85.2274730067293,Corrosion,1
2023-04-07 09:00:00,Compressor,74.78755220723758,46.45610898639251,2.7664891237655422,55.15198259339695,63.08136998606126,None,0
2023-04-07 10:00:00,Compressor,77.9353752996864,45.90329203632713,2.4359967327134315,87.0734247383763,66.9256884396795,None,0
2023-04-07 11:00:00,Compressor,77.49417687685042,55.79235998236664,1.6964614043121502,83.66812562852664,92.9688328448047,None,0
2023-04-07 12:00:00,Heat Exchanger,71.73326752490956,56.118968112565824,1.7054104751511767,60.804526666540376,93.68798355684724,Overheating,1
2023-04-07 13:00:00,Pipeline,76.24752099663934,54.74648249187658,1.5601630932926815,68.68651403687099,69.78248055056635,None,0
2023-04-07 14:00:00,Pipeline,90.15444808352248,52.61999477792164,2.2756416663877936,33.48183371301723,10.697885035584719,Wear & Tear,1
2023-04-07 15:00:00,Valve,78.8173416896251,50.46371532889776,1.4999305393800215,71.74383168194389,19.39700932785469,Corrosion,1
2023-04-07 16:00:00,Compressor,71.26631574996915,47.514846546670455,2.541696071791676,72.43205237694193,87.21482785969745,None,0
2023-04-07 17:00:00,Heat Exchanger,69.99802182904004,45.23421247622454,2.6614866541727715,51.551957738592485,17.624270473372135,None,0
2023-04-07 18:00:00,Heat Exchanger,73.3014764232227,51.81497851716344,1.5604918655247744,43.18097301751636,29.216726276955974,None,0
2023-04-07 19:00:00,Pipeline,91.3673996183064,44.13184803726601,1.907225732703573,84.904704109021,30.749201219948663,None,0
2023-04-07 20:00:00,Compressor,73.16699290473802,45.03039535412303,2.008310490681207,55.60229404830766,64.02112928019145,None,0
2023-04-07 21:00:00,Valve,74.80205655479293,55.764566281024045,2.4419915802348338,69.22236628810265,61.89695180953878,None,0
2023-04-07 22:00:00,Compressor,70.17686429063697,59.50324520861044,2.8046716878049383,31.999727698575356,36.04757710783603,Corrosion,1
2023-04-07 23:00:00,Pump,85.98983357441965,51.966475690832404,1.1572538035657112,54.84402999461018,28.685022901159854,None,0
2023-04-08 00:00:00,Compressor,94.59837254744676,55.53228576147322,1.8409096412366586,79.0355286608328,78.80788268717282,None,0
2023-04-08 01:00:00,Pump,79.50613049431388,48.77075841278008,1.8669916522198264,53.2545600240429,94.19105400453786,None,0
2023-04-08 02:00:00,Pump,75.82772903785425,43.311629069561576,1.299665072556726,66.18966960821261,14.752511192479483,None,0
2023-04-08 03:00:00,Valve,75.36782833174234,53.06085809309292,1.7574449903479692,42.591348029072364,21.986241643437655,None,0
2023-04-08 04:00:00,Pipeline,51.15693211214254,52.84644661635032,2.2138844721753057,54.99153893037357,67.79475898351367,Leakage,1
2023-04-08 05:00:00,Compressor,82.45150864284817,50.35834276940122,1.8606605485802215,85.6582630831912,82.39973065042831,None,0
2023-04-08 06:00:00,Pump,76.34166415995844,48.78812270947444,1.2276894156962932,63.98710498206223,81.20698018987596,None,0
2023-04-08 07:00:00,Compressor,79.28342050660726,54.811052892905494,3.4370413490049567,84.11588754557589,74.77148377744203,Electrical Failure,1
2023-04-08 08:00:00,Pipeline,67.88537805916295,45.071334832862625,2.13308893260209,84.1211579693726,89.86851590482827,None,0
2023-04-08 09:00:00,Pipeline,71.15543121022908,46.131097105546715,2.0558470650533374,86.64886802546877,29.561399161373156,None,0
2023-04-08 10:00:00,Heat Exchanger,70.88975063496827,44.95946746619786,1.4510368184664768,83.72349960480632,19.656185184275245,None,0
2023-04-08 11:00:00,Pipeline,85.21622984073039,50.424864813179134,2.1303530809856377,30.19686774061804,65.38266730822315,None,0
2023-04-08 12:00:00,Valve,71.21240163396907,44.56053493945371,1.917893107979253,86.04089349489581,84.00483023710892,None,0
2023-04-08 13:00:00,Pump,95.82660322109797,46.57878909742378,1.055738293642297,38.247566345122586,62.38392206325159,None,0
2023-04-08 14:00:00,Heat Exchanger,79.30862419015037,46.47122218886401,1.4648722799927918,32.39557506666903,96.66977387130156,None,0
2023-04-08 15:00:00,Valve,62.243173400042686,48.69695833833021,2.3974630088369726,33.323312074683166,81.60080152526105,Electrical Failure,1
2023-04-08 16:00:00,Compressor,73.71453706748044,42.56312776798011,2.972008825000221,50.93497171058601,73.07126208183348,Leakage,1
2023-04-08 17:00:00,Pump,68.48324877843584,50.43602496018634,2.183582702521522,67.2482451161276,15.423156178456024,Corrosion,1
2023-04-08 18:00:00,Pipeline,53.056175301799755,56.23651825332339,2.5515416391466834,54.13867179113985,19.69680148585139,None,0
2023-04-08 19:00:00,Pump,90.9947094011379,50.677456861583806,1.922122345708395,31.53325707896277,80.63538693320749,None,0
2023-04-08 20:00:00,Compressor,82.03142542220004,57.70660572400661,1.9567269196596986,58.58895805048289,27.84141330193264,None,0
2023-04-08 21:00:00,Heat Exchanger,80.33207317899313,56.669990929384625,2.5454895138097324,56.5278445362228,12.59516584710915,Corrosion,1
2023-04-08 22:00:00,Heat Exchanger,76.65403660299704,53.88867523623927,2.8313886445897345,75.41095593009882,91.96846171722684,None,0
2023-04-08 23:00:00,Heat Exchanger,61.17982431307563,50.37342921318443,2.650548346732811,46.7767739055263,90.17248363311107,None,0
2023-04-09 00:00:00,Pipeline,70.16382860444563,50.1125019412272,1.4668184623075904,43.05187042766203,29.663544450834266,Leakage,1
2023-04-09 01:00:00,Valve,83.41780774784013,53.8189988618163,1.9665205548423772,45.35633746059757,80.21856322656592,None,0
2023-04-09 02:00:00,Valve,64.48779970217497,48.04164695247984,2.1387623422381474,48.22438935779088,14.318169509048957,None,0
2023-04-09 03:00:00,Pump,49.682306837491865,40.58739624266268,1.8701610182462354,65.94989240202999,35.65522034409368,None,0
2023-04-09 04:00:00,Pipeline,72.72893992219073,52.460020270514796,2.1939287717077978,58.29152912712479,66.13002174309624,None,0
2023-04-09 05:00:00,Heat Exchanger,73.58242445972462,44.344656850325144,2.4102884058344736,50.21367391074347,78.6861096542547,None,0
2023-04-09 06:00:00,Heat Exchanger,76.35563416414709,45.18929385904808,2.5014048759775704,52.45884949702071,10.935926990937062,None,0
2023-04-09 07:00:00,Compressor,82.28518643514536,50.00111973997894,2.8429350761107615,52.25541960953857,39.35877519463696,Electrical Failure,1
2023-04-09 08:00:00,Compressor,81.37605812231209,49.52437561223265,1.8352794476375827,88.34440168261904,29.29110040573066,None,0
2023-04-09 09:00:00,Heat Exchanger,77.58769805243922,42.93962196842185,1.317983417580343,43.97981928317715,99.89023651738512,None,0
2023-04-09 10:00:00,Heat Exchanger,86.9553138808671,50.8274578206657,2.1791172970072266,79.08369361633552,70.38840091467115,None,0
2023-04-09 11:00:00,Pipeline,59.81030219186685,54.830698304305244,2.941905515592401,72.49265025529122,46.51043075917694,None,0
2023-04-09 12:00:00,Valve,80.0458181447739,44.35829214867108,1.7615120700229705,30.334200336213037,16.808734178261652,None,0
2023-04-09 13:00:00,Compressor,81.26538363336942,56.362416654243795,2.34342348853186,89.59057308752928,63.88032317562674,None,0
2023-04-09 14:00:00,Valve,62.6043771391976,42.19914587435028,2.3478728962363213,75.38636223801441,67.75313238424579,Electrical Failure,1
2023-04-09 15:00:00,Pipeline,59.971293913176105,60.58662072185477,2.0957210236723043,70.94697518104748,83.47653347528217,None,0
2023-04-09 16:00:00,Heat Exchanger,67.54057873524398,47.943697847582584,2.003462360521857,54.31948246059824,35.971916762742715,None,0
2023-04-09 17:00:00,Valve,68.38458557484708,50.728084984134455,1.5382853971393038,63.312185334857375,98.32852724320868,None,0
2023-04-09 18:00:00,Heat Exchanger,82.5341946350243,40.53983213757165,0.8591689637897113,45.19625374004821,49.551916538255455,None,0
2023-04-09 19:00:00,Heat Exchanger,68.85461216308906,49.68931966765346,1.4440746466679855,32.12900430874185,36.63493791935443,Corrosion,1
2023-04-09 20:00:00,Pump,66.43651481718796,51.14241088859096,1.8048479254441503,80.16129950675838,41.360440060131204,None,0
2023-04-09 21:00:00,Valve,68.88366263305441,49.569189479502526,2.5487113437113535,83.7890696208703,56.76274476704114,None,0
2023-04-09 22:00:00,Valve,86.18632334154212,47.18459461473813,1.9484359688243122,39.748238196854395,94.30314080564145,None,0
2023-04-09 23:00:00,Heat Exchanger,75.13043374376952,45.267177407360926,1.7404871405409257,77.22336575074398,76.16429181274604,None,0
2023-04-10 00:00:00,Pipeline,73.20748974643088,55.652633097686554,1.5545072790232848,74.46916039713952,61.93986845174041,None,0
2023-04-10 01:00:00,Pump,73.89994501298949,50.15403567498975,2.32840291425474,40.702500116165425,24.65293491818756,None,0
2023-04-10 02:00:00,Heat Exchanger,87.92060334326523,57.70376188258386,2.6791785832153026,55.30972815448763,23.44179798017845,None,0
2023-04-10 03:00:00,Compressor,67.50828273396758,47.36758822602538,2.5317178609337296,55.3654752500462,55.19772224322076,None,0
2023-04-10 04:00:00,Compressor,88.15508290940105,47.826026533138915,2.3030748498792346,75.59785549831491,75.58378341414843,None,0
2023-04-10 05:00:00,Pump,77.10496298921504,54.077971222980814,1.2621936268085299,80.25965434656334,77.59109554795991,None,0
2023-04-10 06:00:00,Pipeline,73.39580618024652,41.885125189982176,1.8241628785781143,35.68650728348226,30.332294548863256,None,0
2023-04-10 07:00:00,Heat Exchanger,100.00900497934282,43.932683199235385,2.9736521144448376,63.77815409425217,19.008956156252793,Electrical Failure,1
2023-04-10 08:00:00,Valve,64.44360510201403,55.48742485676582,2.5609752459576125,75.70490981573312,44.60148903284105,None,0
2023-04-10 09:00:00,Pump,71.46314240432994,44.140330353884025,1.2312483908826375,77.1714356439095,92.63552889196669,None,0
2023-04-10 10:00:00,Pipeline,62.67568760835999,40.90474492348726,1.9722047384003643,38.87961146582454,59.083052740244405,None,0
2023-04-10 11:00:00,Valve,84.52461970536169,59.342635940365454,2.1815492163305192,61.53030858904765,38.80897901485969,None,0
2023-04-10 12:00:00,Compressor,91.89188933651678,43.030911760628975,1.61892076848689,81.45352238176218,39.12739015052095,Wear & Tear,1
2023-04-10 13:00:00,Compressor,91.6992278140464,50.92059699164085,0.8453979892955756,49.111114595117044,21.887834069996646,Corrosion,1
2023-04-10 14:00:00,Valve,87.23948753146004,50.34542596362136,2.049412022508216,55.50701393470783,52.59013624955422,None,0
2023-04-10 15:00:00,Pump,73.02379532204034,35.94685841690958,1.6061208711897803,78.26151068017995,81.22264106633546,None,0
2023-04-10 16:00:00,Compressor,71.34759022510154,48.66341488416096,1.608079130457658,35.35917127102574,97.17028223746071,None,0
2023-04-10 17:00:00,Heat Exchanger,58.28830227505935,52.24206624739555,1.822659820034621,81.5695973933387,55.143549996217786,None,0
2023-04-10 18:00:00,Valve,95.35873535181793,51.771546907594306,1.9331620426725942,48.669403003848544,25.04934242584196,None,0
2023-04-10 19:00:00,Valve,79.68978078148467,54.517603419017505,1.9954586029521568,30.08701899546763,71.4655359822578,Wear & Tear,1
2023-04-10 20:00:00,Compressor,70.08043095130517,48.06254342547283,1.5580050505389993,44.0495487033815,78.11122084707658,Wear & Tear,1
2023-04-10 21:00:00,Pump,88.28056888986967,53.562522210460806,1.8898952351829612,35.37003845373039,16.452977448079196,None,0
2023-04-10 22:00:00,Heat Exchanger,65.2723548324,46.55335465959964,1.1212883147986226,35.54309441977465,86.5125216668106,None,0
2023-04-10 23:00:00,Pump,79.06622034222674,42.94766291793613,2.155519532684039,71.57014404855549,84.63901509962716,None,0
2023-04-11 00:00:00,Pipeline,73.27370865709165,43.51135812159384,0.5718622933294213,42.838580138343886,52.52869486352061,None,0
2023-04-11 01:00:00,Pipeline,81.386771398803,42.689447724022926,1.8552549597831902,86.08454177861896,60.43802667542815,None,0
2023-04-11 02:00:00,Compressor,74.36426460813878,55.04792983945597,2.459593076838477,60.98667279547824,74.20672573398272,Wear & Tear,1
2023-04-11 03:00:00,Compressor,60.49072108888776,42.42713245470722,1.4703296563625867,57.605895477295114,70.90733125565734,Electrical Failure,1
2023-04-11 04:00:00,Compressor,75.75576372670038,51.37019420324651,2.3582151018287,56.0570110932091,11.488238037388816,None,0
2023-04-11 05:00:00,Pipeline,85.48864141875362,48.670379029637836,2.5778663560604462,71.55525838029791,21.01917734636372,Wear & Tear,1
2023-04-11 06:00:00,Pump,74.70783594146015,49.486757132746845,0.3460500237513058,57.13576575141651,24.633150020312115,None,0
2023-04-11 07:00:00,Pump,82.75115121589086,56.8180364759985,1.9243185482121288,37.71602137351151,78.0108300164889,None,0
2023-04-11 08:00:00,Compressor,64.54470514325946,47.807863163923635,0.5621132861858624,82.8103308384454,49.6075206603142,Leakage,1
2023-04-11 09:00:00,Heat Exchanger,74.73739206730149,53.05800780774842,1.940895777214527,55.70372093553952,59.09523637481426,None,0
2023-04-11 10:00:00,Pump,68.75489544911423,50.18781675690556,1.9964143945093367,34.44027454197015,79.54186932059358,None,0
2023-04-11 11:00:00,Pipeline,82.4698084010471,49.23990547183651,0.7587280070445808,61.76195924986567,40.68840421576817,None,0
2023-04-11 12:00:00,Valve,75.31491562261996,61.499845621932366,2.962419181039933,68.84081150734221,77.40012045868957,None,0
2023-04-11 13:00:00,Valve,81.90073676336613,42.79329127142315,2.1430079038173124,46.53494784946551,49.806934716660365,None,0
2023-04-11 14:00:00,Valve,85.87710426157867,56.445659177187224,1.5754882839589823,78.02042446043055,43.946216899678596,Wear & Tear,1
2023-04-11 15:00:00,Heat Exchanger,81.91618575121389,53.28203282744986,2.7326897137492594,70.18655076224182,39.973353764926614,None,0
2023-04-11 16:00:00,Compressor,77.73118434293644,47.60237502684108,1.1021933896788416,69.02047015586601,96.84503339431446,Electrical Failure,1
2023-04-11 17:00:00,Pipeline,65.01787741488594,58.14659258720806,1.3854144832408415,55.24949717206765,79.4776069638081,Leakage,1
2023-04-11 18:00:00,Heat Exchanger,74.97213889333099,40.75944943805732,0.8502722381650507,87.71491808467727,11.817634669617643,None,0
2023-04-11 19:00:00,Pipeline,69.66909597984167,47.39116671350464,2.900522598269667,46.45135007695486,96.16739378663816,None,0
2023-04-11 20:00:00,Pipeline,71.55936043295773,43.95758897865462,2.166173185736002,64.66233006092716,79.78956667540061,Wear & Tear,1
2023-04-11 21:00:00,Compressor,71.2546584924975,52.0604173243573,2.3297008949242475,48.54330944835705,23.425724300883,None,0
2023-04-11 22:00:00,Valve,65.20074425217756,44.43467949406411,2.150500616959238,74.68828517829324,16.87043128701854,None,0
2023-04-11 23:00:00,Compressor,55.426614108660104,52.165319733706596,2.2868838805722924,32.86748903220729,37.737468429350805,Leakage,1
2023-04-12 00:00:00,Heat Exchanger,68.31856951672233,49.06781792089223,2.039038856947995,32.75363207250295,66.17633764114555,Wear & Tear,1
2023-04-12 01:00:00,Heat Exchanger,76.93379451924159,47.60323028671958,2.1354606713537208,78.65165817112748,65.48920202345207,Leakage,1
2023-04-12 02:00:00,Heat Exchanger,61.5182295457251,51.943236230166555,2.053801718111475,56.05608966382026,34.82651126342984,Overheating,1
2023-04-12 03:00:00,Compressor,75.15682236471625,48.65689188030968,1.6957040972153608,50.47080327602134,50.1107480791676,None,0
2023-04-12 04:00:00,Pipeline,94.00268424310966,44.556825784704806,1.9766876173926655,66.45161173052031,29.070114014236193,None,0
2023-04-12 05:00:00,Pipeline,85.23056555252239,64.0068649481749,2.1367972866308387,72.11396063213842,14.552081665006373,None,0
2023-04-12 06:00:00,Pump,91.4354150912053,47.564164084854276,2.0552745597760653,42.072080810664396,56.52734206841908,None,0
2023-04-12 07:00:00,Heat Exchanger,78.91127876932727,38.91195459923993,1.2611139461233414,41.12587448428389,41.22920208268343,None,0
2023-04-12 08:00:00,Pipeline,86.67509822986446,45.78950655139306,1.3275066656957955,87.48904486559289,58.8594189068137,None,0
2023-04-12 09:00:00,Pump,67.76035269532213,43.66361655813635,2.5414207169581955,65.37985838307415,95.18565902234064,None,0
2023-04-12 10:00:00,Pipeline,68.55659732978016,54.13072808020258,1.846502977058299,53.406988637656085,22.9033280525789,None,0
2023-04-12 11:00:00,Heat Exchanger,47.60859793862527,51.60826329795793,2.29236267351797,78.08650168017039,10.17658164798598,None,0
2023-04-12 12:00:00,Valve,86.86145474042299,51.99356400895172,1.4539400451388018,61.50953752667503,16.919039195391267,None,0
2023-04-12 13:00:00,Heat Exchanger,90.40323979819885,48.149887670813776,1.263427061676735,44.49976862247488,51.64374664914661,None,0
2023-04-12 14:00:00,Compressor,69.4682275465273,48.603248764715396,1.5782016937341434,42.40411833849443,73.62388268220911,None,0
2023-04-12 15:00:00,Pipeline,72.46048293602765,48.14534448196166,1.8887174646142935,53.8115559701893,62.26872429854701,Wear & Tear,1
2023-04-12 16:00:00,Pipeline,67.46137886309039,49.594034079322654,1.6674298503577938,81.59375161559278,54.54051466363723,None,0
2023-04-12 17:00:00,Compressor,78.82653551477492,54.176667176824175,2.646966761552857,33.68687496265554,41.85668179831711,None,0
2023-04-12 18:00:00,Compressor,86.24932545303241,51.68037706252673,2.0897616507687307,43.111560045285785,37.89767543783509,None,0
2023-04-12 19:00:00,Valve,57.57228026118959,52.50056414810433,2.924469309280929,83.58910913115548,43.865755759448206,None,0
2023-04-12 20:00:00,Pipeline,79.09438530642252,52.497794541246016,2.2022040770357085,37.30407413815503,65.04714586081641,None,0
2023-04-12 21:00:00,Pipeline,72.23328228280855,54.42221218690869,0.7937245910400945,67.77754309585009,25.09785602789826,None,0
2023-04-12 22:00:00,Valve,76.13394391966689,51.44075020770127,2.5280208032292775,42.810682087261505,79.42258747491631,None,0
2023-04-12 23:00:00,Pump,79.58994001674291,51.79424036339459,1.2452241887650226,66.3520108507133,61.772791608379926,None,0
2023-04-13 00:00:00,Valve,73.11797561227179,55.944031205965786,2.1152668336056695,52.986250010653926,34.22407398502848,None,0
2023-04-13 01:00:00,Heat Exchanger,73.96413146594219,46.67477040998444,1.6126579711680775,36.10061378585951,55.10376665301553,Overheating,1
2023-04-13 02:00:00,Pipeline,72.86124832445361,45.72128710024246,3.071355517232093,64.94850405324638,96.65008189166498,Electrical Failure,1
2023-04-13 03:00:00,Compressor,84.70316201788282,44.070392004065724,2.7197989637150677,70.98256482507516,11.844237623067462,None,0
2023-04-13 04:00:00,Heat Exchanger,79.18759960127497,50.91457281810128,1.629089679149121,70.81635713794816,27.957037681110627,None,0
2023-04-13 05:00:00,Pipeline,77.2058353773736,40.731338793904385,1.9363211659394441,68.22206454436258,50.35422159129502,None,0
2023-04-13 06:00:00,Valve,62.290482789077174,52.31077048029839,2.122299034824609,60.013486856132744,67.45957496018454,Overheating,1
2023-04-13 07:00:00,Heat Exchanger,71.21420256786845,49.454034527497235,2.4317070357808053,61.168357011559536,29.100543965693667,Corrosion,1
2023-04-13 08:00:00,Pipeline,83.98669160339175,55.67319849910528,2.0145759561625063,68.13840658847758,93.82635535385766,None,0
2023-04-13 09:00:00,Pump,75.37696573123922,46.640413447675044,1.4875525503095666,71.41556170479846,67.8314811182178,Corrosion,1
2023-04-13 10:00:00,Pump,81.59531469589139,48.98340857291247,1.6412206803999736,69.2926043298831,88.96887540607875,Electrical Failure,1
2023-04-13 11:00:00,Compressor,92.66511800327633,55.611016666466845,1.9977591018116043,65.2167338948071,39.63861372252867,None,0
2023-04-13 12:00:00,Pipeline,85.38606069208817,56.91567823389076,2.6172284893823456,39.350339088247104,84.60585408759665,None,0
2023-04-13 13:00:00,Pump,75.93158337699742,46.5992381712409,2.213918930268022,42.63699230957171,44.03972952095016,None,0
2023-04-13 14:00:00,Valve,69.89010829804273,50.9089061629358,1.6132925366924922,45.6134412621209,32.747659521508446,None,0
2023-04-13 15:00:00,Pipeline,49.46450403944102,51.472094888420244,2.324186388854895,85.17969942525013,92.04898052474137,None,0
2023-04-13 16:00:00,Valve,73.31615077527148,51.86826702810574,1.80650758056092,75.56370550781799,18.29966281109691,None,0
2023-04-13 17:00:00,Valve,71.73987504183151,48.68712170342189,2.4452040025934205,63.1720091722127,94.85999164507638,None,0
2023-04-13 18:00:00,Pump,78.90366194395375,56.40691699061817,3.2635052091643026,45.12341571264281,51.2663685280845,None,0
2023-04-13 19:00:00,Pipeline,73.46094773025312,40.55148258189227,1.8205868145282254,36.653491394650274,99.33629261372755,None,0
2023-04-13 20:00:00,Heat Exchanger,71.79614940563205,47.89434882599458,2.4008025798631856,83.92555355879848,58.56351883615259,None,0
2023-04-13 21:00:00,Pump,57.2060106949278,52.239653663864736,1.6273033339811351,83.55996094937503,78.17393548740728,None,0
2023-04-13 22:00:00,Pump,65.60032170849934,52.28612405974672,1.9438681164043512,36.64173574174149,10.63639147042036,Electrical Failure,1
2023-04-13 23:00:00,Pipeline,79.76651040800557,56.763795153073815,2.0147811434360507,77.83299996578977,54.700013796414865,None,0
2023-04-14 00:00:00,Pipeline,92.15907631132694,55.99112696600643,1.9031581699778097,56.79870415859476,76.37081244563038,None,0
2023-04-14 01:00:00,Valve,74.02474616254376,48.57229187346388,3.231506844387512,49.438015969832406,80.45443179626041,Overheating,1
2023-04-14 02:00:00,Pipeline,78.27811073574124,56.49935621765302,1.8467034626608088,74.34627217252243,24.224372434143824,None,0
2023-04-14 03:00:00,Valve,84.52478156952806,46.42979128111273,2.293425769392434,66.85977246364384,47.707385534450076,None,0
2023-04-14 04:00:00,Pump,66.8910606379975,54.65443691395919,1.034956565338284,76.80180645560024,47.71647623074048,None,0
2023-04-14 05:00:00,Compressor,78.66814043285443,59.05261239210496,2.215998281684805,34.459731637976226,19.32767276491503,Overheating,1
2023-04-14 06:00:00,Heat Exchanger,67.59509893667841,56.074720534274846,2.5710272961761236,49.11522119744738,49.874095692232,None,0
2023-04-14 07:00:00,Pump,83.64824438491011,50.528851917620614,1.7362013287104745,49.15901102500415,82.63836628264049,None,0
2023-04-14 08:00:00,Pipeline,76.51403047951733,48.34110614113939,0.7448889294797936,49.78518553726593,37.01626638570883,Leakage,1
2023-04-14 09:00:00,Heat Exchanger,77.9845181398144,42.35704351870357,1.9806741155863374,60.14879235862833,48.93170697044948,None,0
2023-04-14 10:00:00,Compressor,67.1740140258141,51.55269818957102,2.008591925192764,46.98082818485685,96.48628165559283,None,0
2023-04-14 11:00:00,Compressor,82.07032359610785,44.423913860145404,2.362037525372152,56.66301660525119,12.8537268302406,None,0
2023-04-14 12:00:00,Valve,95.84712921231016,46.03432668193032,3.005451517706717,52.06665558692495,63.23695911058201,None,0
2023-04-14 13:00:00,Heat Exchanger,64.92088304571794,44.04627099631664,1.8099731746998466,74.11776288123068,76.90924825998663,None,0
2023-04-14 14:00:00,Valve,71.60240992352476,47.69803833671672,1.5718559381698598,66.210047740503,78.47941906280606,None,0
2023-04-14 15:00:00,Pump,77.31607474168092,49.86015292756509,1.4165410993142784,69.21776593903893,74.43442223956399,Overheating,1
2023-04-14 16:00:00,Heat Exchanger,82.86406211995816,51.36807290582853,2.0990393085158,42.63503364495867,75.38062991215928,Leakage,1
2023-04-14 17:00:00,Pump,69.40453714710532,46.997466822930186,2.239677129409251,49.53012991961336,15.311139910574488,None,0
2023-04-14 18:00:00,Valve,46.6696970985726,55.346418531975914,1.7271723028187078,31.269926856724457,58.072295722269956,Wear & Tear,1
2023-04-14 19:00:00,Heat Exchanger,88.59189494164025,48.958973710050174,2.3893413728628947,36.502482437590196,80.46721644915304,None,0
2023-04-14 20:00:00,Valve,82.60506119584143,46.061387833672406,2.2326920384095876,45.90325391933324,18.465854413359665,None,0
2023-04-14 21:00:00,Heat Exchanger,57.57052469513335,51.131461336217185,2.021615844822445,33.92782327812127,11.084493014818108,None,0
2023-04-14 22:00:00,Valve,68.92431208220444,59.817764167719076,1.5487926396279372,66.15794402128215,83.31056484396923,None,0
2023-04-14 23:00:00,Compressor,90.68182429527326,51.675802832675586,1.7590678422576385,89.88780695542951,74.10649488098403,None,0
2023-04-15 00:00:00,Valve,89.47796418457867,48.18572186313197,0.7851223511587275,36.04891284392331,47.098577522299834,None,0
2023-04-15 01:00:00,Compressor,84.38640022678945,42.36269321940648,2.117893532099017,79.2738127601559,94.63567893167547,Corrosion,1
2023-04-15 02:00:00,Valve,73.23887566040138,48.90293839513965,2.0131706443737176,37.12897483590883,78.99382851863241,None,0
2023-04-15 03:00:00,Heat Exchanger,75.8298741881251,51.17464062544058,2.0942394955447434,70.19484112778616,97.10748474459197,None,0
2023-04-15 04:00:00,Heat Exchanger,73.69074194873873,48.06209554372215,2.25215950778228,68.58945618354103,93.63837335927205,None,0
2023-04-15 05:00:00,Heat Exchanger,86.28239783268837,41.673076808795,2.1929107432161117,84.16301608867195,53.31642426813764,None,0
2023-04-15 06:00:00,Pipeline,66.2415759350489,45.74717305248283,1.9448084096769824,36.836736820830744,77.92380807792094,None,0
2023-04-15 07:00:00,Pump,66.94200345115796,57.27269230443879,2.0243340215813763,48.92666796491387,70.2272249926875,None,0
2023-04-15 08:00:00,Heat Exchanger,85.10274586836016,57.170005018652304,1.2978417916519152,35.446785621281144,83.03006890832424,None,0
2023-04-15 09:00:00,Compressor,74.55638544488438,45.56680415397701,1.708139677155287,54.44299954826603,80.89195620258928,None,0
2023-04-15 10:00:00,Heat Exchanger,88.78467355453807,53.36378393599711,2.0252355268417306,84.6955904134467,23.79087730299041,Wear & Tear,1
2023-04-15 11:00:00,Pipeline,68.28487793019454,44.10713607614913,1.6320732120438197,76.89138906371136,31.03619786276917,None,0
2023-04-15 12:00:00,Compressor,74.45221639661175,57.021581409974765,2.4300753979362733,73.37400602671914,33.91584194598106,Corrosion,1
2023-04-15 13:00:00,Pipeline,65.77587015156047,51.22617923947118,1.6706839595224847,61.98165029176212,83.66487032953094,None,0
2023-04-15 14:00:00,Compressor,75.07362681423567,54.74820749308267,2.1081527056241582,83.00914454013137,82.966753353627,None,0
2023-04-15 15:00:00,Valve,60.21453063001201,41.4245332640873,2.058282828407668,56.966507894479705,54.58018122454979,None,0
2023-04-15 16:00:00,Pump,70.12366579045037,53.38818550962444,2.373138796805205,38.9811400260383,62.274903332672906,None,0
2023-04-15 17:00:00,Pump,60.63746135071882,49.961629681577485,2.450395587014151,80.25511338724675,84.42299376715599,None,0
2023-04-15 18:00:00,Pipeline,81.93923233191258,54.25964535395421,2.3470163054839697,46.77829968310361,38.13342406099689,None,0
2023-04-15 19:00:00,Pump,82.16589339759652,54.57433899048925,0.9469968993084332,33.218012461466884,14.516089922472696,None,0
2023-04-15 20:00:00,Pipeline,57.697372695156545,50.32892344737375,2.597074074006563,37.56228184012748,53.43367944512505,Leakage,1
2023-04-15 21:00:00,Pipeline,88.33885745500572,46.99585180452043,2.763654112097299,66.5435349716489,92.23454294638046,None,0
2023-04-15 22:00:00,Pipeline,99.97415126419854,53.89848091089747,1.7589378578392654,66.42491783527035,81.14214348640657,None,0
2023-04-15 23:00:00,Pump,75.46006386736342,49.69922750297436,2.118323456336425,45.610990264922066,42.995557279763716,None,0
2023-04-16 00:00:00,Pipeline,68.58885739775356,45.63607523236179,1.554584159934609,73.63080887675875,15.829422443455304,None,0
2023-04-16 01:00:00,Pump,103.24330591003047,45.39923884271157,1.0258107466339244,76.41840932397207,67.3227554844259,None,0
2023-04-16 02:00:00,Pipeline,61.8103150169749,42.61417791843809,1.6306423672288068,85.23015756801709,85.1041716283468,Corrosion,1
2023-04-16 03:00:00,Heat Exchanger,75.20106466869099,47.448544202184685,1.729930480268195,65.09624992069422,69.84537098091747,None,0
2023-04-16 04:00:00,Pipeline,76.79622272631923,55.51346023037189,1.8225746343240923,76.76540184885437,48.25671982867177,None,0
2023-04-16 05:00:00,Compressor,88.45147620452414,50.88914899852717,1.520542954997006,75.18598078629802,21.10182518611642,None,0
2023-04-16 06:00:00,Pipeline,78.59738975126788,47.351161470384795,1.6332874165913807,45.46854290803157,91.96968197236194,None,0
2023-04-16 07:00:00,Valve,70.01366104211549,54.0242796909004,1.9944968391857962,48.613555676259566,34.836249317804466,Corrosion,1
2023-04-16 08:00:00,Pipeline,65.48815629612044,45.83761689138306,1.614886508444929,58.708943745172284,30.18583328436634,None,0
2023-04-16 09:00:00,Compressor,71.58178179753864,50.476751371663894,2.271762166275014,31.14233805175491,83.43789990486887,Wear & Tear,1
2023-04-16 10:00:00,Compressor,64.93072639054856,49.101848136372425,2.34083032569872,47.843866389463415,98.30979448514714,None,0
2023-04-16 11:00:00,Pump,75.47825319784683,53.89565312794176,3.1901938730822446,58.43297240065428,69.41442328702843,None,0
2023-04-16 12:00:00,Heat Exchanger,69.35803820139513,42.113858145402496,2.562839966061731,36.48415771686862,66.23294401220956,None,0
2023-04-16 13:00:00,Pipeline,60.059622067102495,45.74901127092672,2.1215515291642073,37.576553266507524,38.748778229895635,Electrical Failure,1
2023-04-16 14:00:00,Pump,87.55145788374904,41.80877170452733,1.6898678516661607,57.79420414424047,11.83721056166164,None,0
2023-04-16 15:00:00,Heat Exchanger,70.0232747657096,48.70201639095365,2.1468736758369995,73.85790189515586,27.261807924043868,Overheating,1
2023-04-16 16:00:00,Pipeline,62.318631950246875,56.05713751816215,2.163297979958178,80.02493585524098,62.59873929009147,None,0
2023-04-16 17:00:00,Valve,73.31740865512458,47.47276395173236,1.7433434554971696,62.77883385028491,23.6184815634441,None,0
2023-04-16 18:00:00,Pipeline,75.6837156596766,47.44658030902175,2.3918656983764386,58.48493925280387,89.54522262381944,None,0
2023-04-16 19:00:00,Compressor,57.53533274420967,54.358622120920685,1.3009509926590623,53.05683410758532,26.933021906759667,Overheating,1
2023-04-16 20:00:00,Compressor,78.31647667125763,55.3427477922765,1.8778000822312446,41.57693954625637,56.98940077107114,Electrical Failure,1
2023-04-16 21:00:00,Valve,64.52842431309736,49.557144663656054,2.2779292296587035,38.79372016886188,56.08119211919154,None,0
2023-04-16 22:00:00,Pump,92.11028809190788,53.42357427024946,1.8562079262039515,77.51378709970848,64.35510671166855,Overheating,1
2023-04-16 23:00:00,Heat Exchanger,80.23960512076735,44.61522729561027,1.8966227982853643,57.90039793274017,39.469066274623515,None,0
2023-04-17 00:00:00,Pipeline,71.00100009890683,56.88987166962707,1.9311070694038597,77.41921472878528,88.61807809587837,None,0
2023-04-17 01:00:00,Compressor,67.5483222968265,60.74353146968526,1.5821993796561271,72.24498215403779,49.98713823775626,None,0
2023-04-17 02:00:00,Pump,73.95032292436376,52.60607895594362,2.586950465787104,41.63375486300273,73.01382208629167,None,0
2023-04-17 03:00:00,Valve,81.1279074158329,39.578341893285995,1.4909811640385926,60.61843585267354,67.23197748700329,Electrical Failure,1
2023-04-17 04:00:00,Compressor,74.745058714148,47.20884868801108,2.1590796637049428,56.64099782536084,20.544047480773294,None,0
2023-04-17 05:00:00,Valve,72.82841192863144,53.064126608346605,2.206823949141187,55.432410365441804,66.03754174323502,None,0
2023-04-17 06:00:00,Pipeline,75.58370290817895,47.89258501416818,1.5256890493955166,62.55426295222883,59.56324101829863,None,0
2023-04-17 07:00:00,Heat Exchanger,68.96141068763045,56.36099277125049,2.0365521271903715,88.92491406452628,90.87436569303154,None,0
2023-04-17 08:00:00,Compressor,71.56794073156962,52.94078632217933,1.5451839136276488,78.77403586024471,89.2788972836413,Corrosion,1
2023-04-17 09:00:00,Compressor,54.14207561094996,46.46762249617102,2.6955212375279727,84.2227458978235,23.585930867048173,Overheating,1
2023-04-17 10:00:00,Pipeline,84.73726230852368,50.16132405385626,1.4306085315118935,31.778374990562252,17.35166310279469,None,0
2023-04-17 11:00:00,Pump,77.98797780321762,45.53083389680455,1.673051452884018,38.42018200755035,36.51329972897819,None,0
2023-04-17 12:00:00,Heat Exchanger,67.2654415596657,49.08707560793779,1.3878874958222096,35.08581961347381,98.79515710158779,None,0
2023-04-17 13:00:00,Compressor,93.98734981355238,47.227033797837244,1.321150636566224,45.7938603039166,11.941639876568507,None,0
2023-04-17 14:00:00,Heat Exchanger,75.87016480392387,55.87380900116519,2.7956076454411467,56.513549517999024,70.56030156155892,None,0
2023-04-17 15:00:00,Compressor,64.63856428024803,60.580060284154975,2.271387336956281,68.52319485935337,64.76623604568795,None,0
2023-04-17 16:00:00,Heat Exchanger,83.56737421470459,42.84405833382124,2.070146712850272,60.04987597719612,68.19204524120352,None,0
2023-04-17 17:00:00,Valve,78.98048216509262,40.38391856895124,1.6717115183265392,84.19103489478839,29.645730079366732,None,0
2023-04-17 18:00:00,Compressor,78.94579985484219,48.77413789074307,2.4538059055233843,86.39135753363183,30.404561121986493,None,0
2023-04-17 19:00:00,Heat Exchanger,70.7424439534841,42.407921505856585,1.5878887803162736,39.811257071847535,48.757787395644215,None,0
2023-04-17 20:00:00,Pump,79.50495723778035,50.23105801835459,2.3968196471650516,81.17477521588711,18.62720263602607,Leakage,1
2023-04-17 21:00:00,Valve,72.38241709778906,53.74468056902963,1.5637443616971818,58.903332240798065,16.715188811704618,None,0
2023-04-17 22:00:00,Valve,80.55941451645842,57.47070948633412,1.6777461490621641,57.199768279043056,17.952350813748748,None,0
2023-04-17 23:00:00,Pump,55.95055545989361,51.0069727935764,2.3791411930589605,77.0963609090741,61.568125417563195,None,0
2023-04-18 00:00:00,Heat Exchanger,70.66126537020811,49.034223875752105,2.431913672077884,35.58843054269259,45.796767120810436,None,0
2023-04-18 01:00:00,Pipeline,92.22155097808195,40.10807541713458,2.2987364669483807,82.9495876451488,36.42551025915462,None,0
2023-04-18 02:00:00,Pump,67.329325445997,50.13092574592899,1.4751629421216026,70.25180127285688,38.4237441686175,None,0
2023-04-18 03:00:00,Heat Exchanger,68.96161702506814,50.356436302747305,1.7766365671385855,82.51569645947987,28.655497526416635,None,0
2023-04-18 04:00:00,Pump,70.52038661550024,53.19478407106373,2.0784493705992566,89.66865466245737,47.03548017897414,None,0
2023-04-18 05:00:00,Pump,62.85193864111356,46.45755949235455,1.5753595190449543,61.0802671414352,28.275226227997063,None,0
2023-04-18 06:00:00,Compressor,52.91719223771748,47.824736998820704,2.6854813800646467,35.59573187453574,72.82414380693993,Overheating,1
2023-04-18 07:00:00,Heat Exchanger,72.69413601476387,42.60998872347908,0.7990265280247271,39.99143177585319,21.153926138854253,None,0
2023-04-18 08:00:00,Pipeline,76.35859424081657,38.54353596557967,1.6106302423154235,49.41709455325859,95.34178761227618,None,0
2023-04-18 09:00:00,Compressor,74.47494931461348,44.457514546016085,1.7452167485650842,36.21317652808257,18.083704611455396,None,0
2023-04-18 10:00:00,Pump,73.55121438052113,42.14837092873492,0.5780281676141161,78.9205095682662,94.91146428518884,None,0
2023-04-18 11:00:00,Pump,75.43040870850388,51.683561477103055,1.3018854348819047,47.81207106196611,84.9965474368366,None,0
2023-04-18 12:00:00,Pump,85.22841471550764,47.40932971666572,2.3126447562710344,88.55317128119191,71.26409085520423,Leakage,1
2023-04-18 13:00:00,Heat Exchanger,73.09553814070783,47.308814349626054,2.015141818276482,72.15548591591134,92.10714900089353,None,0
2023-04-18 14:00:00,Heat Exchanger,69.2591742291273,45.07793476912394,2.7865680110214512,40.40582221533346,22.52969141656392,None,0
2023-04-18 15:00:00,Compressor,72.18874515111914,33.83717283743783,2.7726132229424096,58.56255881663642,25.868329676822377,None,0
2023-04-18 16:00:00,Pipeline,80.79346759756775,57.54155374373775,2.2165231893019732,58.013053297999264,32.69373328529342,None,0
2023-04-18 17:00:00,Compressor,89.1202687854325,44.99864738611606,2.156619124500356,59.55069950001803,32.033037408930184,None,0
2023-04-18 18:00:00,Valve,68.71856260830822,47.93789965075047,2.0329655542894502,62.14147023857613,37.97634438344441,None,0
2023-04-18 19:00:00,Pump,75.98933787028884,42.72553917355345,0.672458991060255,31.87038493906385,61.8067808445784,None,0
2023-04-18 20:00:00,Pump,78.38357441935959,54.85965171720317,1.3027202433369625,71.1780675446174,12.535535017459416,None,0
2023-04-18 21:00:00,Pump,65.07421993271177,50.717144685186625,2.050337751549467,59.2315065173066,44.40453355359782,None,0
2023-04-18 22:00:00,Compressor,75.20417167212918,45.86817357367066,2.308012854373836,77.45792393212193,32.17466151033368,Corrosion,1
2023-04-18 23:00:00,Compressor,60.34326142657905,48.03885194327988,2.1448349060690703,78.92097439562583,64.59668632474498,None,0
2023-04-19 00:00:00,Pump,57.30949696260601,58.39089961062435,1.5537675161421711,43.832107319503045,98.6652397946382,None,0
2023-04-19 01:00:00,Compressor,78.66746407892256,49.635152840593605,2.468703141234748,32.90537678560667,56.588915096503534,Corrosion,1
2023-04-19 02:00:00,Heat Exchanger,71.16125258669217,49.09133231192047,2.7412220143773185,72.19403136673935,48.31167152065904,Overheating,1
2023-04-19 03:00:00,Heat Exchanger,77.0228040762122,45.293092569303674,2.46899480014567,88.66576730783245,43.141919063060456,Corrosion,1
2023-04-19 04:00:00,Compressor,74.8210502299165,40.52709424763849,2.4947996647952353,56.799479194854065,80.64542969918719,None,0
2023-04-19 05:00:00,Pump,65.23599951336203,49.199806632103275,1.7203871010223946,45.576768575615745,16.478283848565425,None,0
2023-04-19 06:00:00,Compressor,74.54745698035663,51.627425561623085,2.5379670613503995,39.40031367500886,96.37934630141093,None,0
2023-04-19 07:00:00,Compressor,62.668986949851444,55.49792232163835,2.0728793196638287,47.246735843435104,47.6126097389241,None,0
2023-04-19 08:00:00,Compressor,88.909723580014,38.75751732750172,2.255777764261002,49.67517308228699,38.23306532426017,None,0
2023-04-19 09:00:00,Valve,61.440296551400365,44.37451836488486,2.1827159214123544,55.432484606067874,97.66613047597312,None,0
2023-04-19 10:00:00,Heat Exchanger,73.04214729031419,47.09629454721775,1.9392564472797944,69.32442739287518,94.22909769188799,None,0
2023-04-19 11:00:00,Pipeline,64.57728411952752,49.98259575713399,1.569998762438849,46.389783364813624,67.77407257891488,Leakage,1
2023-04-19 12:00:00,Pipeline,80.70421173360796,49.27483154235789,1.958931668222977,33.05860580812056,11.66566373653612,None,0
2023-04-19 13:00:00,Valve,71.68568628718498,49.391556571563655,2.4933808087414113,52.39671669436318,77.36814785859147,None,0
2023-04-19 14:00:00,Compressor,69.8133328037879,52.04048029284972,1.7792620973435451,81.33777696954454,40.20016600378011,None,0
2023-04-19 15:00:00,Valve,83.53201545051554,45.48353444610446,2.446673631304073,59.90109065111302,44.9452207768835,None,0
2023-04-19 16:00:00,Valve,75.29430591677553,54.67070721116848,2.368535335308836,87.88702546472459,24.28679160796497,None,0
2023-04-19 17:00:00,Pump,80.16644445935967,52.167262208497405,1.8505313014900848,60.2172918653239,57.11122754784094,None,0
2023-04-19 18:00:00,Heat Exchanger,65.18674063482536,48.4008386793596,2.6944000518097884,46.55392901531087,77.00973365833896,None,0
2023-04-19 19:00:00,Pipeline,60.95183056072493,58.00453995944458,1.822226664404647,41.59883983471288,34.571000628376154,Overheating,1
2023-04-19 20:00:00,Compressor,76.07207962040134,57.78208017785883,2.7547734313063157,71.67146980713459,94.48596172390377,None,0
2023-04-19 21:00:00,Pipeline,71.81153644505268,54.66447677596904,2.217063490770486,62.182877146646184,27.526317040265887,None,0
2023-04-19 22:00:00,Pipeline,81.26434672453944,34.90721614716104,1.9920670407732433,66.23993573972649,15.963610653499003,None,0
2023-04-19 23:00:00,Heat Exchanger,74.20091547337451,57.89472546358988,1.556099309831173,75.30760736004787,67.99274860149109,None,0
2023-04-20 00:00:00,Pipeline,77.0507533923463,53.973792612359674,1.9558698849324794,73.55420785589358,86.4386858692042,Wear & Tear,1
2023-04-20 01:00:00,Pipeline,58.76617470058757,60.032043188564685,1.89812024325279,32.60179801009362,95.7819573376761,Electrical Failure,1
2023-04-20 02:00:00,Valve,93.88436939614257,56.18732295866769,1.3708518073745473,78.15431431770169,79.04539094648669,None,0
2023-04-20 03:00:00,Heat Exchanger,73.35758014967968,57.891713387486426,1.8911922886411665,61.962198423102684,27.96850103554651,Electrical Failure,1
2023-04-20 04:00:00,Pump,81.975869703392,54.3932742509019,1.598098409951457,53.50251184888636,97.98950663233573,Overheating,1
2023-04-20 05:00:00,Compressor,66.63908329780374,56.74346599322756,2.292995884489391,62.25116557608422,92.74922884259584,None,0
2023-04-20 06:00:00,Pipeline,78.08009902217341,59.9706187036722,2.6531402378641014,66.7470869074395,24.68506804862027,None,0
2023-04-20 07:00:00,Compressor,61.97155236475255,51.08277369189103,1.3865421618523797,38.97037859242782,60.2907244223792,None,0
2023-04-20 08:00:00,Pump,79.52067838259671,42.13884727960935,2.856153864183461,55.0449237195867,59.9965683337881,None,0
2023-04-20 09:00:00,Compressor,71.44025915614168,48.46269549992429,1.9357244828074351,50.135172611291026,49.82813003165238,Electrical Failure,1
2023-04-20 10:00:00,Pump,75.29190503935567,51.94972799691718,1.5124893075307428,51.024536689082304,98.585319723372,Wear & Tear,1
2023-04-20 11:00:00,Valve,81.97974030130098,50.37443792185779,2.378877390104092,35.48009630443849,15.366001346219907,Wear & Tear,1
2023-04-20 12:00:00,Pipeline,62.6745968877972,43.76719016920287,1.776772760872476,39.59060928001382,66.44880175992262,None,0
2023-04-20 13:00:00,Pump,68.15508269387203,41.84466187402511,1.959131661984253,39.70992405517328,28.47732604109291,None,0
2023-04-20 14:00:00,Compressor,79.57324281086765,46.29418665682585,1.7978608778939607,52.393484593298865,57.45980842578636,Wear & Tear,1
2023-04-20 15:00:00,Pipeline,95.98221474546747,54.03869777992075,1.59163103406755,83.6694926924875,80.1766694608767,Electrical Failure,1
2023-04-20 16:00:00,Valve,73.61917665338518,57.90169885411485,2.361998516200952,42.36164231525656,32.205412285169174,None,0
2023-04-20 17:00:00,Pipeline,80.91136117923932,54.582838068888506,1.8568492985529064,54.971550460488274,45.40235918348337,None,0
2023-04-20 18:00:00,Pump,73.9302853014152,55.28713643557068,1.281674103910377,48.69656491794827,95.56912668523591,None,0
2023-04-20 19:00:00,Valve,94.422455947563,49.59592213418221,2.2755300621079666,77.24299875308029,78.53326639482786,None,0
2023-04-20 20:00:00,Compressor,57.52778333034745,41.289587711470176,1.3972088244881222,33.00758593924897,61.545086606065205,Corrosion,1
2023-04-20 21:00:00,Valve,75.94621044669358,47.72389709558647,1.4233699136623708,41.792603732153424,29.979764902604508,None,0
2023-04-20 22:00:00,Valve,58.744559664379395,48.706177940638106,2.5963031024886583,42.63849254128766,48.27748937298248,None,0
2023-04-20 23:00:00,Heat Exchanger,49.93428429463283,47.51473756582159,1.401830050394894,89.57776801879388,79.66551871449305,None,0
2023-04-21 00:00:00,Valve,77.97462053117816,50.27347432687313,0.8417775715362548,64.24650107797822,83.84887702989785,None,0
2023-04-21 01:00:00,Valve,76.3949779614746,52.20709879946475,2.3114307424807476,38.33749586301109,32.0145578328159,None,0
2023-04-21 02:00:00,Pipeline,72.15163062257798,54.26507594121749,1.8480682852594348,46.33194835659393,69.58541893753173,Corrosion,1
2023-04-21 03:00:00,Compressor,73.93805909960247,48.60940067816833,1.8911724394309417,40.06932564737546,18.55026929110599,None,0
2023-04-21 04:00:00,Pipeline,105.98299434071258,40.48120297177704,1.8427498033249,37.47627417716688,12.089107670541798,Overheating,1
2023-04-21 05:00:00,Pipeline,72.41824861968566,47.58561140354433,2.1158349695093635,77.83092170447355,59.38065310897191,None,0
2023-04-21 06:00:00,Pump,80.10124361250075,50.218551984959916,1.623640379048466,59.74515771962129,30.194186885238587,None,0
2023-04-21 07:00:00,Pipeline,68.5063518038612,56.11403961066704,2.7380574372828823,67.87260821092688,17.10208281179196,Electrical Failure,1
2023-04-21 08:00:00,Heat Exchanger,77.95232575040603,47.160960789079475,1.2618847598453007,49.87507481951977,75.6845481605707,None,0
2023-04-21 09:00:00,Heat Exchanger,72.61766324944382,52.56271814199701,2.2224374583385615,63.22170516403977,54.817712952818056,None,0
2023-04-21 10:00:00,Pump,70.89481517270269,51.45043949817716,2.321060501938292,45.454141951421825,81.66493098626054,None,0
2023-04-21 11:00:00,Compressor,93.18898532200325,50.21950266561694,1.620174119583311,48.48217649569409,69.75498157125013,None,0
2023-04-21 12:00:00,Compressor,86.7718496318434,54.65266659662296,1.4881327773610908,69.13427666200397,75.6824445923941,None,0
2023-04-21 13:00:00,Pipeline,76.36746647399231,46.695794016237095,2.508587107085078,39.021007555153815,37.66245231663098,None,0
2023-04-21 14:00:00,Pipeline,51.95788064056033,47.12406775178242,1.5045696229916425,67.03331155004771,33.694824311491274,Wear & Tear,1
2023-04-21 15:00:00,Pipeline,71.3899077674743,49.94049588452886,1.6966680296247165,81.13408898538763,64.07874028857351,None,0
2023-04-21 16:00:00,Compressor,102.03027564405083,46.799267474531504,2.4436544812298733,37.225393570846144,28.007392635827593,None,0
2023-04-21 17:00:00,Valve,72.69338333360292,52.540061455273,2.017370616769512,83.84767683419874,83.3870904068819,None,0
2023-04-21 18:00:00,Heat Exchanger,86.03217572053659,46.434038478169334,1.1014281661854477,34.7667408179337,57.06281520768147,None,0
2023-04-21 19:00:00,Valve,89.419424019526,51.13152103872567,2.873529572276757,50.93455361735238,30.42909391129849,None,0
2023-04-21 20:00:00,Valve,77.18963915855976,49.499136156066214,1.734994620610017,66.63055891427967,66.26514090969177,Overheating,1
2023-04-21 21:00:00,Compressor,66.58178368131848,51.07462982388353,1.7986213550467913,63.56488560711221,95.0532161575256,None,0
2023-04-21 22:00:00,Valve,50.64687668217111,47.7012930246848,2.1278921261631827,35.783464349666005,17.38852539316967,None,0
2023-04-21 23:00:00,Pump,81.84163208608955,48.30455852736586,2.3125383985020362,77.93479006715118,19.841068658215264,None,0
2023-04-22 00:00:00,Pipeline,66.85243997176451,50.48004633998525,2.9805521456457336,88.38919758871518,85.9455232177006,Electrical Failure,1
2023-04-22 01:00:00,Pump,76.76150451887692,51.01037253080656,1.1699659252971517,40.87369735102621,19.86343971101862,None,0
2023-04-22 02:00:00,Heat Exchanger,62.50179660410636,49.978990423044216,2.412976104462973,83.70785818892776,13.543783241768903,None,0
2023-04-22 03:00:00,Pipeline,72.34762459529797,58.52681178256542,2.3715048470250384,63.40856652670503,41.313752294182564,None,0
2023-04-22 04:00:00,Valve,75.33719054901053,45.04631540629358,1.9314175445629416,86.15602627471964,52.00352964294378,None,0
2023-04-22 05:00:00,Heat Exchanger,77.68593581044298,49.67898102523643,2.393636847408111,40.565157505005665,61.24999930216208,None,0
2023-04-22 06:00:00,Pipeline,63.85177812647586,42.13185488941508,2.4671370088182734,77.52128359076548,55.65702093078249,None,0
2023-04-22 07:00:00,Valve,86.96910948761352,51.86040739333693,1.3090186075064978,33.58689452671987,92.18661063923021,None,0
2023-04-22 08:00:00,Pump,69.03105215268029,44.42376731811593,2.874883252940415,82.9917868081636,79.18012903524736,None,0
2023-04-22 09:00:00,Pipeline,58.255305395467545,48.60844872061712,1.2206188734309291,70.44956533197802,98.54292302755397,None,0
2023-04-22 10:00:00,Valve,73.90976580036536,48.13967837334337,1.4323418593806134,52.2152870353458,52.880988090279004,None,0
2023-04-22 11:00:00,Pump,75.3437530902646,51.40445563300586,1.869106163187952,41.42800940987101,17.589664885526105,None,0
2023-04-22 12:00:00,Heat Exchanger,76.6058943317176,47.2360454122741,2.9624702565935284,78.99198591403228,95.99775786485871,None,0
2023-04-22 13:00:00,Heat Exchanger,88.6213240368508,47.02347151153009,1.8458716851233068,66.1944792836887,10.370184543018762,None,0
2023-04-22 14:00:00,Heat Exchanger,72.63551163264141,57.17928232042949,1.9840330549745946,51.62495117688008,79.84864124551436,None,0
2023-04-22 15:00:00,Heat Exchanger,73.80380375631229,51.42283395237263,2.7160393019522817,56.63014948815098,12.815382769451151,None,0
2023-04-22 16:00:00,Compressor,63.96815618766907,47.19474573988866,1.8498409287172637,79.59255936434259,78.50927715864746,Wear & Tear,1
2023-04-22 17:00:00,Pipeline,83.20553502887897,48.74583164094385,1.410781643534662,50.33563160141206,94.41450458632488,None,0
2023-04-22 18:00:00,Pipeline,76.84309064078103,58.226774761353724,1.7913825823808427,35.37796068659572,45.03342675979422,None,0
2023-04-22 19:00:00,Compressor,70.79972272705838,48.82417560874452,2.6853959169028885,84.67693033220837,31.68683660977459,None,0
2023-04-22 20:00:00,Valve,55.953253065345365,46.55361688423806,2.0354324985275682,53.24062437948207,30.365123726064777,Overheating,1
2023-04-22 21:00:00,Valve,89.44412195055088,46.57501924936804,2.96532912952813,50.90325066691281,54.254587973518305,None,0
2023-04-22 22:00:00,Heat Exchanger,62.72320035543943,47.254367595052116,2.3689674631310775,42.26397713255636,25.379833218111237,None,0
2023-04-22 23:00:00,Pump,69.08721990630295,47.02751138786639,1.6775955318032583,83.84535427370074,70.56312675937409,None,0
2023-04-23 00:00:00,Valve,78.58344511076004,43.60176075825378,2.025538152232539,43.05032002127003,43.15171217395374,None,0
2023-04-23 01:00:00,Pump,63.034420713833136,44.37899951526511,1.5733909409290603,68.20037208008301,39.079854316293314,Leakage,1
2023-04-23 02:00:00,Pipeline,60.064902217468564,45.85339812819315,1.665783484675615,82.84590069648618,51.515701863081134,None,0
2023-04-23 03:00:00,Pump,53.76052417299335,52.95785509226549,4.2395421255128785,32.09481687619304,58.832875219577666,None,0
2023-04-23 04:00:00,Pipeline,82.20996952905635,48.093813563635635,2.5093122550169054,79.72750231801174,22.77372360329162,None,0
2023-04-23 05:00:00,Compressor,69.54813755273678,48.9641915545298,2.4305489945033365,54.63596530138647,73.69870274171589,Leakage,1
2023-04-23 06:00:00,Compressor,104.2727009247333,56.350440126274485,1.6884098423459681,69.47847451591271,89.46523899147935,None,0
2023-04-23 07:00:00,Heat Exchanger,65.05644934369127,56.47503574969209,2.7847920331405396,52.34427379353323,35.01882245810636,Wear & Tear,1
2023-04-23 08:00:00,Valve,65.78548976571079,48.58937528431132,2.5497078008964684,71.73097538084963,26.235181164653632,None,0
2023-04-23 09:00:00,Heat Exchanger,69.34607029714599,46.845682446582956,2.9408106446788853,45.25769487346195,78.44548813471573,None,0
2023-04-23 10:00:00,Pipeline,77.43134655138489,45.67784843163231,2.9165570741992246,31.315832546123776,26.518755138908453,None,0
2023-04-23 11:00:00,Heat Exchanger,70.2979666121469,53.463878848541185,1.260455355951239,86.86725088727721,13.712964432666096,Overheating,1
2023-04-23 12:00:00,Pump,81.12332214002512,48.97646383238856,1.4450802553650464,30.982065842404968,65.7318898344501,None,0
2023-04-23 13:00:00,Pipeline,65.21411610011346,48.06752554838605,1.498106092268182,79.44595737801043,31.57762746748152,Leakage,1
2023-04-23 14:00:00,Compressor,61.18408281536419,45.93167712431224,1.5280296783337814,40.14825559934843,25.462936803570372,None,0
2023-04-23 15:00:00,Valve,57.01785260590893,46.15166795494306,2.161726182130195,53.53321371612167,98.34424675430556,None,0
2023-04-23 16:00:00,Pipeline,52.76425832062803,51.60029095746622,1.716598273952091,79.34954259036334,36.26784850597549,None,0
2023-04-23 17:00:00,Pipeline,69.81930980524943,43.42280867056369,3.0362992703812592,42.355929018740724,91.30989611939822,Wear & Tear,1
2023-04-23 18:00:00,Pump,71.99019687606778,54.97434346893969,2.952339941040819,81.94245633150214,26.03968892997439,None,0
2023-04-23 19:00:00,Valve,68.68562972516817,47.330776780925405,1.9967692029604802,59.865536346114084,83.70794188561916,None,0
2023-04-23 20:00:00,Compressor,87.43405797187162,49.251820278741036,2.977663108074895,51.96920776303659,55.18169857436338,None,0
2023-04-23 21:00:00,Pipeline,87.28030209608136,43.31511020929723,2.744067313620101,69.74626480418017,17.073529220439575,None,0
2023-04-23 22:00:00,Pipeline,71.65197012555498,49.93817030878818,1.7746467204113705,50.48338331885745,76.02447642792151,Leakage,1
2023-04-23 23:00:00,Pump,57.060788868080365,48.3583952865472,0.9953923279872192,50.83730153978142,90.2866034561302,None,0
2023-04-24 00:00:00,Heat Exchanger,69.33294891944948,49.74959700571767,1.8910158075196353,74.01158345629818,24.671529130196937,None,0
2023-04-24 01:00:00,Compressor,69.00178606082939,57.358544491809454,1.6776889344607635,48.58993347234647,75.30312181025577,None,0
2023-04-24 02:00:00,Valve,68.42865037721941,50.8884902289512,2.103252812572915,42.046358901265506,50.05472671658114,None,0
2023-04-24 03:00:00,Pipeline,68.02281096101756,46.02670407927098,2.0446141434373746,78.45876767979433,77.84834079310465,None,0
2023-04-24 04:00:00,Pipeline,68.46537104275193,46.44340044726716,2.0315088294496144,78.3222620236339,74.25351533667751,None,0
2023-04-24 05:00:00,Compressor,71.1345838410224,52.975655929568845,2.2618423706895823,59.855142222412155,12.394020741670488,Wear & Tear,1
2023-04-24 06:00:00,Heat Exchanger,68.64458901184443,56.49346645496712,1.3937390264581606,61.599336969777305,26.084893237043964,Wear & Tear,1
2023-04-24 07:00:00,Pipeline,77.08322508625592,51.40959010375525,2.205680138784854,71.76459754605833,52.3924518639047,None,0
2023-04-24 08:00:00,Compressor,78.6036871590486,53.443563722773845,1.780191923491497,60.55645750574601,94.02347547208723,None,0
2023-04-24 09:00:00,Pump,65.8935491281751,53.04868861668353,2.0999910999318434,55.02239753815395,40.78661110793213,Leakage,1
2023-04-24 10:00:00,Heat Exchanger,87.71065326007033,57.0953220667876,2.478704922616095,89.69365159780475,66.59861232521638,Wear & Tear,1
2023-04-24 11:00:00,Valve,65.19937698159386,40.252049136369834,1.3878001133894853,38.85842567115354,11.087537096298593,None,0
2023-04-24 12:00:00,Pipeline,58.82199386184663,53.33609469652264,1.8593531736652154,65.56367875439165,74.00142293922497,Electrical Failure,1
2023-04-24 13:00:00,Compressor,78.80778071365052,54.91868021951782,1.940732882985568,83.15178156453962,64.2761436477524,None,0
2023-04-24 14:00:00,Pump,66.8259186558566,43.30638146932213,1.7428655142146796,71.23290247086689,74.38552719541893,Electrical Failure,1
2023-04-24 15:00:00,Valve,78.21291470757387,45.57165907996792,2.4499147480664787,82.8553979452943,91.41945517224505,Wear & Tear,1
2023-04-24 16:00:00,Compressor,50.9633139889947,45.74608625685923,1.639805820599764,50.180083221280356,23.184903980602904,None,0
2023-04-24 17:00:00,Compressor,88.92455941483067,46.35604901811308,1.7222998002788306,46.31957857561436,33.54306364072603,None,0
2023-04-24 18:00:00,Valve,81.72293408040402,47.59141474532237,1.6450404335239677,81.07634321412628,99.62028029513279,None,0
2023-04-24 19:00:00,Pump,59.99523450836998,51.213014065274706,2.5460277057194007,53.64687457112763,24.065556265866427,None,0
2023-04-24 20:00:00,Pump,60.21222876153715,54.32837325583685,1.7537779437938916,72.58093938343868,74.85643058734237,None,0
2023-04-24 21:00:00,Heat Exchanger,91.72265904097527,55.40658478884268,2.230022695441778,38.86491470484685,75.25683194598116,None,0
2023-04-24 22:00:00,Pipeline,67.62620096502042,45.81088469416109,2.9878525506150373,75.35028752260048,71.46943716120126,None,0
2023-04-24 23:00:00,Valve,66.65815151267375,45.77648500648509,1.9625907898247072,62.93895894149216,30.46965303831199,None,0
2023-04-25 00:00:00,Valve,52.33947905850717,56.57910920008111,2.5560303400165787,46.116698394627655,29.362065689248368,None,0
2023-04-25 01:00:00,Valve,71.49221794398446,53.23371967709322,2.835677042046564,59.6702378375343,69.97069612313092,None,0
2023-04-25 02:00:00,Pump,72.72280385164247,50.41432420934498,2.513595780020207,71.8166175503822,26.762516601329445,None,0
2023-04-25 03:00:00,Pipeline,82.15493096769485,52.366683377774834,1.9915993420111298,30.71318453084302,69.54069985664836,None,0
2023-04-25 04:00:00,Heat Exchanger,61.00921571815525,49.8509810907428,2.3210538794993067,68.24802352884777,54.32754538227863,Leakage,1
2023-04-25 05:00:00,Compressor,59.7971320775939,52.62292341523808,1.3563107034323272,62.49544669639646,44.79659808844457,None,0
2023-04-25 06:00:00,Compressor,79.50962634776477,48.3196665174713,1.609978420925024,43.21717006480395,37.02091144401511,None,0
2023-04-25 07:00:00,Valve,85.06730071227065,51.344024672196156,1.6976624091840404,75.17886443857181,95.2819239990805,None,0
2023-04-25 08:00:00,Pipeline,59.28847648882117,42.44726974815252,3.120306060087141,48.20765907799207,55.72842919685088,Electrical Failure,1
2023-04-25 09:00:00,Pump,85.81514086299741,46.561078525872844,1.5937077428723665,46.61165589279389,60.51267662598658,Overheating,1
2023-04-25 10:00:00,Pipeline,75.37541841486822,46.614944116048285,1.5862616243690852,58.27310093995936,95.43304762181069,None,0
2023-04-25 11:00:00,Pipeline,85.91805339074645,48.12804983396543,1.4780395098755084,70.56898070534189,68.84895862874203,None,0
2023-04-25 12:00:00,Pump,74.29779638482384,45.36743372610126,2.2799058809653805,85.73075855257527,96.20676349811447,None,0
2023-04-25 13:00:00,Valve,49.777220825120494,47.33228187088459,2.071310696334441,38.48143458792624,19.57300664704286,Overheating,1
2023-04-25 14:00:00,Pipeline,73.48032617683961,42.4279296880094,2.5433794885132825,53.78808724510402,86.19756685951634,None,0
2023-04-25 15:00:00,Compressor,85.6014381867127,52.7435023819745,2.335629833038677,34.01937555075779,40.18731652207818,None,0
2023-04-25 16:00:00,Pump,66.06253980916286,49.587432405443025,1.3098050766379663,75.51304484830455,82.94387725633071,None,0
2023-04-25 17:00:00,Heat Exchanger,71.12035031092547,41.47396196111991,1.5963611149948147,56.863973380881646,87.00729617754807,Wear & Tear,1
2023-04-25 18:00:00,Valve,73.23866496449021,45.82585044726663,2.682664374137911,72.41574811129111,34.43390975283002,None,0
2023-04-25 19:00:00,Pump,46.00486120131518,51.68300713781083,1.8983508777115974,49.33166543857723,46.7947554863931,None,0
2023-04-25 20:00:00,Heat Exchanger,91.71347575437477,47.28489026807105,2.5937959090090064,80.65903448437942,75.34129188834136,None,0
2023-04-25 21:00:00,Heat Exchanger,65.98624320102826,46.51529269930952,1.9251595260423415,62.089684694406884,18.91500678072736,Leakage,1
2023-04-25 22:00:00,Pipeline,80.057354324728,49.62703661495962,1.5161717858557393,86.6164693094193,77.9980180905406,None,0
2023-04-25 23:00:00,Pipeline,74.13298863851792,51.71798767589108,1.848369611166647,34.728878348642056,19.94256334492696,Overheating,1
2023-04-26 00:00:00,Pipeline,87.5761905635936,42.8182377148042,1.515975102225152,60.85660947252446,92.30101590412522,None,0
2023-04-26 01:00:00,Pump,79.0605612242808,52.7506424060894,1.7172236187987882,75.98731475986192,34.87053639667181,None,0
2023-04-26 02:00:00,Pump,72.65075728479026,45.99853359196312,2.100462853282623,66.00915888441688,61.80394121806202,None,0
2023-04-26 03:00:00,Valve,66.0648490748072,49.910360158751004,2.25580254518451,31.391648425610565,20.54381500686455,None,0
2023-04-26 04:00:00,Pipeline,82.97850701382139,49.82289929654245,1.204904338372851,88.34032070063284,34.25438391962308,None,0
2023-04-26 05:00:00,Heat Exchanger,56.26558696045383,47.36466940880113,1.991315996245451,47.8958215845539,46.355953913839485,None,0
2023-04-26 06:00:00,Compressor,81.45890420275893,44.88170126934643,1.7066921322201238,44.95667198198292,53.83439890147129,None,0
2023-04-26 07:00:00,Valve,64.00955248445128,48.57156725953868,1.6757925955205937,59.13959253639477,10.006074788191698,None,0
2023-04-26 08:00:00,Pump,87.5228366195664,58.12665154537598,2.0663423095665383,62.529486451400935,89.97901861424215,None,0
2023-04-26 09:00:00,Valve,76.61299542662695,43.191624847681844,1.7247740636553939,75.97728825538952,10.69073286029894,None,0
2023-04-26 10:00:00,Valve,81.44123767850108,58.46156509552438,2.6910689974233373,53.59641945953935,79.63161066949824,None,0
2023-04-26 11:00:00,Valve,75.8198881382472,48.70139414461734,2.59403093812553,56.397622587732734,52.35210211207338,None,0
2023-04-26 12:00:00,Valve,57.47622904859003,50.176857085443196,2.59091414697102,62.09759495602986,57.14920224112388,None,0
2023-04-26 13:00:00,Compressor,66.39270836604662,44.56644594307636,1.7525449022548492,53.66322598449844,28.74389314010868,None,0
2023-04-26 14:00:00,Pipeline,81.72389337611382,46.143652916612595,1.518750582540339,84.87288474606936,64.66315153111337,None,0
2023-04-26 15:00:00,Heat Exchanger,76.66655817359845,47.485451749809904,2.0410149646940576,81.07511799805513,58.3508718252507,None,0
2023-04-26 16:00:00,Valve,86.80989905305672,44.77152514561044,1.9248258168568664,57.2984217046727,24.781276595826583,Corrosion,1
2023-04-26 17:00:00,Valve,79.03274563037172,48.95541021314564,1.6955884187883177,30.01169174023903,31.430710121429723,Overheating,1
2023-04-26 18:00:00,Valve,65.3329810929734,47.96492054096615,1.4121327766665193,84.05606973175684,16.021326611121147,Electrical Failure,1
2023-04-26 19:00:00,Pipeline,67.03935862279366,59.253905712178664,1.9792410153659643,37.46019440636792,15.96552148805074,None,0
2023-04-26 20:00:00,Pump,76.02917390523237,44.17012907159769,1.7979652748737633,44.67074491164277,11.239820735718391,None,0
2023-04-26 21:00:00,Pump,51.859559339998945,50.51345258374294,2.34417351851901,39.14167706192389,29.842689293477537,Electrical Failure,1
2023-04-26 22:00:00,Compressor,91.73441885622985,51.239231409509124,2.3325530257607396,40.788934198861426,71.16951046573502,None,0
2023-04-26 23:00:00,Pump,79.41746736377557,44.648397256740814,2.5503999027113586,78.17265227339009,38.459384932812064,Wear & Tear,1
2023-04-27 00:00:00,Valve,87.27034597048872,53.434137477264194,1.3703522240599808,64.77008649995545,40.8460842880639,None,0
2023-04-27 01:00:00,Valve,59.19396059190831,48.00836493559186,2.200529153846816,87.3657097875209,21.871485392990024,None,0
2023-04-27 02:00:00,Valve,87.44565160355256,37.53805174208466,1.636267146883164,43.88721073942299,61.792360089077796,None,0
2023-04-27 03:00:00,Compressor,97.31498911027748,53.29924806052283,1.3897928945944575,59.13809448787404,40.792927739206355,Corrosion,1
2023-04-27 04:00:00,Valve,61.79121644622683,44.41529557948818,1.785698881525645,88.6457021449482,70.86851230871932,None,0
2023-04-27 05:00:00,Pump,82.71401794903767,44.76112526930451,2.5343524900673087,79.58661085648617,76.73135219582981,None,0
2023-04-27 06:00:00,Pipeline,75.01109944687293,53.43951041446199,1.8138408232147578,73.71694074722947,62.62235877235439,None,0
2023-04-27 07:00:00,Pipeline,59.55566151751756,48.26419258790775,2.782727329979556,41.33851208224752,34.84625831308327,None,0
2023-04-27 08:00:00,Heat Exchanger,79.9288397185187,54.5888607527575,2.2744392577601666,76.16432405458296,55.77470194035289,None,0
2023-04-27 09:00:00,Pump,83.33603204837348,56.05083047682659,1.8029547605097116,50.85390735575507,32.6737724214073,None,0
2023-04-27 10:00:00,Valve,68.98873447331152,46.77535769838851,2.5800242144532044,61.83221382280546,91.26215518185263,None,0
2023-04-27 11:00:00,Pipeline,86.65916520255223,53.966312479775155,2.222698386057143,66.54967278237241,78.97471750743016,None,0
2023-04-27 12:00:00,Pump,58.33236593210802,46.22269599303559,1.5337203057766473,66.56182269145523,54.37053154050096,None,0
2023-04-27 13:00:00,Pipeline,60.052438535503555,61.16557958566088,2.9294013177902576,73.59140831481099,96.8911428860332,None,0
2023-04-27 14:00:00,Valve,76.36597395588753,46.53521497734393,2.1297394115432384,69.70212555853234,59.20799020571692,None,0
2023-04-27 15:00:00,Pipeline,75.25385277972272,55.13043720480002,2.0093980959927458,34.10225275863539,39.568192926125334,None,0
2023-04-27 16:00:00,Heat Exchanger,67.83426511575895,54.21895012940788,1.572233665047192,57.44082155694643,18.59205707146424,None,0
2023-04-27 17:00:00,Heat Exchanger,83.09594435971886,51.58043911054467,2.589769133803869,69.84129640319875,58.937108033207224,None,0
2023-04-27 18:00:00,Pipeline,80.30894314215949,46.64728419291659,2.2586377136806535,47.75957892994372,87.4374950423211,None,0
2023-04-27 19:00:00,Pump,83.58139070934016,49.24301254029295,2.3146190901476205,48.78340123298338,88.00468553408038,None,0
2023-04-27 20:00:00,Pump,73.76863564647732,39.232059435277236,1.7462343282371158,37.47405286527693,64.41103600144736,None,0
2023-04-27 21:00:00,Pump,81.02580267978341,51.12210019191125,2.417050285955034,55.11689915849132,45.40945269107915,Overheating,1
2023-04-27 22:00:00,Pipeline,70.54349696970006,51.74807665514193,2.455906796785401,89.20982605837048,68.52666772816119,None,0
2023-04-27 23:00:00,Pump,95.53818690086595,50.66749709530686,1.6656108806094387,47.11916167728224,78.59263191031356,None,0
2023-04-28 00:00:00,Valve,66.87454229878014,35.13346914353721,1.2915049301595045,61.88621356116589,47.04623059547136,None,0
2023-04-28 01:00:00,Heat Exchanger,96.05297429458312,43.671817774550945,2.290686529669462,74.59423516674507,52.86287522934328,Overheating,1
2023-04-28 02:00:00,Valve,75.34887947089409,46.259545085756685,1.2133265251971301,30.80983625305624,71.25546766401487,None,0
2023-04-28 03:00:00,Pump,61.24489110431257,51.45829466594523,2.0760078889188898,84.02637357589794,88.89873454924718,Leakage,1
2023-04-28 04:00:00,Valve,88.68079350488601,51.44669452821492,1.7763774476063465,53.193011083496316,81.19093403280475,Wear & Tear,1
2023-04-28 05:00:00,Pump,76.25901388394959,49.148881040144104,2.6093326053944605,82.14695920265893,12.015223238831382,None,0
2023-04-28 06:00:00,Pipeline,83.51124098380238,53.17622768301978,1.8035780546163964,32.336859533968685,21.193510940612903,Electrical Failure,1
2023-04-28 07:00:00,Valve,87.23855918542593,44.8687881234855,2.553636486001902,38.73981311182055,86.75003622569696,None,0
2023-04-28 08:00:00,Pipeline,78.37955554145026,53.051175028469984,1.742895277818487,49.35176726865355,85.04405452405302,None,0
2023-04-28 09:00:00,Pipeline,69.07759155187185,52.37371052419945,2.4999955025298055,50.72770638379673,44.99261048338383,Electrical Failure,1
2023-04-28 10:00:00,Compressor,84.7571337766925,51.88777366418955,3.030170771918416,80.867653381681,62.585013012189904,None,0
2023-04-28 11:00:00,Pump,75.00755507454596,49.08979784457172,1.46597643081688,30.67206692329411,91.52604841857817,Overheating,1
2023-04-28 12:00:00,Heat Exchanger,81.85857818608419,59.15371912415631,2.146017860865454,68.46670658818077,92.04028129063867,None,0
2023-04-28 13:00:00,Pump,53.462694262085385,52.46597844244939,3.3743912079550324,37.878746170713015,80.47835611848016,Overheating,1
2023-04-28 14:00:00,Heat Exchanger,79.46981717009852,45.15832068373221,2.033294413451461,79.39293904266296,28.863004452371108,Overheating,1
2023-04-28 15:00:00,Pump,68.6141417485497,51.24152737867992,2.030894135114824,76.71439595747474,75.72545266185504,None,0
2023-04-28 16:00:00,Pipeline,91.5330963717853,53.762416885371096,2.3942494736755098,59.995261644672034,19.098858911235098,None,0
2023-04-28 17:00:00,Valve,81.23087347889096,47.059457005378455,2.020540432047377,42.76123353074251,90.45446135091122,None,0
2023-04-28 18:00:00,Valve,77.39857745849297,55.4463612346555,1.1463870027147238,68.06972345793338,23.423392322084307,None,0
2023-04-28 19:00:00,Compressor,79.86309993350221,51.91016852858005,2.566143687419469,39.37549905945874,69.61137761003059,Corrosion,1
2023-04-28 20:00:00,Heat Exchanger,65.01559147123282,38.28760831167327,0.9985257930674036,41.40142755555921,64.92189468271138,None,0
2023-04-28 21:00:00,Heat Exchanger,91.23256690528054,51.498359886689634,1.791604174430829,67.60139413352147,79.92096902916248,None,0
2023-04-28 22:00:00,Heat Exchanger,94.91370418416905,47.96985422793642,2.6037128745783242,89.47370676531746,59.641975212260995,None,0
2023-04-28 23:00:00,Pipeline,78.92913510548216,52.68589907270868,1.821728785678607,83.46365023515278,15.360991783815896,None,0
2023-04-29 00:00:00,Heat Exchanger,90.90403568573639,54.72107420125907,1.653151753767798,65.58644146102063,73.52616286397343,Wear & Tear,1
2023-04-29 01:00:00,Valve,69.30851801327466,50.97581023570909,2.43963195258328,62.312206126045425,44.48391029517411,Corrosion,1
2023-04-29 02:00:00,Pipeline,67.02886433775019,58.32626116972348,1.5744426065828068,89.90309280048652,38.82565010971989,None,0
2023-04-29 03:00:00,Pump,75.40924748728924,49.10646557718252,1.388887140204023,62.84382885803362,99.25061945803613,Wear & Tear,1
2023-04-29 04:00:00,Heat Exchanger,79.34941038367899,53.12408911526938,2.1372569937466417,55.20699131756663,63.1359789363755,Electrical Failure,1
2023-04-29 05:00:00,Heat Exchanger,71.0601331875688,54.02471286818674,1.9085383507937046,84.57333214652049,73.96471659424702,Electrical Failure,1
2023-04-29 06:00:00,Pump,80.37768190368485,49.51327015553634,1.3781634429055791,44.05105775215729,57.36935232420835,None,0
2023-04-29 07:00:00,Heat Exchanger,78.06389482073413,53.89387153988891,2.318476269997435,35.85155941780854,79.29753813564875,Overheating,1
2023-04-29 08:00:00,Pump,65.01693224708944,47.02663506418916,2.232243802788617,68.04540206170982,77.68654619499777,None,0
2023-04-29 09:00:00,Pipeline,80.18793017451722,47.88715790489391,1.820122491697184,35.75097802612494,69.14315041121444,None,0
2023-04-29 10:00:00,Valve,83.63528242521521,43.43755654831844,1.8543339969375268,52.388912217177605,99.79687552993991,Overheating,1
2023-04-29 11:00:00,Pump,76.7146931759039,51.20704558185024,2.2351963710045784,55.41464313490323,51.38141806748239,None,0
2023-04-29 12:00:00,Compressor,86.52648103261693,51.62625837927172,2.595180709876033,62.85228402295399,73.55731134683396,None,0
2023-04-29 13:00:00,Pump,62.82596206503048,55.89631579289615,1.8586033949453376,89.49957274487774,81.80001665244264,None,0
2023-04-29 14:00:00,Heat Exchanger,79.67950422131852,53.95570002177942,2.3273442465040723,43.25890339999084,43.84312386350899,Wear & Tear,1
2023-04-29 15:00:00,Pipeline,63.29719293603225,48.57602221676284,2.2826001085422996,52.54538271041472,51.145752479825674,Overheating,1
2023-04-29 16:00:00,Pipeline,63.85918641766912,44.109101563328615,2.439653646354488,37.93440746463948,97.22505397515269,None,0
2023-04-29 17:00:00,Pump,68.6906916626221,52.16425201259987,2.0196545993717328,66.45681156199407,12.906191541394728,None,0
2023-04-29 18:00:00,Valve,65.57939816425755,55.553765862073206,1.543837242966821,73.66039093847002,40.17660885648229,Electrical Failure,1
2023-04-29 19:00:00,Compressor,69.52004181258862,53.77592486901972,1.7687504234000153,58.92460939415273,53.75916661048029,None,0
2023-04-29 20:00:00,Pipeline,72.85849689288811,55.422387624286436,2.171426732890824,44.749876097398264,10.131849376227121,None,0
2023-04-29 21:00:00,Heat Exchanger,83.37154486331384,48.940552344008786,2.9092321891907966,67.25329615090486,90.92143909059506,None,0
2023-04-29 22:00:00,Heat Exchanger,71.78840961294297,47.666905159121775,1.7579901884018607,62.34946340213097,35.76199601909428,None,0
2023-04-29 23:00:00,Valve,59.14374293230407,46.31549323884101,2.4023937217636995,40.27114340422307,33.19343488984998,Electrical Failure,1
2023-04-30 00:00:00,Pipeline,86.4006784649516,49.720517666932025,1.83597177466162,54.34091403012782,83.82935758183676,None,0
2023-04-30 01:00:00,Pump,66.6290986638496,49.607046020155906,2.055234377943068,56.1118254981117,35.018490565222784,Wear & Tear,1
2023-04-30 02:00:00,Heat Exchanger,74.41279572895371,51.03338814269558,2.7576983746317962,88.95706522628598,69.18603345118201,None,0
2023-04-30 03:00:00,Valve,79.46536506940711,49.35351271482246,2.3821462907102164,80.95714992933131,83.93528295117633,Electrical Failure,1
2023-04-30 04:00:00,Pipeline,76.99610418402783,49.33186135136614,1.3793503636295217,74.06224729641562,81.32291629393352,None,0
2023-04-30 05:00:00,Pipeline,85.94179547521476,46.11652973513928,1.7137624880942046,83.32662153017685,80.37556636833361,Corrosion,1
2023-04-30 06:00:00,Pipeline,79.7900314339276,54.708095067757455,2.6281106722206795,74.12906434972291,17.977381287871136,None,0
2023-04-30 07:00:00,Pipeline,66.38690420302892,50.38259031121856,2.070939021314248,84.204111307544,17.18622708151278,Leakage,1
2023-04-30 08:00:00,Pipeline,96.78562173991662,49.12778032857359,1.4255799401920681,33.27318689277048,37.60930321636487,Corrosion,1
2023-04-30 09:00:00,Heat Exchanger,76.94333463338234,46.26285373375398,1.5905237775131396,57.36397255601499,13.2353093076416,Corrosion,1
2023-04-30 10:00:00,Valve,73.52659773378494,43.34043444804457,2.351746761355586,74.81390011451,55.038676286733796,Overheating,1
2023-04-30 11:00:00,Pipeline,84.63925423055571,56.53982096274672,2.497205140608815,64.9977477966008,45.53038596431964,None,0
2023-04-30 12:00:00,Compressor,77.49450945930072,52.77319354065904,2.008927650741087,40.5099698490472,60.13233212888343,None,0
2023-04-30 13:00:00,Compressor,78.99228192939327,41.88041078715017,3.237656900468051,50.42952519171206,36.89096848027214,None,0
2023-04-30 14:00:00,Valve,99.92183998600687,53.815711503548286,2.4120761817278193,49.06646250160148,53.717860269138434,None,0
2023-04-30 15:00:00,Pump,72.24878571744954,54.61240585116555,1.8782594651835498,45.68081479106016,40.12702892731484,Overheating,1
2023-04-30 16:00:00,Pump,71.82239105982605,50.62188061150465,1.592146975950328,50.58813321083797,27.568728300097774,Wear & Tear,1
2023-04-30 17:00:00,Pump,76.16578512012464,57.990554478758796,1.5125578476804793,60.891197307667255,68.44300130240335,None,0
2023-04-30 18:00:00,Compressor,85.71515935581039,51.08359821061441,2.1677106602401848,81.29214148699656,70.60923113492666,None,0
2023-04-30 19:00:00,Pump,59.93465969809601,42.91588236025405,1.7556114775432965,74.52195974362539,84.6308523474775,None,0
2023-04-30 20:00:00,Heat Exchanger,55.34444108523495,51.825845005241604,2.8368718769917125,80.11498224097403,88.72766048383524,None,0
2023-04-30 21:00:00,Pipeline,69.12884729379853,51.22448650856364,2.7331559014589297,83.01622467378519,73.40157139311239,Wear & Tear,1
2023-04-30 22:00:00,Compressor,58.66077040940713,46.98351575610923,2.3165332737486137,54.969027365856434,71.87482780277608,Corrosion,1
2023-04-30 23:00:00,Valve,70.75168652474362,52.86779418438712,1.4105019135215522,50.76157704160483,15.100809880282526,None,0
2023-05-01 00:00:00,Valve,80.0249969612929,41.66167366904569,1.6638905637237975,33.45740290104971,19.880131731235437,None,0
2023-05-01 01:00:00,Pipeline,66.09251136447736,54.95283413721395,2.6278387628705504,85.82949731258606,83.1306439351786,Overheating,1
2023-05-01 02:00:00,Compressor,60.731734232186575,45.609391481972736,1.718466900102449,33.94938107628864,30.96561354612684,None,0
2023-05-01 03:00:00,Pump,75.69337161715347,45.07526937441484,2.561070866959762,74.46813092222823,42.00085541953747,None,0
2023-05-01 04:00:00,Pump,83.6254348461517,49.430876138462615,2.2373019615173804,52.686498267935235,23.076761830828914,None,0
2023-05-01 05:00:00,Heat Exchanger,58.050265614833876,52.16486464021818,2.0258589424065936,86.92684646995119,27.56367717174271,None,0
2023-05-01 06:00:00,Heat Exchanger,83.20232398305984,50.81962031796715,1.6485835935322795,55.176121256047736,79.78755118331856,Overheating,1
2023-05-01 07:00:00,Pump,83.17306203738326,46.28670417113811,1.9528780782376243,78.99650108128299,33.567365756398445,None,0
2023-05-01 08:00:00,Valve,84.54085102156628,47.46955354404056,2.094823977437449,46.9592899298206,50.413146963777116,None,0
2023-05-01 09:00:00,Valve,87.18480214871687,44.33478826311269,2.5162694491505606,47.9453230346308,23.650423575331537,None,0
2023-05-01 10:00:00,Heat Exchanger,97.02013924659616,48.87660049185065,1.5571321996831227,65.73116459270605,71.01369156844888,Corrosion,1
2023-05-01 11:00:00,Pipeline,71.43907951380945,55.37510607255455,1.8685915787369425,89.87895802244842,75.54427607201285,None,0
2023-05-01 12:00:00,Pump,76.09571580077858,49.978685311780616,2.0224115659661424,61.05434507875178,42.552308610884246,Overheating,1
2023-05-01 13:00:00,Heat Exchanger,70.83561566751975,54.297071273797265,2.3313391788430824,86.17851818359743,80.62719815104755,Overheating,1
2023-05-01 14:00:00,Heat Exchanger,75.0197684475581,57.27700668863096,1.5457678312386116,77.17498969492367,31.59159867299138,None,0
2023-05-01 15:00:00,Pump,90.32873355636312,47.05990740481516,1.3417151035563926,77.7518588506341,72.27134758901406,None,0
2023-05-01 16:00:00,Pump,61.54985516069331,49.06713373472318,2.336982575855025,56.15759934772585,75.69681232784086,None,0
2023-05-01 17:00:00,Valve,66.38950327834425,60.855964305312476,1.2410254425266483,53.19253501036804,97.17916400098986,None,0
2023-05-01 18:00:00,Pipeline,88.77180936504561,57.221717059899724,2.642489857381084,41.51530848544893,30.908949866804463,None,0
2023-05-01 19:00:00,Pipeline,85.2003650690209,41.63797737093824,1.922036951258546,87.83647601901922,18.433943203847747,None,0
2023-05-01 20:00:00,Pump,71.36868353182922,51.93574158030453,1.226234458862777,87.56361674662921,33.67318800608079,None,0
2023-05-01 21:00:00,Compressor,83.5440200112072,50.00279996169848,1.759789890298253,74.82406405861097,21.057597692390715,None,0
2023-05-01 22:00:00,Heat Exchanger,78.41215842492034,54.13226555429381,2.1895618165346185,47.77514699116017,25.27248776448787,None,0
2023-05-01 23:00:00,Heat Exchanger,90.00274609000988,46.27510616257472,1.733649456222511,44.71077242053693,40.07030606703769,None,0
2023-05-02 00:00:00,Pump,75.74509593826772,45.80195813979664,2.0100148744121737,89.31661454321778,47.25916720498008,None,0
2023-05-02 01:00:00,Compressor,85.25632113872582,46.619646423531954,2.3700391828526435,33.992568906490646,91.33518031762416,None,0
2023-05-02 02:00:00,Valve,101.4201191049262,47.140357269007836,1.8989048323061901,80.61385752847855,27.605419435001895,None,0
2023-05-02 03:00:00,Pump,80.98099155047467,54.07662083404507,1.5314711617669332,51.32748002894848,97.45830783290945,None,0
2023-05-02 04:00:00,Pump,75.49328165794843,44.0939941342556,1.8505080013140796,55.13218318363323,82.91378889065545,None,0
2023-05-02 05:00:00,Heat Exchanger,82.2244698522098,46.886930500203405,2.70742006822963,79.91865892493023,89.33242509040969,None,0
2023-05-02 06:00:00,Pump,71.34719141796116,41.0549380474928,2.842532172666592,35.43618096032148,93.64995907662191,None,0
2023-05-02 07:00:00,Pump,98.87967705524733,55.03558911706187,0.9900369130288624,51.25018071121543,77.79170774270086,Electrical Failure,1
2023-05-02 08:00:00,Pump,76.80071037695981,56.355150497155705,2.5455139545957386,87.12145663017438,80.9901848455355,Overheating,1
2023-05-02 09:00:00,Heat Exchanger,72.27066679774487,48.364632845681065,2.1250738580176782,71.94395476627538,49.40364669450576,None,0
2023-05-02 10:00:00,Valve,66.64310994979964,48.51025317593388,2.461991339560075,75.29634988835343,55.94052112086196,Electrical Failure,1
2023-05-02 11:00:00,Valve,85.97220191606438,52.266109511414484,1.7247558698661853,75.45031805732859,93.92368840899708,None,0
2023-05-02 12:00:00,Pump,83.67187412827738,57.37241003689128,1.115868245249257,33.63420498983667,44.043032039738456,None,0
2023-05-02 13:00:00,Heat Exchanger,70.02645628585907,52.043053737819584,2.2922443943237307,42.19245559562587,13.775236575778647,None,0
2023-05-02 14:00:00,Valve,80.76451345122423,46.512290287624424,1.5295113693586415,59.47579536487271,78.64789469272957,Overheating,1
2023-05-02 15:00:00,Valve,59.91444031787144,41.9058871400678,1.305853784257574,52.089013948522506,61.58417605457665,None,0
2023-05-02 16:00:00,Valve,76.84970575073156,44.42436868668256,1.3407993087632668,54.65473758797121,83.33883661089804,None,0
2023-05-02 17:00:00,Heat Exchanger,79.52756352076695,50.36609725156232,2.3004568912076673,76.88684271754036,16.79961399498659,None,0
2023-05-02 18:00:00,Heat Exchanger,92.07329809559224,46.723362383996026,2.0697262330145985,30.880754104064117,65.91087914282107,None,0
2023-05-02 19:00:00,Pump,67.2918119727131,50.97483852995379,2.391233010937337,69.62951557927433,32.29352991916822,None,0
2023-05-02 20:00:00,Pipeline,62.21647371197676,47.23537991881883,2.3345376272481824,30.006613908109347,91.29417350450356,None,0
2023-05-02 21:00:00,Valve,66.04572039074958,44.70926784352794,1.7895332177081171,33.78351153457462,19.89189457675711,None,0
2023-05-02 22:00:00,Pipeline,61.634314996850804,44.11484184273465,1.9647632130612722,54.49716719025744,85.87623454525567,None,0
2023-05-02 23:00:00,Heat Exchanger,88.36657357758983,57.81177254686615,1.7442812356087303,80.45691118828928,17.969882677471933,None,0
2023-05-03 00:00:00,Heat Exchanger,90.48639295024037,54.444938745918215,1.8948361135672547,38.69974593386763,12.258761994729829,None,0
2023-05-03 01:00:00,Heat Exchanger,78.20216577948828,58.652589759139794,1.516372631009467,63.2772845477167,31.155348703773008,None,0
2023-05-03 02:00:00,Pipeline,87.21294945685148,52.699754503775516,2.1952421469371677,70.71031360960465,39.974008683401536,None,0
2023-05-03 03:00:00,Heat Exchanger,76.33958380580235,47.850042956925805,2.5375603744908783,43.771973050329635,66.3875894630684,None,0
2023-05-03 04:00:00,Pump,74.04888352299234,56.61670461244969,1.5916934850895066,60.73981531617498,21.85521376249484,None,0
2023-05-03 05:00:00,Heat Exchanger,71.66962380946238,49.83465999319116,2.6406348227006715,84.68443698829154,49.359694023196745,None,0
2023-05-03 06:00:00,Compressor,71.89609008622435,51.10420885145176,2.056760748238971,60.733711521931966,28.383724189258636,None,0
2023-05-03 07:00:00,Pipeline,59.52198443690969,49.785878104622405,2.1205394882029065,39.439383707258884,86.9772989392357,Wear & Tear,1
2023-05-03 08:00:00,Compressor,77.64254763607339,35.265478903579925,1.150285240196241,67.66885780125268,14.046985715617447,None,0
2023-05-03 09:00:00,Heat Exchanger,74.59666089785956,58.023675061474265,1.096368845217133,65.53201080051085,42.0343954019669,None,0
2023-05-03 10:00:00,Pump,82.45360724077875,52.455019729788766,2.072058181389841,31.617285587887874,66.8236671972198,None,0
2023-05-03 11:00:00,Valve,75.9352349643861,51.64911530434255,2.394866062316004,35.435664344854,92.17793602467451,Corrosion,1
2023-05-03 12:00:00,Heat Exchanger,73.37296298430908,49.6911196886472,1.6643097781775238,39.40688130846065,88.11940804245057,None,0
2023-05-03 13:00:00,Pump,66.2880696999237,50.81713910193066,2.8350469502915447,38.1773446537122,90.56727995654472,None,0
2023-05-03 14:00:00,Pipeline,75.72153236821761,47.01360532076876,2.367467987127158,45.56794623365599,15.656796431468388,None,0
2023-05-03 15:00:00,Compressor,82.38237230816162,53.082896761536354,1.5458293741460074,57.246319394134076,85.68309353171136,None,0
2023-05-03 16:00:00,Compressor,63.566610089161394,43.46450827800434,2.0154243335267537,52.302977873939064,80.19213206897072,Wear & Tear,1
2023-05-03 17:00:00,Compressor,75.87473753680739,50.93034216235274,3.238464566861706,83.43899348427581,91.21884843480571,None,0
2023-05-03 18:00:00,Pipeline,77.33042951529484,52.807867352855524,1.3787179986001472,66.72656456438023,38.041864053220124,None,0
2023-05-03 19:00:00,Pump,67.81935216381736,49.00665433088548,2.2641349694575528,82.5686609977106,92.058859564603,None,0
2023-05-03 20:00:00,Pipeline,69.12143695092,51.85433896235512,1.8386277236383288,61.62235949505593,46.2376976577803,Overheating,1
2023-05-03 21:00:00,Compressor,77.30610848766214,45.04332803882875,2.353448145459256,35.3922282413604,67.068971697322,None,0
2023-05-03 22:00:00,Heat Exchanger,63.66578981707377,45.17086614552018,2.6336368231591907,57.79724694398609,48.176109208629846,Electrical Failure,1
2023-05-03 23:00:00,Valve,78.49923715249392,51.18358560513197,1.8068814556443162,79.32195281054189,48.48835874640861,None,0
2023-05-04 00:00:00,Pipeline,66.046456263408,53.392748273105255,2.559456135853587,41.64622603002648,59.19733169154114,None,0
2023-05-04 01:00:00,Pipeline,85.62853693033216,40.62567172249145,3.1106016971359804,35.472856725158984,42.03340386587403,None,0
2023-05-04 02:00:00,Pump,98.378277453883,52.61010317555383,2.0331373686721173,49.7660843002956,81.34632948423122,None,0
2023-05-04 03:00:00,Pump,66.3924319829818,47.283992498118316,2.392444343747093,53.333869838408376,67.0274861873715,None,0
2023-05-04 04:00:00,Pipeline,80.34207862374674,49.035969563462935,1.7047796148983625,48.375460584354265,72.07801853850512,None,0
2023-05-04 05:00:00,Compressor,67.73258095117981,43.30241038217481,2.009629654515606,38.11444713747336,30.793132019958723,None,0
2023-05-04 06:00:00,Valve,85.40954173797789,45.74191379906646,1.9116624536458788,45.05039158330287,97.26177596332532,None,0
2023-05-04 07:00:00,Pump,62.34741590914785,54.830626627651554,2.3984679628292978,70.93694427612661,69.41584879956687,Wear & Tear,1
2023-05-04 08:00:00,Compressor,79.80586758427712,50.164316869901064,2.6023379678784626,53.155710977589834,27.747627807735245,Corrosion,1
2023-05-04 09:00:00,Heat Exchanger,66.27011033110648,48.08610799145221,1.9451725754412703,67.95296667711335,77.54412191239304,None,0
2023-05-04 10:00:00,Pump,72.93015410901631,49.417558236844826,2.7668114228664615,62.17822679512395,25.634269288686042,None,0
2023-05-04 11:00:00,Compressor,64.68974724852693,52.446059123321504,2.7650237207808144,62.94317639146014,15.704640666955754,Overheating,1
2023-05-04 12:00:00,Compressor,83.22350470895753,52.20247248081669,2.4234268715899505,44.91297347686776,57.479805653125084,None,0
2023-05-04 13:00:00,Valve,66.63019645560414,49.624864998015994,1.741986734139136,61.29258196609089,59.81715587461125,None,0
2023-05-04 14:00:00,Valve,80.51964259331828,55.464795554483345,1.6940855916300486,31.415682831792108,27.00690172584387,None,0
2023-05-04 15:00:00,Heat Exchanger,71.55901971737667,54.85231318453333,1.5938093226549808,55.90462453949557,41.35410498629431,None,0
2023-05-04 16:00:00,Compressor,73.85527628201137,52.06686014565198,2.4745830351190805,64.35736939139491,95.11923661108273,None,0
2023-05-04 17:00:00,Compressor,76.47755907400129,50.273058914550354,1.3941158962553177,40.919737281246555,35.65029088787409,None,0
2023-05-04 18:00:00,Valve,67.38175328341151,53.286605475597696,2.3384188270555035,45.39351037493708,24.00112546888318,None,0
2023-05-04 19:00:00,Pump,77.10367113540887,51.57133710900592,1.4594453260879434,43.171861188937164,99.33057627989086,None,0
2023-05-04 20:00:00,Pump,90.3033456435441,55.304000359029736,2.4117730599209866,34.233477315925455,37.207498274242006,None,0
2023-05-04 21:00:00,Pipeline,67.21905214167286,54.49780688369154,2.0086097913652803,50.8714392684054,71.22283058314707,None,0
2023-05-04 22:00:00,Valve,86.71810143273845,44.90873049291136,2.666819280929914,88.73794598711638,30.840416329533973,None,0
2023-05-04 23:00:00,Pipeline,89.98097633487784,44.57018414629147,2.5707272891606356,51.232824387816606,59.510907728775045,None,0
2023-05-05 00:00:00,Valve,66.83845010971956,46.49375227797962,2.7175327060010557,57.63219731021854,44.7653787948654,None,0
2023-05-05 01:00:00,Heat Exchanger,60.449453949094476,54.880693450334604,2.7304093591445566,69.18523505738251,96.54213350432697,None,0
2023-05-05 02:00:00,Compressor,78.01960900171764,42.11845501614377,2.0718154169940988,68.90986507014642,48.95252870954389,None,0
2023-05-05 03:00:00,Heat Exchanger,69.52592477233127,51.97378694553996,1.4206034667876977,86.99369880111745,62.57567657635518,Wear & Tear,1
2023-05-05 04:00:00,Valve,93.68603219163002,51.812715455464804,1.4737384725013107,81.4538484239475,95.02896393101324,None,0
2023-05-05 05:00:00,Compressor,75.34807540499833,55.813240293430965,0.9565757353420312,77.63704122630914,99.03108699441596,None,0
2023-05-05 06:00:00,Pump,66.97800591964821,50.90169345331944,1.4581670832859532,87.09763354669863,19.149252760449684,None,0
2023-05-05 07:00:00,Pump,63.528404889882886,43.283953047080495,2.0344118288523245,43.84592312899029,85.088864083815,None,0
2023-05-05 08:00:00,Pipeline,85.8990495909083,45.203225196759384,1.720172909587419,67.02325167730756,44.39048447685239,None,0
2023-05-05 09:00:00,Valve,69.28816025915813,44.090022390510875,1.9099321977950743,83.23180600332938,63.53458355850515,Electrical Failure,1
2023-05-05 10:00:00,Valve,75.43828799460428,47.3102801683343,2.2463577097307006,67.4482894966861,43.754327105972095,None,0
2023-05-05 11:00:00,Pump,84.55802745112481,49.085492162880364,1.847967370967121,88.64522847641217,46.10045850893131,Corrosion,1
2023-05-05 12:00:00,Heat Exchanger,70.1574164806917,44.17279236889472,1.439085599793708,36.02116283438274,24.297178238660038,None,0
2023-05-05 13:00:00,Compressor,74.5407117125984,57.353309953261444,1.973383166218284,56.35983016759202,61.54898125850793,None,0
2023-05-05 14:00:00,Heat Exchanger,74.8343159017748,43.373593140237794,1.5507547566135775,88.64177447451817,59.20443513502523,None,0
2023-05-05 15:00:00,Heat Exchanger,81.83324511516092,56.7305171193124,1.8646067515104685,52.774081714195546,27.042020968455986,None,0
2023-05-05 16:00:00,Pump,80.90744335510325,55.9258151571967,2.6713884822115017,74.37338250595826,58.75573864005473,Electrical Failure,1
2023-05-05 17:00:00,Pump,72.79886268745172,54.491512748445174,1.8647473479519125,31.82417406471895,97.57916943679776,None,0
2023-05-05 18:00:00,Pump,75.63649061496518,46.531166962516245,2.8854787766738728,71.69022687781879,74.29677362684107,None,0
2023-05-05 19:00:00,Pipeline,71.28220988476511,51.71225439588451,2.715817993468985,86.07760395165471,53.28843036250167,Electrical Failure,1
2023-05-05 20:00:00,Heat Exchanger,60.223875930805555,43.61314433224691,1.7103473457104785,52.96237711140016,92.44755870232378,None,0
2023-05-05 21:00:00,Valve,77.5760085739813,54.554535175168745,1.4444381167921123,31.277990275615768,61.778292085477524,None,0
2023-05-05 22:00:00,Compressor,93.92191760833067,49.63007609231865,1.9737229190399033,31.67458826372903,22.154319885502304,None,0
2023-05-05 23:00:00,Pipeline,66.16280859308937,47.95339892706657,2.5766638816984444,83.52139834266535,59.27586830312107,Leakage,1
2023-05-06 00:00:00,Valve,67.26970290397297,43.88127576671865,1.754904546885656,73.35096642577571,26.287580382928102,Overheating,1
2023-05-06 01:00:00,Heat Exchanger,66.29272228356258,37.61246940685491,2.4540451491310695,36.40118305359479,79.07543548729069,None,0
2023-05-06 02:00:00,Pump,82.24591778723122,44.80729571482122,2.604219994568044,33.27541662307179,97.04567928652375,Electrical Failure,1
2023-05-06 03:00:00,Heat Exchanger,79.4848545419644,55.56399097806453,1.612987174818697,78.28952181692875,42.473672608899726,Overheating,1
2023-05-06 04:00:00,Compressor,73.41462307583544,47.98583285762598,1.6619744558557064,78.59163796832155,49.142609211267505,None,0
2023-05-06 05:00:00,Pipeline,65.81980938361035,49.15335571442476,2.3563310160635034,37.23131038752294,47.9346820154767,None,0
2023-05-06 06:00:00,Pipeline,75.92376791639924,53.27777179144226,2.0759237748207853,48.09122423331821,35.676997821539366,None,0
2023-05-06 07:00:00,Compressor,59.353778726641956,59.028344390581324,1.6569692367281605,76.80156387443338,81.47619683907679,None,0
2023-05-06 08:00:00,Valve,76.43426566857494,56.62502327472819,1.8239097759402063,61.52472425724038,65.59554994722963,Wear & Tear,1
2023-05-06 09:00:00,Valve,83.71524386087934,45.13832498091906,1.9647402236362905,87.39509164351796,15.764640117090366,Leakage,1
2023-05-06 10:00:00,Pipeline,62.48800863366322,40.28714714281297,1.2175727875222697,58.8637587207603,85.4925701520822,Overheating,1
2023-05-06 11:00:00,Pipeline,59.674817231703365,61.79807129550052,2.3828215532413477,70.61747625393076,26.837940803788655,None,0
2023-05-06 12:00:00,Pump,90.7943789169486,61.344958058297266,1.7606539055304045,60.58700194449506,98.1236045538209,None,0
2023-05-06 13:00:00,Valve,68.88240360495415,50.94226798214641,0.6081418881009506,86.57792974110274,43.89968251023092,None,0
2023-05-06 14:00:00,Compressor,86.35947845943822,43.64755877209089,1.9880645158452737,53.91954552405653,65.48046824352915,None,0
2023-05-06 15:00:00,Valve,73.46002334802168,54.816132669469695,1.6292143705532462,43.787787310716,17.004125700642735,None,0
2023-05-06 16:00:00,Pump,73.38045183058672,49.460081569936946,2.8444110961513385,49.598031616859586,41.0196947219521,None,0
2023-05-06 17:00:00,Pipeline,79.38412699496645,49.43509438446695,1.707277489540016,81.16651224991375,82.21185616247033,None,0
2023-05-06 18:00:00,Pipeline,66.1600114325356,54.47229421552564,1.4511783182106945,59.87631381072801,52.94876427579326,None,0
2023-05-06 19:00:00,Pump,76.32497143495645,51.67187373436649,2.253966334981008,51.25513821013434,91.41431351896206,None,0
2023-05-06 20:00:00,Compressor,71.18510585175908,44.07092544492527,1.6697763159962085,62.65560130856897,61.76245969457264,None,0
2023-05-06 21:00:00,Pipeline,61.795065565949685,48.37629032459013,1.6102718993738838,37.993782436610545,93.5714975856173,None,0
2023-05-06 22:00:00,Heat Exchanger,78.374820747264,53.30576464330673,2.254750691412203,30.321558277535765,98.43489163113006,None,0
2023-05-06 23:00:00,Pipeline,72.36692193122084,52.551261112025095,1.479766346055217,46.83508102160945,50.85051035664483,None,0
2023-05-07 00:00:00,Heat Exchanger,73.42975171555292,51.31008287179238,1.2713631709002735,66.30034318701254,60.864091532002725,Corrosion,1
2023-05-07 01:00:00,Pump,62.89839056585842,54.66711477237932,2.8629990010471684,72.70084617968324,85.14285789261429,None,0
2023-05-07 02:00:00,Pump,90.91400367762805,48.19141506091368,2.2897493688003223,79.596657981118,29.93797049822317,None,0
2023-05-07 03:00:00,Pipeline,83.76714186386116,50.89334887609536,1.8678953575028174,85.59981356366818,87.54666164029986,None,0
2023-05-07 04:00:00,Valve,84.64155884171979,33.122104499112,1.998261395149032,54.72674081788608,63.27281263395426,None,0
2023-05-07 05:00:00,Heat Exchanger,71.94555297558318,47.75174903078593,2.252932179058078,74.43100797344728,75.29501218460729,None,0
2023-05-07 06:00:00,Compressor,57.7081711049658,53.819514542878224,2.4866687248067105,34.480375811883754,17.18686203971007,Leakage,1
2023-05-07 07:00:00,Pipeline,94.52917382489511,48.048027664414285,1.622012354342494,33.4517999263248,78.95689151080633,None,0
2023-05-07 08:00:00,Compressor,74.38902491994132,47.66886304141444,2.183073262982841,37.4878795191694,37.97082141162926,None,0
2023-05-07 09:00:00,Pipeline,67.51200203979946,44.79273524112591,1.7466479118948808,56.91414586984574,82.47090491648578,None,0
2023-05-07 10:00:00,Valve,79.16801574483114,55.01682946364573,1.9055093777436878,42.676886309924996,55.823728447243624,None,0
2023-05-07 11:00:00,Valve,86.67120788003297,52.742316367702855,2.080346433732452,47.21549651626895,34.71529013340698,None,0
2023-05-07 12:00:00,Valve,74.76949443914533,54.127072989115426,1.9966607134736638,68.87281041073817,95.74837273194886,None,0
2023-05-07 13:00:00,Valve,87.78575167939374,41.36893019021055,2.367783449151286,51.51133072817076,78.85561579403493,Corrosion,1
2023-05-07 14:00:00,Pump,85.82999938516869,49.19774978367183,2.243543279557797,63.44229346308133,98.71174664862822,None,0
2023-05-07 15:00:00,Pump,64.23618812597942,48.59944496124997,1.245915395313911,54.74422540419553,42.80229085709834,None,0
2023-05-07 16:00:00,Heat Exchanger,68.26209894340523,48.59714146700724,1.321088396467279,40.138155331189175,68.42976701874748,None,0
2023-05-07 17:00:00,Compressor,84.57537163279767,46.91986228141022,1.8151416576203536,34.44119941535365,65.0429810077354,None,0
2023-05-07 18:00:00,Pipeline,47.873874361895616,48.26947864109992,2.9143126312209127,44.17388971859327,71.88010669619226,Leakage,1
2023-05-07 19:00:00,Pipeline,73.50544306835012,54.24822391353326,1.5742040837491988,33.46202816946266,13.448490943719774,Leakage,1
2023-05-07 20:00:00,Pump,60.69168798375328,40.43574323326085,1.8958886451936237,67.11671759338842,36.254739148963665,None,0
2023-05-07 21:00:00,Pipeline,70.23446198566475,58.88647384015227,1.731826986521739,77.74305608796602,91.84038164117266,Corrosion,1
2023-05-07 22:00:00,Pump,72.01179910970797,52.41920562513231,1.7229778079559601,50.384446094244055,48.143804938500416,None,0
2023-05-07 23:00:00,Heat Exchanger,71.41755622092492,49.788340521698935,2.0891198719525277,53.226663321141494,96.45793111733926,None,0
2023-05-08 00:00:00,Compressor,69.47738747887391,54.534170731864634,2.7003886380978255,78.9714637655584,29.21528553804782,None,0
2023-05-08 01:00:00,Heat Exchanger,64.02856350371187,42.740826274157826,2.2279841999402947,43.35677474241362,99.76815761329804,None,0
2023-05-08 02:00:00,Valve,97.91911266818687,46.67649547424493,1.598234519286454,37.14961591169245,72.7822818063579,Overheating,1
2023-05-08 03:00:00,Valve,93.67462004161351,49.39462283804723,3.3766147554016035,60.067087039865186,79.8754081659839,None,0
2023-05-08 04:00:00,Valve,63.37934179743717,56.82780185216089,2.0392866104805627,68.77141017199423,45.71750549822822,None,0
2023-05-08 05:00:00,Heat Exchanger,90.82116751303568,49.76751709436721,1.7113895218089432,65.97926550278876,91.63073091345588,None,0
2023-05-08 06:00:00,Pipeline,71.00534509527147,52.25027335592573,2.7060481873387947,72.83238271645085,59.091661086275984,None,0
2023-05-08 07:00:00,Compressor,76.2918747333171,47.05210502031936,1.7654646910280907,33.405070930381434,71.28445422021716,Corrosion,1
2023-05-08 08:00:00,Valve,74.36726040103085,52.43421034483745,2.8314568274937213,55.69209676550237,18.53274442026574,Electrical Failure,1
2023-05-08 09:00:00,Valve,68.40251358746035,58.38619796487228,1.5646786045166667,44.314231436741586,66.85126308036041,None,0
2023-05-08 10:00:00,Valve,84.83852343606146,54.97763345837057,2.7150151944606846,75.54727557276145,89.11710894359409,None,0
2023-05-08 11:00:00,Compressor,76.25886530576658,49.592720061110604,2.1005238321408473,82.36382904362097,26.045490539438926,Overheating,1
2023-05-08 12:00:00,Valve,70.23448576780758,53.377454236327345,2.645526116351217,46.8801444483849,76.39533411713614,None,0
2023-05-08 13:00:00,Compressor,61.95410556199528,52.88758477303606,2.9508828543507724,35.7130847441645,12.28606830951891,None,0
2023-05-08 14:00:00,Valve,66.0640498628088,52.532938358486376,1.433696354739373,45.20567771948381,93.3582714906267,None,0
2023-05-08 15:00:00,Heat Exchanger,58.586198843979034,55.55976680430204,2.637885910379161,36.24050934353518,98.46254044280677,Corrosion,1
2023-05-08 16:00:00,Heat Exchanger,75.1222354841517,55.52238851918733,1.2955480477872976,49.34532996680723,41.8762060118285,None,0
2023-05-08 17:00:00,Compressor,63.033344077156045,49.36420701562558,1.4764078223758859,62.291914699309544,19.636646474380136,None,0
2023-05-08 18:00:00,Heat Exchanger,72.34439487481458,53.209395307388846,1.5982952701037814,88.42085726389239,69.27187313468306,None,0
2023-05-08 19:00:00,Compressor,88.7010185361037,48.08452539420103,2.2518183180889304,53.96221526108151,12.685106273273115,Corrosion,1
2023-05-08 20:00:00,Heat Exchanger,86.99299572921586,45.38463801842211,2.01650793846743,43.20239543127727,53.42376531674681,None,0
2023-05-08 21:00:00,Heat Exchanger,74.67723105897382,48.65253122148007,1.916431957918582,40.0081044222501,34.46012576240979,None,0
2023-05-08 22:00:00,Compressor,74.12915273856851,49.61860924130209,2.0731176395111803,40.38238596832056,52.600514855758924,None,0
2023-05-08 23:00:00,Pipeline,93.79874549421008,41.69209505411004,2.295644794646736,41.55586099568755,11.644796326452129,None,0
2023-05-09 00:00:00,Heat Exchanger,80.20756120358712,54.3016627970836,2.3341240619706762,75.73602135224682,14.645096476363584,Electrical Failure,1
2023-05-09 01:00:00,Valve,71.72193540123477,36.163372886988014,2.5470834178075656,33.661662685945196,11.43782459590441,None,0
2023-05-09 02:00:00,Pipeline,60.73981882879548,63.57408469743161,2.91001740638372,89.84416241658204,65.72186830424026,None,0
2023-05-09 03:00:00,Compressor,78.93873218164744,57.5093956689816,1.9893188137792615,61.36118346997567,60.40836259076877,Electrical Failure,1
2023-05-09 04:00:00,Pipeline,83.29323772582862,48.69495637913843,1.739455518934542,62.65631365804954,30.984219868294403,None,0
2023-05-09 05:00:00,Pump,68.68348475486356,50.04713180281887,2.3067680645925943,51.45383272197629,68.19788160136193,None,0
2023-05-09 06:00:00,Pump,77.91202755138032,51.51485936793642,1.4278725918676898,71.41532156472724,89.57865312054776,None,0
2023-05-09 07:00:00,Heat Exchanger,71.3642670508497,47.05419806005529,1.6606479339441944,58.28738045284786,34.95898909235023,None,0
2023-05-09 08:00:00,Heat Exchanger,73.15967600800997,50.96309573793468,2.499690473196395,49.74367709787299,84.87944270910887,Corrosion,1
2023-05-09 09:00:00,Valve,50.12177942437668,49.280000111491695,1.9379358125911479,45.90830422248257,69.62582224019633,None,0
2023-05-09 10:00:00,Pipeline,72.78218596283864,49.52863641384517,1.3959037708209805,85.53907241599558,13.043839885568485,None,0
2023-05-09 11:00:00,Pump,84.69369302408055,50.90730531740319,1.255098467317413,47.459370903145214,43.7634906246491,Overheating,1
2023-05-09 12:00:00,Heat Exchanger,68.68597444433442,43.43236100823003,2.024358339696904,56.18359556579052,55.69814942731154,None,0
2023-05-09 13:00:00,Pipeline,75.52526368215317,50.19784862066824,2.570948268484005,51.020484126988094,75.85292709592493,None,0
2023-05-09 14:00:00,Heat Exchanger,67.44049293308079,50.817238733087386,2.5642728887655934,35.17072964568216,35.84175024280752,Electrical Failure,1
2023-05-09 15:00:00,Heat Exchanger,78.60441676292773,50.64424810677957,2.0554402514464187,41.15606366893603,98.4457094372139,None,0
2023-05-09 16:00:00,Pump,72.83476802463827,48.92084622281923,3.004454709548064,41.37011851958292,71.60857664545773,None,0
2023-05-09 17:00:00,Pump,65.60758459317994,55.689288879846856,1.9475898170297687,71.61897086337929,43.553230944792446,None,0
2023-05-09 18:00:00,Heat Exchanger,88.32551467665128,48.23173722559224,1.9307161883012947,54.39512459794855,18.732253516940084,None,0
2023-05-09 19:00:00,Compressor,84.28932013532216,51.136629534115954,0.7162820451305001,76.91805378423952,26.323098424372894,None,0
2023-05-09 20:00:00,Heat Exchanger,68.95093236071826,56.48648766962773,1.7763185254193923,72.53705546004942,53.88469840496409,Electrical Failure,1
2023-05-09 21:00:00,Heat Exchanger,79.97788309417777,49.60311929989844,2.4260075174542473,41.52298598376226,54.522581946253005,None,0
2023-05-09 22:00:00,Valve,80.3741200282038,51.07231633733775,2.781980668429852,63.77501520720604,79.09468883392181,None,0
2023-05-09 23:00:00,Valve,81.42301235011176,49.51807681842551,1.5848826831663576,74.57453076292816,75.35589630150272,None,0
2023-05-10 00:00:00,Valve,58.05744104004923,56.186848967817994,2.231126164646524,67.98257540854338,28.114573466603556,None,0
2023-05-10 01:00:00,Compressor,85.06606541032627,48.711377192068525,2.523439516161644,66.00099048527886,63.54609585024385,None,0
2023-05-10 02:00:00,Compressor,69.30301037074268,56.41677288644103,2.0056040765979497,74.37665324404608,11.85596206685995,None,0
2023-05-10 03:00:00,Heat Exchanger,71.42172066558733,49.48206052676468,0.8583597712363848,33.40684435537841,45.869265944590005,None,0
2023-05-10 04:00:00,Valve,101.37881752260199,45.70270138275991,2.123644999787126,73.88531684168598,78.76947165144452,None,0
2023-05-10 05:00:00,Compressor,78.01873380721011,53.396865852870604,2.3807153120304467,46.3593157892057,45.955773395844986,None,0
2023-05-10 06:00:00,Pump,71.13677524552824,48.47666083122172,1.5262885524907706,64.31233527056125,85.20366158212818,None,0
2023-05-10 07:00:00,Heat Exchanger,52.94705627244094,53.102504495495815,1.8729227345628066,44.53829968179045,97.85397611127534,None,0
2023-05-10 08:00:00,Pipeline,88.89764133946356,36.35297807538133,1.422251978935618,80.32905433241027,64.64913424294292,None,0
2023-05-10 09:00:00,Heat Exchanger,61.547903291913975,50.02602630947473,0.7149262257098237,58.833561258045364,23.050366870758094,None,0
2023-05-10 10:00:00,Pipeline,64.96561096500497,47.701973506212596,2.513502205893828,68.57647272149902,44.170948711486965,None,0
2023-05-10 11:00:00,Valve,71.6864770091215,44.683706567343606,1.9981257330990743,77.64492260860368,10.853501956153766,None,0
2023-05-10 12:00:00,Pipeline,89.16411791700293,47.233794990801,2.7988374983524915,83.71891530428186,64.24533314566773,None,0
2023-05-10 13:00:00,Valve,82.73239986665759,47.13148427853674,2.4286610959530885,73.92372582416046,83.94116508764183,None,0
2023-05-10 14:00:00,Pump,73.4216249015974,49.760071025747095,1.8228951191672755,38.92611457142434,66.69460710307386,None,0
2023-05-10 15:00:00,Pipeline,78.08292063638821,43.163367693575225,1.9584096699477958,81.27194217514719,80.74776062651048,Overheating,1
2023-05-10 16:00:00,Heat Exchanger,68.99614307128894,51.58136890129857,2.283088695385086,67.11467495193037,81.9913534548298,Electrical Failure,1
2023-05-10 17:00:00,Valve,76.39653689565351,56.83107392602894,2.483441708377872,66.56698550281641,86.59113185957173,None,0
2023-05-10 18:00:00,Heat Exchanger,75.73336744778136,51.404642484739135,2.1613353153710055,85.2804335882953,33.99974046977988,Leakage,1
2023-05-10 19:00:00,Compressor,84.68769895681353,54.04494304614504,2.552796572644742,44.92989333995298,88.41416705383797,Electrical Failure,1
2023-05-10 20:00:00,Valve,84.67178122438949,55.472812273068975,1.8516656316627642,44.375257109642,68.86845986171419,None,0
2023-05-10 21:00:00,Pipeline,79.93977382205645,56.182447560920885,1.5014282266071568,60.79161328169771,36.07530009350383,None,0
2023-05-10 22:00:00,Valve,71.37652442453897,59.35069346410653,1.967595373219435,75.05178399209191,98.8565243496635,None,0
2023-05-10 23:00:00,Heat Exchanger,82.41822294390127,47.50399000862035,2.1025924453680918,56.83444249371055,95.5164154358502,None,0
2023-05-11 00:00:00,Pump,74.08031533796954,46.40758007419442,1.3992323026303566,68.03348339354413,61.699688488575944,Electrical Failure,1
2023-05-11 01:00:00,Valve,64.18085631286867,53.91732824162367,1.331638957926689,57.15148345336313,85.88875405596072,None,0
2023-05-11 02:00:00,Pipeline,70.96712208089062,53.541331098286996,2.223693148236714,66.62323082921813,33.53450398478845,None,0
2023-05-11 03:00:00,Compressor,75.84526983784325,53.878376498078445,1.7968215743147882,79.33573815682267,47.4433296949801,Electrical Failure,1
2023-05-11 04:00:00,Pump,84.10215783664745,59.44641227125126,1.917079547168999,40.8286017654554,26.557458466945032,None,0
2023-05-11 05:00:00,Compressor,73.16471827842847,50.05684954399247,1.8201536671495884,71.72271204035904,56.80923783663232,Leakage,1
2023-05-11 06:00:00,Valve,62.90801288760394,52.130782798230925,2.760300450881606,77.245544360291,54.64012870644988,None,0
2023-05-11 07:00:00,Heat Exchanger,75.56741683296819,45.09805874258262,2.6308805801975,56.826684448906946,29.153190336540973,None,0
2023-05-11 08:00:00,Heat Exchanger,76.13456040056552,60.67660561987979,1.381323154980416,49.39401462407126,70.55215243444877,Corrosion,1
2023-05-11 09:00:00,Pipeline,76.85837628902753,48.317275393954446,1.7336033934597765,30.812659435464123,20.601126597287127,None,0
2023-05-11 10:00:00,Heat Exchanger,84.1987151595443,48.45892035919585,2.4250021339847967,77.8263013400456,15.552230596274008,None,0
2023-05-11 11:00:00,Pump,85.18923240089899,48.26625054495879,2.300968118551621,49.676319542159284,44.64144717961475,None,0
2023-05-11 12:00:00,Heat Exchanger,69.05789127618334,46.77552070677831,1.9792710188351073,51.438568164483016,46.88423000062345,None,0
2023-05-11 13:00:00,Pipeline,68.83856541951056,46.352814755761756,1.4311998975178823,50.16036978592874,38.77665458738376,Corrosion,1
2023-05-11 14:00:00,Valve,64.59801289044526,47.38147858555237,1.658729976923227,59.92435984874029,33.21519738204254,None,0
2023-05-11 15:00:00,Valve,81.98815670280476,43.17102035974528,1.7416162162268551,72.14997439314462,40.48987105085773,None,0
2023-05-11 16:00:00,Heat Exchanger,89.48820108337715,46.073410398683805,2.13849716555955,76.31178786003065,24.70380165568927,None,0
2023-05-11 17:00:00,Compressor,71.84918072091077,59.7448155572381,2.851863577348619,53.5542432241895,46.31072222195896,None,0
2023-05-11 18:00:00,Valve,72.58569435275007,53.67827571820684,1.656559882605936,69.78612210271015,91.41430361656994,None,0
2023-05-11 19:00:00,Heat Exchanger,89.66782556898976,54.62952088363859,1.48698237622238,73.24105501627892,30.198419308795444,Overheating,1
2023-05-11 20:00:00,Pipeline,80.05557853215008,55.88604393708457,1.9457067615860284,47.815039900642894,71.60059939153155,None,0
2023-05-11 21:00:00,Heat Exchanger,79.36235704801055,59.170672821811955,2.5158694902570296,35.7972881722256,22.760605935805543,None,0
2023-05-11 22:00:00,Valve,63.09083494026273,41.14288724278078,1.2765585166196485,83.67994323866775,41.851596160920764,None,0
2023-05-11 23:00:00,Pipeline,81.78728069279418,43.8505844235673,2.7268170754374736,70.62695830689557,38.905730249073066,None,0
2023-05-12 00:00:00,Heat Exchanger,65.70863659490242,45.98138169552657,1.9139843189421653,68.88662453257749,94.3326454967495,None,0
2023-05-12 01:00:00,Pump,63.65979814065042,47.65135101755201,1.632839998843313,33.53415091271868,48.5183850221628,Overheating,1
2023-05-12 02:00:00,Pipeline,71.53228423233288,48.49715304707375,1.1999053566189204,79.07238345023559,72.14193494032455,None,0
2023-05-12 03:00:00,Pump,69.14207276551309,47.765112235969795,2.3532603867103137,63.963249365163186,64.22165280741964,None,0
2023-05-12 04:00:00,Compressor,72.7840030561496,51.09654456566027,1.9144144023792327,80.87306503905397,22.69270677562853,Wear & Tear,1
2023-05-12 05:00:00,Pipeline,60.59018365475082,50.17647695372608,2.0853527413772532,88.47367102420569,94.55864059275565,Wear & Tear,1
2023-05-12 06:00:00,Pump,84.58816306467672,46.38582602410875,1.549594129494318,87.42601925281453,41.12823626701869,None,0
2023-05-12 07:00:00,Valve,86.27686294516428,39.12225611506215,1.840451982874488,81.36536078341246,14.028252020528475,None,0
2023-05-12 08:00:00,Valve,55.52657525859186,45.035656473106506,1.7567093768226312,30.656842429882133,37.03993361597689,None,0
2023-05-12 09:00:00,Compressor,84.78457805666551,47.25380673343712,1.9497034473108963,83.1436324942174,40.20703532940935,Wear & Tear,1
2023-05-12 10:00:00,Pipeline,66.89471370178373,48.7646028159614,1.6652238368120948,34.50373882965873,18.347079464085446,None,0
2023-05-12 11:00:00,Pipeline,83.56975536982786,44.35166270344732,1.2329095196563893,81.07163821060604,65.79796657419485,None,0
2023-05-12 12:00:00,Pipeline,74.31553507333584,47.5459676675179,3.3642498726483034,46.81044411669742,41.208778498739086,None,0
2023-05-12 13:00:00,Compressor,75.28775564080999,44.34506305757207,1.318297876331243,66.60410031200206,66.62211456978739,None,0
2023-05-12 14:00:00,Pipeline,73.14902350578781,49.370903242258336,2.0907295034712696,32.284093868992784,10.606650723016045,None,0
2023-05-12 15:00:00,Valve,87.12129204233486,44.634543358186924,1.1139860857879789,76.27090176709368,98.38435590916772,None,0
2023-05-12 16:00:00,Pump,62.60411987474971,45.755476718147676,1.0014762816910125,36.70236733397829,25.346472269021344,None,0
2023-05-12 17:00:00,Valve,81.07840338735008,43.45657934505431,2.048913245926134,54.641290300546316,69.33978880344428,None,0
2023-05-12 18:00:00,Valve,86.0133016488955,49.23249652215108,2.0871837938841518,79.04676013951808,74.4205872951564,None,0
2023-05-12 19:00:00,Pump,82.16340080540411,45.66776115023801,2.630749495401192,71.72093979050011,25.444751477272845,None,0
2023-05-12 20:00:00,Valve,98.24698914323417,54.533921333377144,2.199773420507853,30.362561811484014,20.05410538921767,None,0
2023-05-12 21:00:00,Compressor,69.71053237275301,52.029251333464494,1.9250946406271046,54.18194007255293,23.73194726603278,None,0
2023-05-12 22:00:00,Pump,84.57304822593531,49.650740659081784,1.525199877967498,32.51565101787048,32.213643026045006,None,0
2023-05-12 23:00:00,Valve,73.9390936465858,46.01257251328106,2.7495060341167745,70.40999164910815,25.140890619361794,None,0
2023-05-13 00:00:00,Heat Exchanger,87.3340607635267,51.90260152658151,2.464425623025112,88.13690950519928,70.65994842604735,None,0
2023-05-13 01:00:00,Valve,74.9231100427863,53.45350444674318,1.3768352611257877,69.31567573804556,47.87498833534605,None,0
2023-05-13 02:00:00,Compressor,71.12124218137531,50.71344206100815,2.0189818641053177,43.462345867053344,58.40124350638268,None,0
2023-05-13 03:00:00,Pipeline,88.06072203871629,58.01850927733465,2.0720261157632485,51.31398192399241,14.260310992824243,None,0
2023-05-13 04:00:00,Valve,70.0843806098107,52.29818659037408,1.8271731716971655,88.59903333950805,87.5124066790651,Electrical Failure,1
2023-05-13 05:00:00,Pipeline,60.872742410994434,54.56803608784017,2.3859252429033972,43.443144721941,25.3514397885573,None,0
2023-05-13 06:00:00,Heat Exchanger,69.83153116826172,50.66782707767989,2.4158665691740886,63.69174438326656,42.413709830957934,None,0
2023-05-13 07:00:00,Valve,81.19032946588533,53.37832226628488,1.904757151097447,54.027228520904686,16.47114758449903,None,0
2023-05-13 08:00:00,Pump,88.92038751587091,46.01609383665412,1.8595653771011709,76.0989178756933,22.31138211834967,None,0
2023-05-13 09:00:00,Pipeline,76.11129375296512,47.70800818393603,2.749479231333766,82.04335631879323,69.92194689780953,None,0
2023-05-13 10:00:00,Heat Exchanger,88.18197067234026,51.7468177674119,2.4664194461811184,50.45023646101781,72.33283020301201,None,0
2023-05-13 11:00:00,Pump,61.41825078522406,51.71049740778691,2.0361801949541922,69.62378182196295,70.92689361628169,None,0
2023-05-13 12:00:00,Pump,70.56736535182097,52.53805911471624,1.1853954804599733,62.94286185106364,59.692310906141984,None,0
2023-05-13 13:00:00,Pump,72.11424882845898,55.50196446139365,2.172000053152518,46.706669403326,95.7269497610716,Electrical Failure,1
2023-05-13 14:00:00,Pump,73.8544057252748,42.87514414092294,2.349041732458834,46.3164481687801,55.64594446917188,Corrosion,1
2023-05-13 15:00:00,Valve,75.84094388250196,45.12773726194852,0.6227391858008136,62.31789885193824,50.447082636680186,None,0
2023-05-13 16:00:00,Valve,81.90910957392192,51.147863205371266,2.1259347241590127,39.24017241193799,32.27910091454291,None,0
2023-05-13 17:00:00,Valve,70.5519316182951,46.3781818409827,1.7916540066021323,78.64859378894829,18.896457633995134,None,0
2023-05-13 18:00:00,Heat Exchanger,76.39028686953125,66.88884120644681,1.8895728599352242,34.140290352024124,59.33394369695609,None,0
2023-05-13 19:00:00,Heat Exchanger,74.54877109675948,52.57859809585068,1.5463095236183397,35.67446917249898,38.34011680235453,None,0
2023-05-13 20:00:00,Heat Exchanger,65.7411009610885,49.60834575534921,1.925905354798179,50.53357853563605,57.162284487146366,Electrical Failure,1
2023-05-13 21:00:00,Compressor,73.86333310918565,47.422653634580705,2.6959957880906655,37.085505491828,28.550717043443175,None,0
2023-05-13 22:00:00,Heat Exchanger,73.56340470102882,47.59918858403478,1.7768007505922423,58.542001275329554,85.43554049871203,None,0
2023-05-13 23:00:00,Valve,73.34919434996954,50.150703306575885,2.4827867793965916,53.980553426512216,99.97274886931622,None,0
2023-05-14 00:00:00,Valve,75.3175945658145,50.55990966310629,1.596834390560195,73.30858775314303,39.01631591085845,None,0
2023-05-14 01:00:00,Compressor,75.75673540613386,47.71650427653243,2.3793780963280193,87.18024931258321,85.80948465342968,Wear & Tear,1
2023-05-14 02:00:00,Compressor,70.67704820892669,48.63423876740049,2.0008279278109757,75.21351508434756,88.56875227531667,Electrical Failure,1
2023-05-14 03:00:00,Heat Exchanger,87.72714733971264,56.72142287617298,2.1760124143946404,40.76691977283626,99.64664098813716,None,0
2023-05-14 04:00:00,Pipeline,63.305193707969835,56.92252481325517,2.003576628048744,86.13127712786418,40.84481168001815,None,0
2023-05-14 05:00:00,Compressor,67.79029891530104,51.26016989967439,2.3208126162206044,53.528005953184035,78.04372543426952,None,0
2023-05-14 06:00:00,Pump,102.79963624223555,43.29370136381631,0.716207441033121,58.451361655614775,30.592810327778686,Overheating,1
2023-05-14 07:00:00,Valve,64.6200864501077,52.69251578319522,1.2900873432712152,55.294574242238134,66.2316401162929,Leakage,1
2023-05-14 08:00:00,Pump,61.462453252902414,57.77141220805513,2.208540249004322,46.83282139726314,73.43583125255539,None,0
2023-05-14 09:00:00,Valve,82.34476745001218,56.84890550981189,0.9782308230518821,83.70265726784903,76.70086232815868,None,0
2023-05-14 10:00:00,Valve,54.22880146226126,53.67212926404834,1.7347098221763955,49.93433195379697,28.645495172601546,None,0
2023-05-14 11:00:00,Compressor,72.64726090027561,57.11211477642911,1.972829579481675,64.71578818077279,86.38530134465753,Wear & Tear,1
2023-05-14 12:00:00,Compressor,96.45824925076488,50.26692136239511,1.5859299311935517,44.40201506245981,47.887467435328766,None,0
2023-05-14 13:00:00,Pump,59.550640778466,53.140514849168525,1.6542192986531132,77.84252248621083,29.473256596109955,None,0
2023-05-14 14:00:00,Valve,55.18035514261287,46.5961221683741,2.135791100076796,76.45191957175119,58.82779795347114,Corrosion,1
2023-05-14 15:00:00,Pump,60.00818798042302,51.46132728077856,2.504647477889905,47.778728306822636,87.70214166462479,None,0
2023-05-14 16:00:00,Pipeline,83.98359568346986,56.647671219852626,1.5207753093725962,70.89324438860722,97.03791188003024,Wear & Tear,1
2023-05-14 17:00:00,Pump,86.24776719985812,47.052882942565546,1.712470901906315,72.23241198569698,77.33870395550869,Corrosion,1
2023-05-14 18:00:00,Heat Exchanger,69.87411203021492,45.69278285267857,1.6343695133364775,63.750684966285974,10.506059764422618,None,0
2023-05-14 19:00:00,Pump,81.83212404001068,50.487444695118484,0.7893101240613607,66.0359029363002,22.123068441936052,None,0
2023-05-14 20:00:00,Heat Exchanger,88.9025532751199,48.86668898138,2.0708558951587546,64.46727829744775,16.864658779497915,None,0
2023-05-14 21:00:00,Heat Exchanger,92.87346414429825,53.2457386053521,2.467358872914246,34.911864239690736,19.109236869449628,None,0
2023-05-14 22:00:00,Heat Exchanger,72.53664718820151,47.73370237026479,2.508321603657941,70.21592068282709,44.473146041779756,None,0
2023-05-14 23:00:00,Pipeline,51.98528282330013,58.59219807801357,1.5646168117796306,58.18650059032147,40.4643983345765,Wear & Tear,1
2023-05-15 00:00:00,Pump,66.79121077590314,43.55161951019472,1.3741509757399286,56.30743683248481,20.231648314147904,Electrical Failure,1
2023-05-15 01:00:00,Pump,70.73195805064742,56.268673931098675,2.0108027737958425,81.59995312690805,89.40118164528242,None,0
2023-05-15 02:00:00,Pipeline,72.4106120342161,46.17575385845949,2.4146368432832337,31.39360280766706,65.38848186991243,Corrosion,1
2023-05-15 03:00:00,Valve,73.1214059899128,41.02008632707988,2.077425224155192,45.07889507752531,81.68169780608041,None,0
2023-05-15 04:00:00,Compressor,86.1889459793067,51.18937578174434,2.1446523179368806,37.28420999056478,43.439444996988776,None,0
2023-05-15 05:00:00,Pump,87.74428426687581,48.726960069930584,2.5709154638681166,32.12046267658354,46.92124146588111,Wear & Tear,1
2023-05-15 06:00:00,Compressor,73.28326346075217,44.45195316048485,1.6304317203846483,46.54061986055685,38.585908948305516,None,0
2023-05-15 07:00:00,Pipeline,85.98484876051819,41.59311554142368,1.890014956663485,89.30857636768066,49.4583950888642,Electrical Failure,1
2023-05-15 08:00:00,Valve,78.57661366631089,49.95819606364272,2.8173027558806005,46.21375039245443,64.93395361195482,Electrical Failure,1
2023-05-15 09:00:00,Valve,75.64505972862571,54.87918445811909,1.9015944384511865,69.82234918774628,54.36856070562173,Wear & Tear,1
2023-05-15 10:00:00,Valve,84.06544157109964,52.92476746543222,1.3663315170167145,37.09793340244329,85.41253055696052,None,0
2023-05-15 11:00:00,Pipeline,75.72252048237915,50.28353324419633,1.6653219518748525,66.1108578028338,91.01252517488417,None,0
2023-05-15 12:00:00,Heat Exchanger,95.57811177097761,52.39423786608867,1.5309100743893789,89.0688889882988,52.27154680308393,None,0
2023-05-15 13:00:00,Heat Exchanger,60.61588833205441,49.863929338110715,2.178581292850635,47.51025140762792,31.57731823137845,None,0
2023-05-15 14:00:00,Compressor,69.84829100907982,42.851378784848144,1.5520264982056107,80.88453698253497,95.0673177513378,Wear & Tear,1
2023-05-15 15:00:00,Heat Exchanger,73.73481103046049,42.89553007388278,2.1355171264306225,89.85428282199213,76.15347787458305,None,0
2023-05-15 16:00:00,Heat Exchanger,79.3945269045799,48.984157355076604,1.6319673907296752,65.31324532324464,67.61143774484918,None,0
2023-05-15 17:00:00,Valve,87.67960487103089,49.19673356816963,0.938310730800886,48.56406602568212,77.08723602615783,Electrical Failure,1
2023-05-15 18:00:00,Valve,74.75601432763844,54.25491339253382,2.153309893490961,70.41187559394936,16.83836041572306,Wear & Tear,1
2023-05-15 19:00:00,Compressor,60.77770350493793,53.786521118873736,2.0742318407734444,80.69089237611712,16.086369487390527,None,0
2023-05-15 20:00:00,Pump,83.42513896455004,53.025665078794745,2.2588789078544202,40.2810145777187,23.780858732288866,None,0
2023-05-15 21:00:00,Compressor,82.54958766141965,48.5985864346141,1.6635063904173717,57.1509458304872,23.270587069647917,None,0
2023-05-15 22:00:00,Compressor,55.58141340620594,43.096739149449306,1.6102277623203118,49.15126260743045,47.8603427364464,Wear & Tear,1
2023-05-15 23:00:00,Pipeline,74.96195866329201,52.06035568533012,2.2007334292407728,47.001539817742795,24.166367405682777,None,0
2023-05-16 00:00:00,Pipeline,59.09858169319702,52.62584656631084,2.7595097862654905,81.64927564441035,86.90730798399369,None,0
2023-05-16 01:00:00,Compressor,68.35348902497938,38.057342687611566,2.005584004753164,55.299240409310315,62.028723783522324,None,0
2023-05-16 02:00:00,Compressor,65.971910730372,45.828309067086686,2.2122925480235724,50.34458050823477,43.143570671522625,Wear & Tear,1
2023-05-16 03:00:00,Compressor,83.09264698241986,46.54472811303052,1.8392061577871464,66.21063248556082,16.266028440274038,None,0
2023-05-16 04:00:00,Heat Exchanger,76.16830174172183,50.59175100561718,1.2281847390631575,43.16409477824288,63.19250163632126,None,0
2023-05-16 05:00:00,Pipeline,62.144089992439724,45.98319783617153,2.483714709577029,43.793609434084736,20.48795385329137,None,0
2023-05-16 06:00:00,Compressor,83.80065962957342,49.8093271558768,2.454207119543081,61.21732385229028,76.88982253623456,None,0
2023-05-16 07:00:00,Valve,60.661941760715855,48.94732529823504,2.355387012587597,54.55636371877105,82.24822870694393,None,0
2023-05-16 08:00:00,Valve,78.30113790470944,49.20425264231136,1.9090272808287907,47.69894303533947,58.957863216385704,Electrical Failure,1
2023-05-16 09:00:00,Heat Exchanger,66.85989330708445,46.41802853149627,2.29852804986927,33.23706793644613,23.46425732267717,None,0
2023-05-16 10:00:00,Heat Exchanger,71.3432291746948,46.805074729666615,2.4468808986939155,61.246454318311294,80.8176451366419,None,0
2023-05-16 11:00:00,Pump,80.04270748038384,44.59866470109654,2.8100793424783537,78.9965523360645,37.70450103334006,Overheating,1
2023-05-16 12:00:00,Pump,80.21449399059529,51.90033720286916,2.494263052323721,81.08263231716347,30.038782847811383,None,0
2023-05-16 13:00:00,Pump,88.3696907355596,52.85551314295684,2.0319106125168194,44.12639878356481,52.35009769165828,None,0
2023-05-16 14:00:00,Heat Exchanger,74.17746300328547,46.146910249373306,1.3458733722878142,65.9784722368493,93.03816172446261,None,0
2023-05-16 15:00:00,Heat Exchanger,78.06450862963341,57.60320048008522,2.0778291488358707,81.35287856777643,36.76359628670713,None,0
2023-05-16 16:00:00,Heat Exchanger,70.62262677595675,48.42699276278976,2.128288697924654,54.52355569657588,91.50206508753583,None,0
2023-05-16 17:00:00,Valve,76.81989882622797,57.650928118982804,2.354514887659152,85.92820903845171,14.82879778658451,None,0
2023-05-16 18:00:00,Heat Exchanger,79.39486048008511,46.78936413084198,2.676945929661713,84.17871174777318,17.517133451615212,Overheating,1
2023-05-16 19:00:00,Valve,74.01690152545623,39.86711111700282,1.9524247439716103,42.48803384512856,72.87049226217223,None,0
2023-05-16 20:00:00,Pump,56.96249515907503,52.01098912456175,3.0504935949065555,45.53788997401223,27.1533395303358,Wear & Tear,1
2023-05-16 21:00:00,Pump,78.31470896330896,51.242725525594935,1.1203564899797114,40.82651991875814,38.49586148769629,Electrical Failure,1
2023-05-16 22:00:00,Pump,78.64561477355457,50.17196897653792,2.2096709362308125,41.76326108728214,22.273568288252115,None,0
2023-05-16 23:00:00,Compressor,68.19826523652048,46.78883760778005,1.6007398039079859,84.47172523040987,39.902344221929354,None,0
2023-05-17 00:00:00,Compressor,62.15612963927486,49.827138872570906,1.0463890001555987,85.86827455155738,35.2413994503217,Corrosion,1
2023-05-17 01:00:00,Pipeline,89.75879150503965,47.44370271065236,1.8991128118504208,33.11383447110786,76.27038750900853,None,0
2023-05-17 02:00:00,Pipeline,79.91445510894403,48.48825216834125,1.2714136507895217,65.61620134033228,73.18210493701395,Electrical Failure,1
2023-05-17 03:00:00,Pipeline,72.7091896907829,54.20816127882537,1.9192860509835916,63.853893771454295,95.9434458785529,None,0
2023-05-17 04:00:00,Compressor,63.62967116852513,50.92108614765047,2.0173846240472284,53.432858803467596,75.19795166557367,None,0
2023-05-17 05:00:00,Compressor,66.78185171578654,53.04975693665989,2.559270704667975,67.90185556938641,72.53359777192465,None,0
2023-05-17 06:00:00,Pipeline,88.02590396786232,48.84065746687105,1.2462074326180312,86.842069530651,72.47835001563865,None,0
2023-05-17 07:00:00,Pipeline,76.37661940868045,48.28991327097612,2.454222582822886,40.21529296332877,89.46707100833585,None,0
2023-05-17 08:00:00,Heat Exchanger,69.49412932999293,44.23258734555678,2.049040225139897,37.22465458298734,36.6613059587995,None,0
2023-05-17 09:00:00,Pipeline,80.09689231224657,48.14981693715902,2.5144245768047973,32.00343424973854,37.00828982744238,None,0
2023-05-17 10:00:00,Heat Exchanger,66.85601812553676,33.394427222054304,1.7841244124844362,51.82999847040861,76.70924287344431,Corrosion,1
2023-05-17 11:00:00,Valve,90.00843030280379,47.04889016847183,1.3338777066182774,50.25770862467196,30.583462343511467,Corrosion,1
2023-05-17 12:00:00,Compressor,88.52800534896726,49.590629114045804,1.391250336892067,55.84918128951863,92.0818003733173,None,0
2023-05-17 13:00:00,Pipeline,70.33425928797223,52.81836827135078,1.354096273166442,60.19860185285694,58.130355257819744,None,0
2023-05-17 14:00:00,Compressor,68.7132975296914,48.65661061237522,2.2389070764603276,75.46943964182728,37.01124352835485,None,0
2023-05-17 15:00:00,Compressor,48.8186680130772,51.738367711224996,2.7384610111073497,53.5268034274511,79.84899367209842,None,0
2023-05-17 16:00:00,Compressor,60.18419228448632,39.101056693048776,1.7175242366723897,49.83678656167402,38.10885668877665,None,0
2023-05-17 17:00:00,Valve,61.60530225042244,49.715815738965254,2.314567649128892,79.61272921557762,96.69504853646845,None,0
2023-05-17 18:00:00,Pump,76.35190340987386,41.60248603543298,1.23827897093219,80.98780023921938,98.46902887524863,None,0
2023-05-17 19:00:00,Pipeline,71.7376629555864,43.95848242170334,2.0901606245886497,43.96595785760119,70.01166177695765,None,0
2023-05-17 20:00:00,Pump,61.54664512584759,49.06417226068069,2.3342813081685634,48.8803093626785,20.227050077520634,Wear & Tear,1
2023-05-17 21:00:00,Pump,72.18835957535443,56.38131993936777,1.2759376123615658,79.5069822546053,33.68879649399633,Corrosion,1
2023-05-17 22:00:00,Pump,80.05337147647349,51.856033817350294,1.8980582655100728,34.76449465786589,56.38752659944498,Overheating,1
2023-05-17 23:00:00,Compressor,80.27839349915587,50.091154985685584,2.3579585702427828,49.550806823444276,86.63027050881834,None,0
2023-05-18 00:00:00,Heat Exchanger,56.00329719141119,49.902348052664486,0.5331146763852614,56.90100642245167,26.639784724782576,None,0
2023-05-18 01:00:00,Compressor,73.71736519516169,46.43185553397766,2.6677265308508713,41.22429691203426,19.39631131125391,None,0
2023-05-18 02:00:00,Compressor,61.1665922302839,47.28008293313658,2.176839687945524,40.79485179664189,16.702973487013203,None,0
2023-05-18 03:00:00,Pump,84.01728697140274,52.136880227353984,2.3583638238586713,55.49172348081172,55.62708061240422,None,0
2023-05-18 04:00:00,Compressor,82.84146416353498,43.07319740777753,1.7936403604026179,75.27130348409133,89.62308726352352,None,0
2023-05-18 05:00:00,Pump,66.01972773675541,52.965270251415106,1.1386387592173222,80.41397877285765,13.81233183795031,None,0
2023-05-18 06:00:00,Heat Exchanger,67.339547975996,48.057464664405735,2.2670314781584757,88.7541055521704,29.108938059418115,Corrosion,1
2023-05-18 07:00:00,Pipeline,70.38732949501693,54.12778537434782,1.958704837291744,34.439043005503144,72.39313142555515,None,0
2023-05-18 08:00:00,Pump,52.47206605268661,54.805467286160415,2.01605772771616,43.00093206875956,84.32770916293438,Corrosion,1
2023-05-18 09:00:00,Heat Exchanger,78.35968173440577,41.6345799374713,2.543803492599477,75.39779054305185,82.66595763692526,None,0
2023-05-18 10:00:00,Pipeline,72.2715545365987,47.09209618386391,2.381031936931299,62.435922363339714,80.6561251588298,None,0
2023-05-18 11:00:00,Valve,84.70175082567859,45.72236156029688,2.960618708544806,49.66078643774509,21.681982073200597,Wear & Tear,1
2023-05-18 12:00:00,Pump,64.01590782037448,40.93636017463429,2.0769271144367494,42.33537967483461,45.75138239646267,Wear & Tear,1
2023-05-18 13:00:00,Pump,68.80877051750068,44.83733361895295,1.6543937811044414,46.82865309854688,98.6270196548572,Electrical Failure,1
2023-05-18 14:00:00,Valve,59.93474741960885,62.2062792263267,1.9057915765456368,55.757337018057115,98.99988144292793,None,0
2023-05-18 15:00:00,Valve,64.95709436505747,53.0475494810622,2.2078316862693033,40.62907317036196,64.21846527587692,None,0
2023-05-18 16:00:00,Pump,63.18018003931781,59.58643984302877,2.507928259496489,87.85355735260504,73.83404842490208,None,0
2023-05-18 17:00:00,Valve,84.95973678846445,54.14549220009168,1.2664830242806406,36.45530667599246,95.61554166567782,None,0
2023-05-18 18:00:00,Compressor,68.01738151248608,46.290784194957624,2.0042688075895843,89.13464606935315,50.49350751170894,None,0
2023-05-18 19:00:00,Pipeline,76.24175684744614,48.091144016629784,2.8047708285191844,80.51359716004035,22.318017209541395,None,0
2023-05-18 20:00:00,Pipeline,71.19236596138195,52.94218090120154,1.8798955644987398,55.38909705082435,70.20539879644704,None,0
2023-05-18 21:00:00,Pipeline,62.30534733987187,52.18753101736518,2.465505927434552,74.3889800632926,96.40920744104712,None,0
2023-05-18 22:00:00,Compressor,73.31699576828358,47.11328992145833,2.2465587636080024,70.29091462178316,72.7485484479665,None,0
2023-05-18 23:00:00,Valve,80.99103331863594,42.45003414710396,2.47793030326249,42.797215076935856,82.29890143213639,None,0
2023-05-19 00:00:00,Heat Exchanger,62.92240607456648,66.4388059369437,1.5951197292000339,50.344205167136785,48.047392357355356,None,0
2023-05-19 01:00:00,Valve,83.09112790731379,49.29425163828597,1.5972991649672097,60.78735376832747,18.681683873036597,Electrical Failure,1
2023-05-19 02:00:00,Pump,66.50279078522304,48.3713055340869,2.010135946061144,68.27065079326361,25.199387789655997,None,0
2023-05-19 03:00:00,Pipeline,70.1701607392716,50.56667231952651,1.2338891063798443,62.57369888139729,98.43893464919294,None,0
2023-05-19 04:00:00,Valve,80.30683123010047,48.78635705344486,1.865129696694171,58.37924766038843,54.38658852948588,None,0
2023-05-19 05:00:00,Heat Exchanger,68.36563842780512,50.61364453852742,2.1264383287578337,56.589136407294006,11.08185311595249,Leakage,1
2023-05-19 06:00:00,Pump,75.37574859335865,56.4347364305821,2.892317803474886,59.89586995770108,95.98305526580565,Overheating,1
2023-05-19 07:00:00,Compressor,71.85309171211908,49.377257601567884,2.2013590946349106,56.06109119075822,54.80019207739477,None,0
2023-05-19 08:00:00,Compressor,76.29368006703818,44.18644780336119,2.312614235436551,62.479804652742956,85.26415584626538,Corrosion,1
2023-05-19 09:00:00,Heat Exchanger,51.19260894476503,49.19178102760694,2.582237923525003,83.27911794280001,59.36123278332041,None,0
2023-05-19 10:00:00,Pump,56.70318184791917,47.67799109295045,1.5176712055524717,67.9697587832767,19.1532055307285,Corrosion,1
2023-05-19 11:00:00,Pipeline,81.15967006046839,57.119494686234255,1.9174586688145072,73.35725249931241,65.4012623918752,None,0
2023-05-19 12:00:00,Valve,85.3718140564905,55.85559532368785,3.2127062959019463,65.8489880238466,99.76602486876483,None,0
2023-05-19 13:00:00,Pump,65.89513296468479,50.537625002153995,1.9604388888077457,68.58106094484013,13.126400438134876,None,0
2023-05-19 14:00:00,Compressor,72.55971647828866,43.606320725903714,2.5582153743911036,64.70098970689081,85.76147777635396,None,0
2023-05-19 15:00:00,Heat Exchanger,77.94719252902301,43.87053868280027,2.4818689385865538,31.61199133174939,31.193271608568846,Corrosion,1
2023-05-19 16:00:00,Heat Exchanger,81.93217601658704,50.075616307922765,1.2609431428061555,89.97590293200119,45.4479600440967,None,0
2023-05-19 17:00:00,Valve,54.723227283291514,51.6816148466064,2.155239638502967,32.0165544127738,43.54385605956058,None,0
2023-05-19 18:00:00,Heat Exchanger,66.13959753021624,48.126885903369725,2.0733737361026128,53.708880494019226,90.89174748422077,None,0
2023-05-19 19:00:00,Heat Exchanger,71.67420620150125,47.599152078963826,2.1649793939202175,36.30694069793601,55.40375699486543,None,0
2023-05-19 20:00:00,Pump,82.0314019723605,47.036003834106765,1.62294376010447,35.81570702645595,50.245685815098476,Wear & Tear,1
2023-05-19 21:00:00,Pipeline,99.98430483721495,49.88303019878027,1.4415402440439204,77.61161710046902,83.62225979530987,None,0
2023-05-19 22:00:00,Valve,72.71994273190282,38.08618823963467,1.7619949999895743,55.55554676148462,14.401642087445298,Overheating,1
2023-05-19 23:00:00,Pump,60.93022537896012,44.493366856151454,1.9511025014578987,78.06832249792589,17.78106835857014,None,0
2023-05-20 00:00:00,Pipeline,79.02268077201298,46.86474577276325,2.592492223800158,46.36718824084989,11.951997118866037,None,0
2023-05-20 01:00:00,Pump,88.2099578954071,56.0375159747596,2.9086554098628037,45.38776750837408,71.91846136067957,None,0
2023-05-20 02:00:00,Pump,76.08014120979502,45.93093179035535,2.698298923111589,45.07388290886773,57.30545233712631,None,0
2023-05-20 03:00:00,Heat Exchanger,65.93351454845707,50.902340709156036,2.430092605390922,66.96873758447515,88.84199132814544,Wear & Tear,1
2023-05-20 04:00:00,Pipeline,84.5799394148002,51.13271375465498,1.497829868850205,78.899963390736,54.86796126753451,None,0
2023-05-20 05:00:00,Valve,81.63545618498435,56.48958252830381,1.7955519125052524,57.135660604514435,29.963761548579473,Overheating,1
2023-05-20 06:00:00,Valve,64.73919155804376,56.31288703482075,2.104963026206499,52.754933438464946,82.46326357939745,None,0
2023-05-20 07:00:00,Pipeline,78.81425617534342,49.712485156025416,1.6837804809619126,88.41477325209897,36.48914688093606,None,0
2023-05-20 08:00:00,Heat Exchanger,84.97265567658873,47.622576294052784,2.2886028262639755,37.00524216069833,94.21208039369881,Overheating,1
2023-05-20 09:00:00,Compressor,86.81890042558894,46.68083448587155,2.3602430541271437,59.197960922693554,32.53814990670164,None,0
2023-05-20 10:00:00,Pump,74.33551024690544,48.7946838876711,2.2681450312827343,54.50926519088606,25.094858758325813,None,0
2023-05-20 11:00:00,Heat Exchanger,71.41920553820681,47.829833228382,2.5125673022787907,35.88759579521342,54.3991592359619,None,0
2023-05-20 12:00:00,Pipeline,87.27273822081263,52.76813704679116,1.547704393143463,46.09202172529315,14.546360617321898,None,0
2023-05-20 13:00:00,Pump,62.89839497019115,52.10154908742602,2.466414352046099,31.70647275474672,13.277055563435589,None,0
2023-05-20 14:00:00,Valve,79.38579290921005,52.959005955725075,1.652177274939902,82.61725733897742,54.64130907299122,None,0
2023-05-20 15:00:00,Compressor,61.29973372635571,56.29641855718084,1.5295320236785572,66.47097173942407,29.35961927153088,None,0
2023-05-20 16:00:00,Valve,85.65376272259603,59.31434560700089,2.2660580670931907,78.90110987221505,10.841737455566317,None,0
2023-05-20 17:00:00,Pipeline,72.41954484388839,50.62331696703779,2.6079367810994905,61.29326714417939,36.64512202883695,Overheating,1
2023-05-20 18:00:00,Pump,87.68583235647469,55.49731885697827,2.244006743188005,65.97058976531366,52.96306184619327,Electrical Failure,1
2023-05-20 19:00:00,Pipeline,79.91412756355527,48.24169908082892,2.010402011886272,72.0512686685499,45.48598313143808,Leakage,1
2023-05-20 20:00:00,Pump,62.7677976993807,55.92503491791508,2.1550769130507534,84.48069764785289,22.192251954438078,Wear & Tear,1
2023-05-20 21:00:00,Heat Exchanger,89.24627732077244,55.30754578587922,2.06821345903364,35.50511326955075,62.17073450487798,Overheating,1
2023-05-20 22:00:00,Compressor,90.51245266427729,55.04207984971496,1.437024551932303,49.85690368414362,73.92996920328733,None,0
2023-05-20 23:00:00,Heat Exchanger,83.82286492599215,50.47034920595762,1.3786899275275424,72.54157144200002,70.79852459469657,Corrosion,1
2023-05-21 00:00:00,Heat Exchanger,67.3841213496378,46.65820918004555,1.9605870602632727,87.50103378008356,45.438572915494525,None,0
2023-05-21 01:00:00,Pipeline,71.93986045642592,43.02735781067262,2.039928417884652,88.84844570940032,22.383653605400262,None,0
2023-05-21 02:00:00,Compressor,76.45427217405759,49.7998139623945,2.005666189183867,68.28618054823573,54.95380961416504,None,0
2023-05-21 03:00:00,Pump,67.96289600668567,57.665062711245916,2.3380508068249566,41.61590866529204,90.13885794433745,None,0
2023-05-21 04:00:00,Pump,91.92346572463205,48.450775493179634,1.89226164191783,37.152534684837406,52.185056404710956,None,0
2023-05-21 05:00:00,Valve,76.44326471726036,53.92563292730027,2.281489590952428,86.76261865682552,27.611294476742884,None,0
2023-05-21 06:00:00,Pump,47.966519528926426,54.219757002594655,1.927706616336776,56.03566136775045,18.374797278435736,None,0
2023-05-21 07:00:00,Pipeline,78.3935581275622,48.581568895364136,2.911679481018233,41.68896199576109,94.95339742889917,None,0
2023-05-21 08:00:00,Heat Exchanger,71.51842603182686,56.5817241875976,2.040356863363223,86.03355094665608,76.87084679892234,Leakage,1
2023-05-21 09:00:00,Heat Exchanger,74.25073443881553,35.45669627759748,3.170361305762839,36.27145629385871,38.16702754304341,None,0
2023-05-21 10:00:00,Heat Exchanger,71.31380634214301,43.886248606309124,2.176005795545432,73.7742658114245,36.5817165584657,None,0
2023-05-21 11:00:00,Compressor,83.07046416606687,45.4218385182077,1.8931614147058922,67.51578165260005,90.56966380503377,None,0
2023-05-21 12:00:00,Pump,86.19687778553381,45.90142488566305,1.5502760118701628,35.26407986285351,25.9811411328686,Electrical Failure,1
2023-05-21 13:00:00,Pipeline,77.83053162258653,51.68131475592948,1.2785557129711531,50.324927738366526,58.15335606908901,None,0
2023-05-21 14:00:00,Compressor,71.60688812861841,51.45018901526951,1.5042788578019217,38.99584137240064,74.21538476613712,None,0
2023-05-21 15:00:00,Valve,74.5866279519083,51.96995286087504,1.560196845418005,66.26991555198967,45.675131676912066,None,0
2023-05-21 16:00:00,Pipeline,75.19599616577628,52.980407470662435,2.1974100102060885,58.626781900645724,13.59121082887797,None,0
2023-05-21 17:00:00,Pipeline,66.97569960135164,45.24947715427175,1.7369173144699062,30.25650747962946,30.49829323475694,Wear & Tear,1
2023-05-21 18:00:00,Pipeline,80.78928648571235,43.9091196659634,2.0934635262772487,88.54263397703448,91.16273236981364,Corrosion,1
2023-05-21 19:00:00,Heat Exchanger,79.60042323860466,51.98159841003932,2.640989181188343,50.97507899337242,57.080707015559895,Leakage,1
2023-05-21 20:00:00,Pipeline,90.40441239776673,46.8488396317678,1.9560958241825732,45.492263570223,83.38971218391728,Electrical Failure,1
2023-05-21 21:00:00,Pump,87.55349780288475,42.147624773160146,3.039578349233402,43.34657734764616,60.01169885115556,None,0
2023-05-21 22:00:00,Pipeline,68.1432508240987,54.85672142270741,1.4120945098304012,39.52895377041407,94.92418861410731,Electrical Failure,1
2023-05-21 23:00:00,Heat Exchanger,83.20298374508965,56.97550953251149,1.924708225812536,89.9482245729906,91.82206680011606,Electrical Failure,1
2023-05-22 00:00:00,Pipeline,65.49046616905528,57.785804448493295,1.7303435381945107,47.70656807289629,53.45992378093617,None,0
2023-05-22 01:00:00,Valve,81.9593210094085,50.9350386073736,2.468253303028504,54.3308098334569,38.64466228927145,None,0
2023-05-22 02:00:00,Valve,69.83385801239892,53.12966047986451,0.8801041848169395,82.28135497068533,64.15019086110493,None,0
2023-05-22 03:00:00,Heat Exchanger,64.76746776624415,56.849341116809555,1.2784423554110944,68.51325021257269,70.73989135025262,None,0
2023-05-22 04:00:00,Pump,77.80045342697404,46.79292104988283,1.9463265887745187,52.12166470471635,54.85195830705684,None,0
2023-05-22 05:00:00,Pump,48.254328718458595,55.55338842027046,2.7756888605047467,83.89970615543118,84.0054898985585,None,0
2023-05-22 06:00:00,Compressor,57.490244255947715,51.37698117071604,2.112920917018654,74.98345213281601,26.499566960639452,None,0
2023-05-22 07:00:00,Heat Exchanger,73.22508116225717,54.56855826171295,1.324226272867883,43.67403045250198,40.09706475616291,None,0
2023-05-22 08:00:00,Pipeline,75.82441766634842,50.93046510437968,1.4014167036548848,68.62433967599523,71.77387216298077,None,0
2023-05-22 09:00:00,Heat Exchanger,71.30681229841811,56.48128354874001,2.8364948514224766,85.34390989754408,32.201547884880156,None,0
2023-05-22 10:00:00,Compressor,59.20563701282401,51.11761881270768,1.6894326006018796,59.78765270702475,49.58602702152705,None,0
2023-05-22 11:00:00,Heat Exchanger,66.82108157861495,42.580104702662915,1.528518313775118,74.01674416990002,96.73601919654634,None,0
2023-05-22 12:00:00,Heat Exchanger,78.91209327237394,57.25963316157361,2.7386862803154304,88.26622463934956,66.32883754179167,None,0
2023-05-22 13:00:00,Compressor,80.81781770628362,45.26234629513944,2.5055485027934954,71.42484845371277,95.41515111770131,None,0
2023-05-22 14:00:00,Pump,74.8377688240406,56.26529105121957,2.637029821633398,36.14632138596484,75.01972629237183,None,0
2023-05-22 15:00:00,Pipeline,86.56833781036988,49.54878559279839,1.5249790598670918,44.67357305587736,75.22000927004557,None,0
2023-05-22 16:00:00,Compressor,78.97397023459234,55.88005492598853,1.2374471794928197,65.70578624055894,63.267145632118506,None,0
2023-05-22 17:00:00,Valve,67.52544346041788,55.673843074333824,2.066583244681353,46.53334892231437,22.798773533325413,Leakage,1
2023-05-22 18:00:00,Pump,72.19497946588383,52.15071487157686,2.167563066536832,87.4525023233484,56.774286179765895,None,0
2023-05-22 19:00:00,Valve,60.97133842792145,52.542676588135656,2.182300901852416,54.321122041330426,32.73995804531239,None,0
2023-05-22 20:00:00,Pump,73.91861009608583,52.11314308596283,2.739091967819501,57.43382434394191,99.88052989161523,None,0
2023-05-22 21:00:00,Pipeline,86.12100619221339,39.93087621859461,1.1331164549958759,72.09612560820703,34.02657460910984,Wear & Tear,1
2023-05-22 22:00:00,Pipeline,81.85290084710968,50.59165109449101,2.4298475256488827,61.454983880512444,30.761725911530363,Electrical Failure,1
2023-05-22 23:00:00,Heat Exchanger,89.02009325919121,44.41967911964053,1.4516874779263411,52.9287580133261,66.14948396116401,None,0
2023-05-23 00:00:00,Valve,71.97114756201007,50.85593571872831,2.4278676604304206,34.59827250927472,55.98539318976671,None,0
2023-05-23 01:00:00,Pump,88.46099794514258,44.28528726808392,1.7625216477393113,65.78673537047183,11.921762192906275,None,0
2023-05-23 02:00:00,Pipeline,73.0669577355203,44.075240293869626,1.5930141020547441,82.05480184764208,21.657986109322287,None,0
2023-05-23 03:00:00,Compressor,89.71585082569894,58.02467250876951,1.6950486465253989,71.14574650560337,82.99386476447613,Electrical Failure,1
2023-05-23 04:00:00,Pipeline,74.78143252557877,55.347236940620945,1.2771948996117186,52.88970060281713,53.532275963280455,None,0
2023-05-23 05:00:00,Compressor,82.07231373804277,49.97928707527923,2.0202144699167337,37.663563877387766,23.141369334071292,None,0
2023-05-23 06:00:00,Pump,89.75112364309855,50.92384325124512,1.6136633046697715,78.98029121425463,51.87183065521602,None,0
2023-05-23 07:00:00,Pipeline,73.06572371418794,48.76041987128495,2.393149115450139,86.50490173387229,32.783417477416336,None,0
2023-05-23 08:00:00,Pipeline,77.18388987544174,52.849381879897614,2.320028040516459,53.296379447775884,30.123231500110936,None,0
2023-05-23 09:00:00,Pump,87.88863425206303,46.61972816725598,2.8440785264513955,73.7185313510437,96.1952748800594,Corrosion,1
2023-05-23 10:00:00,Pipeline,73.66996836069936,54.96870131433979,2.1831637417705387,54.64580639344534,42.58220741719669,None,0
2023-05-23 11:00:00,Compressor,61.79107717493839,48.734565794929445,2.2603388835400366,60.13601633113197,14.178799420510522,Leakage,1
2023-05-23 12:00:00,Pipeline,96.4300705458491,47.900765020843856,2.700049905913907,80.18858283698458,97.32940053735724,Electrical Failure,1
2023-05-23 13:00:00,Valve,70.30235535662864,50.108565092424215,1.686168651986652,35.00546053266922,81.5355617294942,Corrosion,1
2023-05-23 14:00:00,Heat Exchanger,76.58756050937542,47.04426585037195,1.2558708935884837,61.820120927202304,32.89719759077427,None,0
2023-05-23 15:00:00,Compressor,86.56006669451128,51.64341174748242,2.100047029564197,42.87721648027335,46.800265123485225,None,0
2023-05-23 16:00:00,Valve,68.91506096268799,47.313187053433,1.288683265392798,50.38835672974574,87.60606171356156,None,0
2023-05-23 17:00:00,Pump,64.9213208677787,52.34261801409418,3.226969336462695,68.66572947853646,42.167216739094684,None,0
2023-05-23 18:00:00,Compressor,77.53737296774833,56.08003269455738,2.7277491460394714,31.633704740210902,61.0663637805939,Electrical Failure,1
2023-05-23 19:00:00,Heat Exchanger,57.069236020876104,46.40339156595913,3.08198816665079,65.62950593838977,58.13711826981514,None,0
2023-05-23 20:00:00,Heat Exchanger,72.1209392313208,49.34712271352414,2.0312234883315647,47.00653436722498,46.11650937659197,None,0
2023-05-23 21:00:00,Pump,77.45038664315406,52.30665356517711,2.275286796850799,70.16906164848433,67.55517116323446,Electrical Failure,1
2023-05-23 22:00:00,Pump,72.30048103174836,47.820713225092966,1.770262284023678,38.494881114783254,52.59616635716977,None,0
2023-05-23 23:00:00,Compressor,59.56549056814253,52.32160280413333,2.441462402793376,74.14869622897072,11.910744250657556,None,0
2023-05-24 00:00:00,Pipeline,90.94177956204013,52.7769943032587,1.3922283939744715,68.73838318577869,83.29447968831438,None,0
2023-05-24 01:00:00,Pump,76.03538153949175,55.41630888147152,0.7284534052626106,88.27450997282108,20.184020447834737,None,0
2023-05-24 02:00:00,Pipeline,89.31152117761741,46.97004976957544,1.6046446902557165,84.67412179548887,51.768093780222706,Electrical Failure,1
2023-05-24 03:00:00,Valve,72.39963749819555,45.286123798847626,1.2722632621913421,46.99817179198214,62.19107118347474,Wear & Tear,1
2023-05-24 04:00:00,Heat Exchanger,66.19988018309236,48.46211305218128,2.7389633680797676,31.63899436352622,73.49554487739617,None,0
2023-05-24 05:00:00,Pipeline,77.6918092025516,45.1612383022645,2.907838727540158,69.32211366670546,46.97168817591545,Overheating,1
2023-05-24 06:00:00,Heat Exchanger,72.8421287367178,52.822491020237486,1.2985354637934445,66.17324334028035,76.19936383274784,None,0
2023-05-24 07:00:00,Pipeline,63.22238542008642,44.191243499117945,2.6458578037606197,31.645726125986762,21.82150762467132,None,0
2023-05-24 08:00:00,Valve,89.69784258787496,61.66508209126344,2.4756924917503853,37.36065175215556,68.81009934437012,Electrical Failure,1
2023-05-24 09:00:00,Pump,68.77729777106003,56.47963930786875,1.2151116576405618,65.08210227215913,84.37050348271326,None,0
2023-05-24 10:00:00,Valve,56.59733615204431,50.062878848001574,1.8048662345341908,84.70963584260952,90.0499575553751,Wear & Tear,1
2023-05-24 11:00:00,Pump,88.28166053957332,54.33697246498988,1.70991813893774,84.39001659080441,62.16098463585003,Leakage,1
2023-05-24 12:00:00,Pump,69.95701984187377,41.81599067844604,2.3739976993136,39.08910327672449,38.16056782675336,None,0
2023-05-24 13:00:00,Heat Exchanger,68.92176107384375,62.616866656997786,1.385610324547493,53.07443678431497,24.702086054226378,None,0
2023-05-24 14:00:00,Valve,57.34612412970026,47.04892693899755,1.9505636871702587,32.59217186113044,41.10028775897004,None,0
2023-05-24 15:00:00,Pipeline,92.40941486596991,49.397512930503204,1.657032748025191,58.156310781775744,58.59769358389958,Corrosion,1
2023-05-24 16:00:00,Valve,62.105194127903125,40.72033356405782,2.2366705916925715,75.18500758039234,27.66972015924045,Leakage,1
2023-05-24 17:00:00,Heat Exchanger,75.5844948070565,52.43143652370448,1.8916039841560353,77.39836268193669,95.72634151237837,None,0
2023-05-24 18:00:00,Pump,84.12620322540441,44.468279214614455,1.7323771480298025,59.93936799579438,90.74218859856185,None,0
2023-05-24 19:00:00,Heat Exchanger,79.21716933003097,50.508278807830145,1.893351712183961,35.7521804824931,12.966147537888812,None,0
2023-05-24 20:00:00,Compressor,74.40345688007808,47.27862783537731,3.018021416420056,52.881838510893985,60.576561840734996,None,0
2023-05-24 21:00:00,Compressor,57.98334141712584,44.61128032534828,1.7915501819403055,85.92611759846187,81.03779112219519,None,0
2023-05-24 22:00:00,Pipeline,66.90275164232716,45.97819249118692,1.4794973908581066,43.77675339118288,32.08527639406063,Wear & Tear,1
2023-05-24 23:00:00,Heat Exchanger,76.87800338042523,51.128940170427605,2.2917167845779827,49.185266994763595,57.15066091534695,Leakage,1
2023-05-25 00:00:00,Pipeline,67.12825930013004,43.592545135655875,1.9282376652885218,74.80963052778425,46.53926941684411,Corrosion,1
2023-05-25 01:00:00,Pipeline,77.03359459998768,46.255941644882114,1.2923830345667637,74.0148473331563,27.689163779626877,None,0
2023-05-25 02:00:00,Compressor,81.81743408815142,53.316366906322386,3.1157481676012333,84.73213728149594,65.32636454882405,None,0
2023-05-25 03:00:00,Pipeline,84.62502885800102,63.01239937437157,1.8237605272066761,53.287121443222524,99.43229578661479,Wear & Tear,1
2023-05-25 04:00:00,Compressor,62.738206421873166,52.38794409776502,1.8110652730193244,60.87592343245747,42.87585342519504,Overheating,1
2023-05-25 05:00:00,Pump,96.96646054978955,45.413691789113564,2.0799176759540488,58.04354767322866,59.714110743802024,None,0
2023-05-25 06:00:00,Heat Exchanger,82.67479344554131,48.164429149638444,2.8650583846044198,85.66513026134719,39.506921345935055,None,0
2023-05-25 07:00:00,Pipeline,74.98285846330936,50.15794503076289,1.1601273367405023,76.15983532947808,88.92537551222472,None,0
2023-05-25 08:00:00,Compressor,85.89536583076641,48.25287524682146,2.13799292471027,79.8865067900309,87.81424303813239,Electrical Failure,1
2023-05-25 09:00:00,Valve,98.65407771999973,54.515290833684666,3.043636080896814,37.985896129764654,26.089604915317324,None,0
2023-05-25 10:00:00,Pipeline,60.612798989431305,51.08736741507112,2.064364340369824,77.51080157208959,90.99539868142546,None,0
2023-05-25 11:00:00,Pump,72.74737357508647,54.53926192454935,1.38233301034826,55.97872596344982,23.63578399504604,None,0
2023-05-25 12:00:00,Pump,51.215683401266716,48.427781048511854,1.6908015735196738,31.400320969838827,18.589596366280084,None,0
2023-05-25 13:00:00,Valve,76.92651532648024,56.62750109860628,2.1034412648783953,33.60530116459708,68.76411541313787,None,0
2023-05-25 14:00:00,Compressor,78.65394241925141,49.16757207859227,2.665401957819931,70.67447638409067,44.73136952829055,Electrical Failure,1
2023-05-25 15:00:00,Pipeline,74.6083788455724,45.14405065431004,1.8303320777919696,52.32074646875819,57.76665341156837,None,0
2023-05-25 16:00:00,Compressor,68.45466429001691,60.88660190521111,2.4133258987162156,82.08693439340882,68.7313703743717,None,0
2023-05-25 17:00:00,Pump,54.50485483811675,40.87511126519442,1.2823155864765554,74.05638803255198,14.755351401368639,None,0
2023-05-25 18:00:00,Compressor,78.73533683411769,46.306306373475365,1.2781408152024727,31.300800700017707,36.3657853981894,Wear & Tear,1
2023-05-25 19:00:00,Pump,89.55434483915325,46.86486074084803,1.7585996556575252,71.21329871016012,51.48156805919804,None,0
2023-05-25 20:00:00,Compressor,69.08981544266568,62.541531365282815,2.7190143609366313,41.541148363941375,33.99286688253387,None,0
2023-05-25 21:00:00,Valve,79.40059929023145,59.03429442073256,2.0344373197568846,55.35495412223473,14.407424585696885,Corrosion,1
2023-05-25 22:00:00,Heat Exchanger,59.31855686579949,57.46964071821099,2.1449055977833096,67.48411212737776,17.800891590794805,None,0
2023-05-25 23:00:00,Valve,79.57213063692514,48.34670668811834,2.1390397977867637,82.36307047774157,82.15730818783601,None,0
2023-05-26 00:00:00,Valve,71.06617702255343,62.13089001920888,2.5546039912933654,57.36587330351635,92.02480832916333,Leakage,1
2023-05-26 01:00:00,Heat Exchanger,67.37582049397085,51.841760019204855,1.6948896537310731,78.50942725146807,23.700997218740397,None,0
2023-05-26 02:00:00,Heat Exchanger,67.39636358783869,54.88631685151561,2.344142554244116,76.97793976803797,32.43357615623371,Overheating,1
2023-05-26 03:00:00,Pipeline,71.0638841796699,50.898476905531034,1.584558668072435,54.8723107710755,68.70244642579627,None,0
2023-05-26 04:00:00,Pipeline,78.82433315692535,49.75266714338374,2.9916363279603804,60.05880980597417,95.88445984832025,None,0
2023-05-26 05:00:00,Valve,61.87836798804482,48.7411066303681,1.599804447851655,72.02910060298879,36.9630738219944,None,0
2023-05-26 06:00:00,Valve,71.02884668432146,48.95180003290419,1.5588053484606896,31.868906078816384,86.9692263612401,None,0
2023-05-26 07:00:00,Pump,74.58528222000852,53.04245824339039,2.274834906744025,83.44868482795476,55.54221800053388,None,0
2023-05-26 08:00:00,Pump,64.00960775468141,51.83599899387694,2.0398942157161617,76.1889695662616,96.09027751727024,None,0
2023-05-26 09:00:00,Pipeline,92.96665201675017,49.84264314898158,2.163426203130467,44.96495288413982,22.26327961853722,None,0
2023-05-26 10:00:00,Pipeline,66.46504519938658,57.54761996349427,2.113656897746159,88.87079719133854,97.63051583871878,Corrosion,1
2023-05-26 11:00:00,Pump,68.3056308636651,35.166234656296346,1.4548039005962807,40.76342115537713,49.688076504655726,None,0
2023-05-26 12:00:00,Pump,65.21692050177502,52.549436239605974,2.806679464539742,84.8452004222641,95.76445513836356,None,0
2023-05-26 13:00:00,Compressor,92.98480087138117,53.588693533294894,2.4467711029445547,49.46840749938667,51.282119534636735,None,0
2023-05-26 14:00:00,Compressor,80.52905228599482,55.73481434127585,2.679474975633558,75.78880260984815,57.70739207085203,None,0
2023-05-26 15:00:00,Pump,65.63407993756358,49.67564279473319,1.7358345554447878,57.382595594876705,82.42975087995889,None,0
2023-05-26 16:00:00,Compressor,86.06231558859969,51.03960033691979,2.2082617723575857,74.18804324700014,75.03656506654546,None,0
2023-05-26 17:00:00,Heat Exchanger,77.00698694288879,54.929741916573604,2.0986842311173457,39.34698287636198,65.76429883755569,None,0
2023-05-26 18:00:00,Pipeline,77.57253421111501,57.4558320214009,2.564001313100754,46.17038750318897,47.52820212306004,None,0
2023-05-26 19:00:00,Pipeline,71.55522791247547,48.497320074106156,2.5801240659148093,35.99146946832154,81.31945306596452,None,0
2023-05-26 20:00:00,Pump,67.50584013043027,51.3348789156378,2.0965254014790573,81.90863888626819,95.34054999603885,None,0
2023-05-26 21:00:00,Valve,78.37766099054602,58.39286982174379,1.241024434078374,47.77757926616996,10.882980724872414,Leakage,1
2023-05-26 22:00:00,Pump,69.5491277000441,39.379864620605744,2.8898309435438447,71.6685737649998,62.906058680739505,None,0
2023-05-26 23:00:00,Compressor,93.16755629575104,46.54993700092707,2.2779937168450695,79.21327186449169,87.93828360805136,Corrosion,1
2023-05-27 00:00:00,Valve,62.30708894756896,57.32917989301482,1.695781479304429,84.08509418276076,68.78012836110015,None,0
2023-05-27 01:00:00,Compressor,90.36156772854946,55.462689168041514,2.2032710691333475,36.37782691870307,82.07463320500031,Corrosion,1
2023-05-27 02:00:00,Heat Exchanger,73.88681151202199,52.612226054633474,1.2444532257737384,83.58089601075676,90.55549934640868,None,0
2023-05-27 03:00:00,Compressor,77.99085734021106,47.7570156344544,2.527676533735522,41.83516666384317,77.58559142677521,None,0
2023-05-27 04:00:00,Heat Exchanger,83.33157766629435,45.590907505072906,1.2643941278604234,74.2141206954577,74.53156612282895,None,0
2023-05-27 05:00:00,Heat Exchanger,68.69750704995563,47.04392190378813,1.8895827539814587,73.73094116187667,96.82713022275264,None,0
2023-05-27 06:00:00,Compressor,83.64248384698637,57.740041104093464,2.1222272248027747,30.510188504457254,87.73161921024155,None,0
2023-05-27 07:00:00,Compressor,47.92456144618823,46.85778655422327,2.519419855991047,43.23743449861526,83.38400826244964,None,0
2023-05-27 08:00:00,Heat Exchanger,67.8001046677806,50.507114821198286,2.053272338217187,59.514510879892036,17.776302442468854,None,0
2023-05-27 09:00:00,Valve,65.75937192658935,46.23146177569127,2.317481436806275,55.20208239979693,31.512689482547607,Wear & Tear,1
2023-05-27 10:00:00,Heat Exchanger,62.464939876282386,54.21387015049513,1.9859165457752235,85.11440879307658,60.10804218925806,None,0
2023-05-27 11:00:00,Pipeline,72.85045161921049,47.306368598267795,1.9839070245278587,51.584452170151394,73.86040944773323,None,0
2023-05-27 12:00:00,Heat Exchanger,78.85749968181695,49.51203054922793,2.042738625174149,86.21902289015773,37.28934039704292,None,0
2023-05-27 13:00:00,Valve,82.02659998499306,41.58308933478587,1.9054710395738126,57.56575910355187,18.399530180874102,None,0
2023-05-27 14:00:00,Pipeline,77.40876757200408,41.9331588189753,1.1567148784592822,87.86117379840994,37.99892681337229,Corrosion,1
2023-05-27 15:00:00,Pump,68.34306535106452,50.03836596660753,1.615838253151686,74.24128860149168,79.39262625224673,None,0
2023-05-27 16:00:00,Pump,78.69016437825167,43.37421422401119,2.122387420555849,79.76007549792936,88.96609264072357,None,0
2023-05-27 17:00:00,Valve,76.2428569485085,60.52543319667251,1.8754394982556406,36.29261330094006,92.16132835099086,None,0
2023-05-27 18:00:00,Heat Exchanger,84.36056167936016,39.692384439438754,1.9220954589090467,65.16848599454207,44.098001122973294,None,0
2023-05-27 19:00:00,Compressor,82.76936702931516,45.99912350667948,1.8383231652806422,38.562021589761045,43.52847173741768,Leakage,1
2023-05-27 20:00:00,Valve,75.30476413920628,50.083504336337754,1.568200803634091,47.857260123058445,46.603672387461195,None,0
2023-05-27 21:00:00,Pipeline,66.02746993838743,48.174335311021075,1.753450269511853,67.41392437003609,43.8228522479303,None,0
2023-05-27 22:00:00,Pipeline,68.4704984416792,44.479272716680406,1.8465841278057027,73.57354228163345,69.95769467564887,Wear & Tear,1
2023-05-27 23:00:00,Pump,69.50210640361966,45.21036080252366,2.002571570270925,32.351026920675054,42.249093591879344,Leakage,1
2023-05-28 00:00:00,Pipeline,71.84733666083744,45.04672961250381,2.1966891722348563,61.856623864341884,11.830954295282124,None,0
2023-05-28 01:00:00,Valve,77.68050427589753,48.56639152589968,1.9097248545571304,63.91883917739318,49.51221406190846,None,0
2023-05-28 02:00:00,Pipeline,82.15174390128058,59.75964544758712,1.4851723721537904,34.72967982661207,30.173685956072898,None,0
2023-05-28 03:00:00,Valve,74.48881306984623,50.38968648279105,1.3009589800406083,60.041282052045815,12.592642400615796,None,0
2023-05-28 04:00:00,Compressor,75.16124787900472,55.91450244693762,3.298718603687612,72.8305368029896,52.37586563806434,None,0
2023-05-28 05:00:00,Pump,76.43306305000004,52.53488172914071,1.4350924848677185,33.19363709253186,28.535910327846377,None,0
2023-05-28 06:00:00,Pipeline,69.8409468686766,55.5693119899111,1.7406874993678085,75.61606657943773,50.74676333557607,None,0
2023-05-28 07:00:00,Valve,65.74607742357044,36.00017848703207,2.2585001512569676,64.5855902942482,34.99749879492579,None,0
2023-05-28 08:00:00,Heat Exchanger,57.4456210268929,48.47770989425885,2.1804303047828406,79.99363249630746,64.33379832523899,None,0
2023-05-28 09:00:00,Pump,68.04850641923127,56.53567711575357,2.260432846280786,43.0837543712442,99.17896481865635,None,0
2023-05-28 10:00:00,Compressor,79.73145453267787,47.14132088625333,1.7786414652339122,79.9964210527871,59.250872864049846,None,0
2023-05-28 11:00:00,Valve,67.97088561960433,58.81236582434806,2.1192790353197735,35.67365851604808,68.22063252034931,None,0
2023-05-28 12:00:00,Compressor,72.6219296257406,57.41945076883881,2.030671832120432,54.22978178668028,92.73481819760812,None,0
2023-05-28 13:00:00,Compressor,79.66431287412317,47.65434641936269,1.8439343162293564,41.96908749147891,43.660037595258245,Wear & Tear,1
2023-05-28 14:00:00,Pipeline,80.20689496422669,47.48418240476822,2.12270487088567,82.56124993745244,24.989360480702473,None,0
2023-05-28 15:00:00,Pipeline,64.2046714783396,44.93197078822766,2.5276827733753535,72.29518897810644,35.45175546374979,Corrosion,1
2023-05-28 16:00:00,Valve,84.97059356453641,46.852028840681015,1.9888998882823377,31.521706629643692,46.251544664309435,None,0
2023-05-28 17:00:00,Heat Exchanger,86.27350089355485,43.83705467915542,1.9922264231782127,30.57140133683737,68.05159131302544,None,0
2023-05-28 18:00:00,Valve,63.70150142781441,52.14405590216503,2.5340805174379923,47.47495526890018,10.412922648674893,Leakage,1
2023-05-28 19:00:00,Heat Exchanger,66.76163130358846,42.719767533267834,2.4806801799094065,38.59698685683392,86.80448932902858,None,0
2023-05-28 20:00:00,Compressor,86.91090683146192,53.01866508095111,2.7919682204817415,67.81826865361174,16.84845757448474,None,0
2023-05-28 21:00:00,Pump,73.53146478744699,53.140393484501246,1.1218848827602117,69.82781603295359,91.05896340266955,None,0
2023-05-28 22:00:00,Valve,52.80222052548149,41.69397797408038,2.452559591584695,86.51705421968205,95.4491069084409,None,0
2023-05-28 23:00:00,Valve,61.00318495267314,57.7490930316417,2.3007900227010896,87.12239547275045,99.10925147009206,None,0
2023-05-29 00:00:00,Heat Exchanger,72.50630374827519,52.56804647207611,1.5571738011233673,69.53380232468074,82.85591659661898,None,0
2023-05-29 01:00:00,Compressor,63.36957349715398,53.74849010722434,2.1257939589994224,30.340506771162524,22.766997334613734,None,0
2023-05-29 02:00:00,Compressor,70.86576229363558,46.20667399228614,2.525560873878999,51.539874994176856,73.55503389026677,None,0
2023-05-29 03:00:00,Heat Exchanger,75.32396213683579,53.11189559236559,1.5854205387573,60.78849079483597,28.298916154735885,None,0
2023-05-29 04:00:00,Compressor,89.62254604034729,55.63196724861033,2.2212812145114036,59.95078539050795,90.74150520223635,None,0
2023-05-29 05:00:00,Pipeline,72.09546083772211,49.50695800497661,2.4356768378655085,66.20043777013359,38.494533308981026,None,0
2023-05-29 06:00:00,Pump,85.72541799572758,60.009612296241805,1.464490218734256,87.63308896828562,39.411637936753706,None,0
2023-05-29 07:00:00,Valve,89.28760162036771,50.22032317456469,1.928857153777426,83.11156151730923,92.588796632338,Overheating,1
2023-05-29 08:00:00,Pump,89.34309669352076,55.70392900226237,2.1504841883212054,36.5344820070293,11.19079637053341,Electrical Failure,1
2023-05-29 09:00:00,Valve,77.84754593385568,51.46504403629328,1.6019342472285225,45.958823483603595,27.45695363352128,Overheating,1
2023-05-29 10:00:00,Pipeline,55.36710852161026,52.92760766428434,1.560423400453227,79.98656504517817,47.97390399071096,Corrosion,1
2023-05-29 11:00:00,Compressor,79.60824865403865,41.643338661826135,1.932477699068613,79.45841452915242,73.06494105791737,Leakage,1
2023-05-29 12:00:00,Heat Exchanger,85.48399887813541,51.855268691076816,2.400819858451846,46.522243447300255,68.28095494402618,None,0
2023-05-29 13:00:00,Pipeline,74.18932894564583,46.32512449371367,2.321867000596055,73.83528184116717,70.24706876504342,Overheating,1
2023-05-29 14:00:00,Pump,92.44583870075249,45.768008471111564,1.569293635406829,70.32224272307144,89.20198255695978,None,0
2023-05-29 15:00:00,Heat Exchanger,83.59833561467458,58.720515922329895,2.326083942557843,58.41143789819769,20.892737106393096,None,0
2023-05-29 16:00:00,Compressor,80.68273377152784,48.931148759688256,1.5820301119167457,42.08729716074176,56.99455265968933,None,0
2023-05-29 17:00:00,Pipeline,85.86380711205838,44.98349084512252,1.1949151010032828,83.31859085364518,75.29299201922397,None,0
2023-05-29 18:00:00,Heat Exchanger,78.33369851260878,48.204341859455624,1.8164282144763844,70.67107105841009,67.2506598631748,Electrical Failure,1
2023-05-29 19:00:00,Pipeline,50.07189500604646,43.497748855390434,2.561484685792868,40.139575492702484,50.34827079453407,None,0
2023-05-29 20:00:00,Pipeline,70.00861048529634,57.16942234098135,2.327980276070687,72.28814069045166,11.540312728494758,None,0
2023-05-29 21:00:00,Compressor,86.97168027247854,46.521596279167426,1.9992140963134029,74.4860231746188,15.440703908309619,None,0
2023-05-29 22:00:00,Valve,66.92408659901704,52.646499669718345,1.7916472582044713,83.21281710726244,20.704719416845297,None,0
2023-05-29 23:00:00,Heat Exchanger,72.76527494763062,56.78053357105163,1.8051189319417844,43.3703553145161,40.89049775518272,Overheating,1
2023-05-30 00:00:00,Compressor,64.5516368609693,47.499236593926355,2.054392452930398,89.3252463248044,20.588810740043222,Electrical Failure,1
2023-05-30 01:00:00,Pipeline,92.83922595201769,52.66011216136393,1.4657812570770856,39.20360535161527,48.347408175634754,None,0
2023-05-30 02:00:00,Compressor,91.81492457418015,44.84956972547785,1.8259463273993515,66.04133351157498,26.077779152702146,None,0
2023-05-30 03:00:00,Valve,66.16131104859271,62.228847845568424,1.8922152693201155,69.43059031640871,80.12495777735855,None,0
2023-05-30 04:00:00,Heat Exchanger,76.47298000389084,54.68190067308311,1.3244627707742511,55.13717371595163,88.43388550409941,None,0
2023-05-30 05:00:00,Valve,68.19505952235953,49.03696780619597,1.5807758745512126,58.50226252622319,45.068275717135826,None,0
2023-05-30 06:00:00,Pump,81.14944639031378,46.13583134555518,2.2052533957431906,83.45460580332823,56.01985887840748,Leakage,1
2023-05-30 07:00:00,Heat Exchanger,80.09683077242329,49.43001723580187,2.004755919970497,68.71645377992772,95.81466174048474,None,0
2023-05-30 08:00:00,Valve,83.11705571613265,48.300081388242404,1.8456191044033086,59.820057494081176,58.19569798137584,None,0
2023-05-30 09:00:00,Pipeline,78.31918447707888,59.76472276999753,1.544286281231018,37.700973746011485,99.55658942590824,Leakage,1
2023-05-30 10:00:00,Heat Exchanger,104.35406206388468,43.87232638892549,2.7884249127946084,30.44025751338808,22.791789432284915,Corrosion,1
2023-05-30 11:00:00,Heat Exchanger,64.72076234989261,50.674007116451016,1.5810103926603407,37.49811708911001,87.60037785370285,None,0
2023-05-30 12:00:00,Compressor,57.89396645563485,49.90830966683145,2.1257964036308685,87.37107404859032,54.74827024056688,Electrical Failure,1
2023-05-30 13:00:00,Pipeline,71.06909799298539,49.412948498275654,1.7560654559631024,75.84520697947984,12.044270012470134,None,0
2023-05-30 14:00:00,Pump,59.320117344397325,49.45691672530829,2.0181396463191676,88.02697965061486,97.50006472954136,None,0
2023-05-30 15:00:00,Valve,60.07537729994007,49.419645949397584,2.228804870970186,32.142522582490315,96.85431097690221,None,0
2023-05-30 16:00:00,Compressor,64.98685345802033,54.3653303316605,1.314871705396057,70.81322423151835,44.49437561645984,Overheating,1
2023-05-30 17:00:00,Valve,65.77811094568372,53.04492223246218,1.996691877923256,32.65761158420508,95.87278639773145,None,0
2023-05-30 18:00:00,Pump,65.45381898049939,52.09455805686393,2.595364324489923,76.92338813212939,22.690867801469118,None,0
2023-05-30 19:00:00,Pump,80.18218950445412,34.830053189273656,2.8807509467460015,52.85701036411166,71.2099127008614,None,0
2023-05-30 20:00:00,Heat Exchanger,69.93810938914663,51.498974370815816,1.9349930133724345,35.745921606389686,27.27360881990511,None,0
2023-05-30 21:00:00,Pump,73.2048542512752,41.72180319914959,2.0208406036084545,64.08279850725091,32.19825127013449,Wear & Tear,1
2023-05-30 22:00:00,Valve,83.94232774500935,53.23160081567913,3.1056665143007667,46.80721179608329,80.14036934823449,None,0
2023-05-30 23:00:00,Pipeline,67.33677475218573,57.37248683785258,2.567462140799599,69.57443651230912,43.962227610876546,None,0
2023-05-31 00:00:00,Pipeline,72.35454101295278,45.36880443705724,1.6913577153723907,69.49048557082742,10.641475254575907,Electrical Failure,1
2023-05-31 01:00:00,Heat Exchanger,78.65759986092915,48.69109638828647,1.6905082745569384,72.30044844724517,47.28145817760351,Wear & Tear,1
2023-05-31 02:00:00,Valve,55.584321993797786,47.003221474735014,2.4782747308936344,89.54790472666554,30.526238856966355,None,0
2023-05-31 03:00:00,Valve,51.150944910494175,56.177158878784006,1.4944814349771347,53.20186259684432,71.4996922202462,None,0
2023-05-31 04:00:00,Pump,78.46117328797723,50.475139426360364,2.5438633756694267,57.918928469106056,27.500382705115026,None,0
2023-05-31 05:00:00,Valve,79.92014280566899,58.64164690283167,2.1671499818755042,78.27670206152045,85.80281755928281,None,0
2023-05-31 06:00:00,Compressor,95.64220134852411,52.06877101473694,2.2588603820135362,64.70220138131312,34.03837108973478,Corrosion,1
2023-05-31 07:00:00,Pump,76.5809487586681,51.2122509031791,1.8716330982599734,32.23543264126798,45.372543245471235,None,0
2023-05-31 08:00:00,Compressor,83.19739717258095,50.34103391301418,1.685087597876795,80.5847112155914,36.82331747173882,None,0
2023-05-31 09:00:00,Heat Exchanger,73.04527356414026,54.089960496286686,2.73099641543416,33.08992091628246,67.95310130284292,None,0
2023-05-31 10:00:00,Pipeline,77.97227221585086,41.31156900877328,1.8766313597232624,40.24920818950706,19.104718710375703,None,0
2023-05-31 11:00:00,Heat Exchanger,91.67256841749534,50.42671977760255,1.7945324617130691,36.12479801845123,53.02894354284197,Wear & Tear,1
2023-05-31 12:00:00,Pipeline,53.76007181874364,49.649767781360175,1.9599314660600955,34.67562797286721,40.10093336935523,Overheating,1
2023-05-31 13:00:00,Heat Exchanger,79.13616257571681,53.62709413578883,2.096511066358971,31.54109251828261,89.57241669594832,None,0
2023-05-31 14:00:00,Valve,96.35586730077367,49.06149197062982,1.4845874366402758,33.30166283834204,16.607088421695316,Leakage,1
2023-05-31 15:00:00,Compressor,77.82034219209342,44.80632782918665,1.7175642528965442,56.5463513507286,84.67255584395693,Wear & Tear,1
2023-05-31 16:00:00,Pipeline,91.50572963232848,50.0367533745985,1.6909839630469712,45.17113619895683,25.091242887691823,Electrical Failure,1
2023-05-31 17:00:00,Pump,68.70787850470558,44.585797355658286,2.422640152303424,37.592213005129125,17.971989393695964,None,0
2023-05-31 18:00:00,Compressor,74.67952505836287,40.373688937062575,1.5570187160000555,69.52233256359156,28.20905723107072,None,0
2023-05-31 19:00:00,Pump,75.33524702388587,53.635612407427466,1.1221160711209732,43.56671463805551,19.238768381062933,Electrical Failure,1
2023-05-31 20:00:00,Compressor,52.824089206412296,52.895307863473356,1.016452718546923,31.13694932068857,56.8885553381913,None,0
2023-05-31 21:00:00,Compressor,63.318221721498,52.33545471996787,1.2648099326621414,55.10518702603966,98.93934576242032,Leakage,1
2023-05-31 22:00:00,Heat Exchanger,64.03124920616014,56.51464210972905,2.6807691014240556,48.6259795186983,13.089461673183296,None,0
2023-05-31 23:00:00,Pipeline,83.22066078032528,46.674840548480375,2.0081032997420256,49.11626588078957,51.50155143875152,Corrosion,1
2023-06-01 00:00:00,Pipeline,83.72153105684055,42.84442928614372,2.2506245434036014,56.71620169089368,44.74632961970756,Electrical Failure,1
2023-06-01 01:00:00,Compressor,78.24036442706533,49.64985111595978,2.2682438635606648,70.13483563405666,40.56457728217603,None,0
2023-06-01 02:00:00,Valve,83.24102896855706,48.262498501470446,2.02809195919616,66.98874720227964,39.86772493900248,None,0
2023-06-01 03:00:00,Valve,73.35850587278226,45.788521416149656,1.962609351674346,86.23569658733254,90.5511480963816,None,0
2023-06-01 04:00:00,Pump,87.01931669539543,49.60075423256102,2.5222632149090702,61.06299997815128,11.707853518756364,None,0
2023-06-01 05:00:00,Pump,75.08788442632071,46.94197426897708,2.07299795715632,58.35419458350433,79.74247486421245,Wear & Tear,1
2023-06-01 06:00:00,Heat Exchanger,75.57864047426756,40.81997358321584,2.699548739631707,42.804866113013816,32.76398609253475,None,0
2023-06-01 07:00:00,Compressor,72.34407366737588,47.7941165460312,2.3104149726449332,75.32287733088941,44.496595973581734,None,0
2023-06-01 08:00:00,Pump,81.84450477636427,44.318124166480715,1.691101863259486,38.44654657285709,47.81349215637199,None,0
2023-06-01 09:00:00,Pump,70.78801183387087,51.15824035805461,1.751432988065032,59.467973389229044,37.4258578666369,None,0
2023-06-01 10:00:00,Compressor,84.76431377198068,46.719826208796725,1.6362675967728602,55.27933190324667,18.420297565185805,None,0
2023-06-01 11:00:00,Heat Exchanger,63.67850859283993,55.55815737070526,2.608774010975358,69.49805270426418,20.28977639464913,None,0
2023-06-01 12:00:00,Pump,64.01083745271806,58.01933033633933,1.7974745235272236,85.05728819739953,36.83180116743799,None,0
2023-06-01 13:00:00,Heat Exchanger,81.87426755126504,53.39690686505953,1.6007636016001838,86.79573548989335,83.96281475985255,None,0
2023-06-01 14:00:00,Pipeline,74.11455785416987,42.2448690900834,2.1598890205634103,40.06795602978951,22.116488750867067,None,0
2023-06-01 15:00:00,Heat Exchanger,70.46108583846872,57.5259799943952,1.9514164468137485,45.709033096030694,76.83758498313377,Electrical Failure,1
2023-06-01 16:00:00,Valve,83.9005773247546,57.87860225186883,2.147284256287582,78.69811919788239,35.99827564863589,None,0
2023-06-01 17:00:00,Valve,68.92738585913915,50.093952556539705,2.9449069519469218,61.09678574695157,89.51184416008834,Leakage,1
2023-06-01 18:00:00,Heat Exchanger,72.9979874569963,56.61463080167766,2.45653540296443,57.182074101343915,48.54956278605768,None,0
2023-06-01 19:00:00,Valve,88.99227950071159,47.24162430976661,2.013505277150953,72.63752714284234,25.4550981967638,None,0
2023-06-01 20:00:00,Pipeline,90.3914234581065,40.66877032575205,1.2957883078969958,66.11549715641831,98.72600050994592,None,0
2023-06-01 21:00:00,Compressor,90.72398210270327,46.19857780689203,1.7500187513956822,88.24284326528007,25.897106730692045,None,0
2023-06-01 22:00:00,Valve,72.17874223066089,58.646504330223785,2.3555230512726517,65.03847913729601,61.08578391090425,None,0
2023-06-01 23:00:00,Valve,87.3070290498447,42.54460038194263,1.4144794801690919,57.958429580835194,61.23578302865208,Leakage,1
2023-06-02 00:00:00,Heat Exchanger,65.51047172231321,49.99760640965747,3.0704851481651767,62.56904172469054,43.553210606000185,None,0
2023-06-02 01:00:00,Pipeline,65.93097125277939,50.17071946670106,2.0072082813177743,78.5123890018184,95.63397332942179,None,0
2023-06-02 02:00:00,Compressor,51.49544147375639,47.43512878016094,2.0244241966047425,66.76050340711325,85.94871061705585,None,0
2023-06-02 03:00:00,Heat Exchanger,91.7286820189853,47.782392000814426,1.666677403521011,68.82288548320307,84.68376047544179,None,0
2023-06-02 04:00:00,Heat Exchanger,66.36020150923922,50.36124567118102,2.248368878387859,88.28633280219552,97.67367418865301,Leakage,1
2023-06-02 05:00:00,Pipeline,73.7346742025294,47.18918829032636,1.4209990967388841,67.10372906552743,51.13984043766852,None,0
2023-06-02 06:00:00,Compressor,65.89675658071717,42.88970751416034,3.0824462945507287,52.81711490007239,18.746719805802634,None,0
2023-06-02 07:00:00,Pipeline,81.9516524833014,51.07515971471728,2.658675652326006,71.4795616207678,78.89103329048145,None,0
2023-06-02 08:00:00,Compressor,71.2436633928266,55.366832912224865,2.492148222598523,69.56756381863869,44.273132150674044,None,0
2023-06-02 09:00:00,Pipeline,61.95183109567051,54.34786259326711,1.3047854971050952,30.830858130382914,27.131063662316645,None,0
2023-06-02 10:00:00,Heat Exchanger,79.4166256418606,45.951322663050945,2.1027066352288752,58.03975780714999,53.49226088982281,Overheating,1
2023-06-02 11:00:00,Heat Exchanger,60.66269975189772,43.74386042311162,2.6045431990070025,74.57421617294395,93.31470461504469,None,0
2023-06-02 12:00:00,Pump,66.62594274684508,48.57906058922611,2.2965526996788697,59.94248746326774,25.422131711316556,None,0
2023-06-02 13:00:00,Valve,53.93110885373919,57.83895754897832,1.4989454476831126,76.77726815612337,86.38289337067677,Electrical Failure,1
2023-06-02 14:00:00,Pipeline,60.760418878023934,53.22799039479773,1.6749531223456724,57.05302178565687,47.63844474536056,Corrosion,1
2023-06-02 15:00:00,Pump,76.78529169720478,53.519823383971165,1.7740319309970047,88.99929585823415,22.312178263282778,None,0
2023-06-02 16:00:00,Valve,55.35463961897075,54.449284758927476,1.6982810827556962,47.57349535223332,86.35440735897907,None,0
2023-06-02 17:00:00,Pipeline,60.18854275378284,52.103832812592934,2.7643894178551536,35.52735648876441,97.26583070722857,None,0
2023-06-02 18:00:00,Compressor,74.97631083867192,50.60304273806789,1.0394934305883718,55.80070806924584,36.21436442515105,Wear & Tear,1
2023-06-02 19:00:00,Valve,69.56393103906947,53.31153448323984,2.327959569829418,62.50254149243514,37.31825888578619,None,0
2023-06-02 20:00:00,Heat Exchanger,94.92036635959309,47.2691694789099,1.3538483125357743,50.945623900947695,45.149138473593986,None,0
2023-06-02 21:00:00,Pump,93.33896546024376,42.927684943168394,1.519374256274466,44.536869607077534,83.27173280147264,None,0
2023-06-02 22:00:00,Valve,66.32077537248847,53.61498467312162,0.9951333165656413,70.32352148312934,10.937547706554984,None,0
2023-06-02 23:00:00,Valve,80.57137618403482,56.18869052874612,1.725472784420567,52.62750599137512,30.156089656378093,None,0
2023-06-03 00:00:00,Heat Exchanger,82.49282556879452,44.40884030321985,2.7553658257696068,67.88211174603822,73.53098299956935,Wear & Tear,1
2023-06-03 01:00:00,Pipeline,69.02521141975596,54.1096074120795,2.132412121232389,76.74428691592655,46.50755054369735,None,0
2023-06-03 02:00:00,Compressor,60.04458463501796,58.40382856694095,1.4008192265004515,75.66015766560142,39.72660606713148,Electrical Failure,1
2023-06-03 03:00:00,Heat Exchanger,74.87701550691942,49.98876899121439,2.5085738371896564,52.51855863814148,88.50546000118158,Leakage,1
2023-06-03 04:00:00,Compressor,73.27154325185889,45.90998907629127,2.615652131784343,64.07389373701048,92.56005281316155,None,0
2023-06-03 05:00:00,Pipeline,70.64235503029381,50.615093367633776,2.0520232405195427,56.97949346656455,95.31875972495759,None,0
2023-06-03 06:00:00,Valve,79.42316868164485,47.24733015899649,3.017374579076295,82.24831516257962,34.529547938886694,Corrosion,1
2023-06-03 07:00:00,Compressor,67.49270392994401,46.91634945021799,2.410782062312307,82.72550878799996,92.12613485851962,Wear & Tear,1
2023-06-03 08:00:00,Pump,63.480024524208574,52.165920336357715,2.341326253646294,50.62449497328221,76.326899925456,None,0
2023-06-03 09:00:00,Pump,76.09082970349831,41.98135262485052,1.5983106464168548,35.50424687272384,23.87932736397226,Leakage,1
2023-06-03 10:00:00,Heat Exchanger,78.85970092568876,42.78035538753886,2.3136992428106704,40.054948999441166,64.92430254773893,Leakage,1
2023-06-03 11:00:00,Pipeline,63.23355056099947,50.096454401869714,2.1083956388022465,52.02010452785302,12.37013373762921,Electrical Failure,1
2023-06-03 12:00:00,Heat Exchanger,84.28090610991082,49.888457305437846,2.2599145013355133,63.85499728577944,73.75403401937785,None,0
2023-06-03 13:00:00,Heat Exchanger,57.29518862223922,51.71777288519968,1.6577071904293348,69.40722065786576,76.02107703858445,Leakage,1
2023-06-03 14:00:00,Heat Exchanger,69.21886541284357,59.376126942416946,2.0640494421794933,49.882262777160015,81.04046577354976,None,0
2023-06-03 15:00:00,Pump,72.41991463802391,50.522570180379105,1.591569249892521,70.04994717743915,25.527254871019142,None,0
2023-06-03 16:00:00,Pump,68.6377628734807,52.99086075167397,0.926433950016984,86.26439902042536,66.54249468527779,None,0
2023-06-03 17:00:00,Heat Exchanger,69.34939526448808,45.12233532192684,2.499152284289192,69.12084763013704,26.097101634488894,None,0
2023-06-03 18:00:00,Pump,93.71074482308114,53.839688317582684,1.2488055091552415,39.51391376666108,95.19850750502582,None,0
2023-06-03 19:00:00,Pipeline,66.49115910961102,47.36804567444661,2.053593232391208,64.78013477865765,70.75096234127511,None,0
2023-06-03 20:00:00,Heat Exchanger,99.41221722471914,50.357104162905465,2.1665010647245198,62.513731006018965,18.579326320365016,None,0
2023-06-03 21:00:00,Pump,79.37126779731052,49.45575687465419,2.1632815079315275,82.24200665390524,26.832900700524053,None,0
2023-06-03 22:00:00,Compressor,75.92055137311992,55.16487117457015,1.858460463200875,51.01818331277846,69.7114088316773,None,0
2023-06-03 23:00:00,Heat Exchanger,79.76240353387666,43.450117228125,2.135605737639987,55.3767366034008,52.90034465436478,None,0
2023-06-04 00:00:00,Heat Exchanger,100.29927749251952,38.5838068269248,2.2354835348925812,65.91954332918962,76.26678995897906,Wear & Tear,1
2023-06-04 01:00:00,Pipeline,65.06406996068552,48.93283651456038,2.3674824078759924,61.46551870452153,35.27099190330932,None,0
2023-06-04 02:00:00,Valve,63.79582081063611,52.34265628452562,2.8667206696921315,73.14099554431046,69.21257831623691,None,0
2023-06-04 03:00:00,Valve,67.4513380342808,50.7613468790375,2.1170970757491028,32.42333945474975,25.926415122739513,Corrosion,1
2023-06-04 04:00:00,Pipeline,75.3214314696456,56.16102118706956,2.032024422508851,63.81096115241759,58.93392370249298,Leakage,1
2023-06-04 05:00:00,Pipeline,57.74228875187427,52.186863370898344,1.5466355173249529,37.30031358023251,96.20196323949875,Corrosion,1
2023-06-04 06:00:00,Pipeline,75.22339239318607,47.1807583407007,2.2179731619496685,48.91253955118328,66.54000090618877,None,0
2023-06-04 07:00:00,Valve,91.93547133413672,38.372899229301595,2.3336915515702845,69.69761169194342,14.499425575442483,None,0
2023-06-04 08:00:00,Pipeline,76.51407390624777,48.81343882902391,1.9038484078591864,39.44485203553066,98.98859239629641,None,0
2023-06-04 09:00:00,Pump,72.07314541024724,55.13979501128899,2.2723062520920188,48.53051013027773,24.117969668397905,None,0
2023-06-04 10:00:00,Heat Exchanger,68.81839551316372,48.03976108666443,1.853741903225329,72.18038897011871,74.62621924273947,Corrosion,1
2023-06-04 11:00:00,Heat Exchanger,83.98511704551565,50.14160131838882,2.335496326044462,69.04831455161003,57.92770351577764,Wear & Tear,1
2023-06-04 12:00:00,Compressor,66.74167226761952,52.10680127153354,2.4563011570148716,35.46238015258428,36.49246190238734,Electrical Failure,1
2023-06-04 13:00:00,Compressor,93.46395920599248,44.92353812875092,2.449313933365243,64.63610960953943,25.95794368849382,None,0
2023-06-04 14:00:00,Heat Exchanger,94.33359747714357,53.11617948319409,2.0589221630706502,38.83526771511836,25.993212784904415,None,0
2023-06-04 15:00:00,Pump,77.56750798661787,58.18560895000853,1.4800159241914743,45.13628272286956,87.25597130873444,None,0
2023-06-04 16:00:00,Valve,74.88484911923355,49.13593324053297,1.6940434736790897,57.55267671814672,88.5621262747081,None,0
2023-06-04 17:00:00,Valve,85.30659808241559,44.35467789083849,2.297578661942364,36.56080939789135,51.86309694622408,None,0
2023-06-04 18:00:00,Pump,85.94798502227326,49.66699486489013,3.2244061528701136,89.618818075114,19.325931663247648,Overheating,1
2023-06-04 19:00:00,Valve,66.94008268940584,38.87807945695566,1.829639614233959,39.922173663240066,89.5748593462111,Overheating,1
2023-06-04 20:00:00,Pipeline,69.73444866863298,51.68451631988308,2.22791883919407,76.87875770571625,53.831483755758015,Leakage,1
2023-06-04 21:00:00,Heat Exchanger,61.77652565316704,52.26137188824289,1.7219737212602984,79.7903307013935,49.48861805802223,None,0
2023-06-04 22:00:00,Heat Exchanger,79.09064938334058,58.37818146922781,1.5130164778754496,89.66783819376008,46.66213219938582,None,0
2023-06-04 23:00:00,Pump,81.66627883456891,49.03002603716688,1.6618420682113189,55.719193071136104,42.85127564732851,Corrosion,1
2023-06-05 00:00:00,Valve,61.50074362138727,52.04242669073235,0.9587640116486642,82.44567120836041,57.34048632477347,None,0
2023-06-05 01:00:00,Compressor,70.44801095183841,45.69355948807049,2.6767175314538756,87.45236634101106,64.40871039505338,None,0
2023-06-05 02:00:00,Compressor,61.527460824186505,48.217864397374605,0.8849348735426932,40.373648693680025,51.97889832156603,Leakage,1
2023-06-05 03:00:00,Valve,66.01200189756162,42.37407281668901,1.8680858847996835,58.766165343571956,90.698334710954,None,0
2023-06-05 04:00:00,Compressor,80.51017060226299,49.02605189358382,1.4109360523249728,33.600649131365266,38.589510567654756,None,0
2023-06-05 05:00:00,Pump,67.66517933321721,48.47345423240718,1.5578098923188977,67.24344072145209,62.04806711081032,None,0
2023-06-05 06:00:00,Pump,71.99174043967702,51.49599883044448,2.688261329869334,64.88436941139398,36.99585281745867,None,0
2023-06-05 07:00:00,Valve,58.726882720526845,46.88201559833681,2.100533495015696,42.24757707979183,77.80150214132809,Corrosion,1
2023-06-05 08:00:00,Compressor,76.86990209724664,50.41672675487546,1.5173019204091498,77.87416553364756,19.190898939541206,None,0
2023-06-05 09:00:00,Pump,74.55726680155351,48.33309972196167,1.7052414337517445,32.23612336581239,26.98290971157993,None,0
2023-06-05 10:00:00,Pump,67.71040749966838,48.34250305850243,1.6172593897789571,78.37363944765343,82.10812689342556,None,0
2023-06-05 11:00:00,Pipeline,73.10985702317525,50.40181162981515,1.9782271639605598,31.598717469832042,26.487783569758484,Electrical Failure,1
2023-06-05 12:00:00,Pipeline,76.80294880503445,50.20261471158505,2.086445842393846,69.40972872818102,66.31717115752662,None,0
2023-06-05 13:00:00,Pump,66.85131851090657,53.805870195258194,2.94778738661428,34.72617083489408,97.32191067137772,None,0
2023-06-05 14:00:00,Valve,60.23737455998221,49.39678482935083,1.0418496170011466,45.07353115873938,57.06015523893692,Overheating,1
2023-06-05 15:00:00,Heat Exchanger,93.05574432686815,48.25057325438498,1.9825938426210237,73.31480095871015,26.865680170606232,None,0
2023-06-05 16:00:00,Heat Exchanger,68.66727295289728,49.09596277456387,1.8422161537327388,46.824287977523205,38.86219411233738,Overheating,1
2023-06-05 17:00:00,Pump,74.0323989681311,46.426679415795036,2.473274263858391,60.67043092306409,84.11122688088143,Electrical Failure,1
2023-06-05 18:00:00,Pump,85.10839735020313,48.20044453216664,2.1774090590891966,84.91489617120686,41.649482180797634,None,0
2023-06-05 19:00:00,Pump,110.29055187570484,60.15579356536615,2.2951811040574728,32.9780612421947,75.11602231268321,None,0
2023-06-05 20:00:00,Valve,62.555135501111344,45.436606196520664,2.1725430930075413,78.66478762414042,79.96150565956091,Leakage,1
2023-06-05 21:00:00,Pipeline,79.4982721372651,48.60671833060346,1.5340044373582302,33.91631991410937,55.106456252064774,None,0
2023-06-05 22:00:00,Pump,67.92447714705894,48.06255668365155,2.6056327482465065,37.607690660200596,80.48920459297501,None,0
2023-06-05 23:00:00,Pump,69.6120969542329,48.764141938778,2.3992524523078345,37.15914623335265,38.5212703985393,Leakage,1
2023-06-06 00:00:00,Compressor,67.7978797899321,48.343803455608025,2.4577648958623715,89.64613699264356,56.45436820447652,None,0
2023-06-06 01:00:00,Valve,63.743450321994146,51.396200506105,2.6320250852535825,40.811179159892006,71.79024375749265,None,0
2023-06-06 02:00:00,Pump,74.58708638215339,41.449124493041026,2.20883755032598,83.8057107753761,25.126583257394234,None,0
2023-06-06 03:00:00,Compressor,60.254973129517644,55.18585736266002,2.7404962020587464,89.45592977679325,34.62597706439708,Electrical Failure,1
2023-06-06 04:00:00,Heat Exchanger,84.4680756651187,53.16291399821099,2.1888197858933207,53.02708622473788,68.68329430542869,Corrosion,1
2023-06-06 05:00:00,Pump,75.55002936033375,43.78564206968433,1.8904707059876957,67.86291261172113,68.9824107846598,None,0
2023-06-06 06:00:00,Pump,79.22434972901439,38.65461363523799,1.9966980447583176,76.74547522581676,54.397238180768106,None,0
2023-06-06 07:00:00,Compressor,70.33811388053778,45.114639269292994,1.9880781159319418,53.558704910172494,81.60268211039084,None,0
2023-06-06 08:00:00,Valve,71.32796065788251,48.786667692864384,1.7403043389547286,39.70884842986844,53.384941180447804,None,0
2023-06-06 09:00:00,Pump,77.87563905167328,62.90145949345387,2.81594442418511,56.02576462755367,89.319003887236,None,0
2023-06-06 10:00:00,Heat Exchanger,63.35949367594175,52.716284824871366,2.148147682751834,76.31325870017668,76.23130877847508,None,0
2023-06-06 11:00:00,Pump,71.42009565586665,40.96205175409271,2.0473692379164534,76.84576576490419,38.32253769730072,None,0
2023-06-06 12:00:00,Heat Exchanger,66.40386486121545,46.55172247549528,2.194137127463217,43.8323275302548,45.572860763609995,None,0
2023-06-06 13:00:00,Pipeline,66.09431189408986,49.733937818635084,3.4899272583685734,40.49793839344479,70.09180171928611,Corrosion,1
2023-06-06 14:00:00,Pipeline,53.90161759374358,51.26841777149048,1.4341379057001702,85.23364212602098,90.50073569411421,None,0
2023-06-06 15:00:00,Heat Exchanger,88.3932658948,43.42625569844789,1.5774807441418621,32.63994183349863,26.083785943315785,Corrosion,1
2023-06-06 16:00:00,Valve,68.13461246846231,49.32504886011469,1.3097144912765017,74.08430854590522,56.319718486778214,Overheating,1
2023-06-06 17:00:00,Pump,86.6337605516355,46.41180431194729,1.883700380782257,32.78528312680524,20.690597919193905,None,0
2023-06-06 18:00:00,Pump,85.68792321394292,44.481207186988414,2.12275922166368,80.27400305165926,35.15096397881181,None,0
2023-06-06 19:00:00,Pipeline,62.14000293483507,51.29797823349477,1.7673387408294614,84.32488880016612,71.7383223363918,Overheating,1
2023-06-06 20:00:00,Heat Exchanger,64.11588764327155,53.86938586721411,1.730136600924115,47.84514745374594,16.996117172334554,None,0
2023-06-06 21:00:00,Pump,100.60502959355684,54.20520638480809,2.071202433314066,34.43613861100185,69.61227236999628,None,0
2023-06-06 22:00:00,Pump,92.50925941927143,52.87193175566938,1.7489460875851512,58.841072180845714,91.07300088507674,None,0
2023-06-06 23:00:00,Valve,74.68481486671895,47.51315233429869,2.155087913591419,47.907782204728605,97.24332619166195,None,0
2023-06-07 00:00:00,Compressor,77.5737310641735,53.57274880731753,2.557117173371302,55.028168568622746,29.496898092296394,None,0
2023-06-07 01:00:00,Pipeline,68.69153597052811,51.54527219052144,2.3385152349004033,69.89912720932081,77.40081609470883,None,0
2023-06-07 02:00:00,Pipeline,79.3235271420034,50.669709414760064,2.4405066735826013,42.589562156923016,93.37334038349768,Corrosion,1
2023-06-07 03:00:00,Compressor,67.82818099277529,46.94153439149101,2.54295920575336,51.41709417084518,18.22323797644924,None,0
2023-06-07 04:00:00,Pump,54.67646235701615,47.51561936329236,2.1414140800593513,76.95374941756042,47.26212476402848,None,0
2023-06-07 05:00:00,Valve,61.78444213488949,50.36943468062277,1.9206794869784494,68.62571699716929,92.74687901849494,None,0
2023-06-07 06:00:00,Valve,75.21092747850587,62.1993723349275,1.6138734645584023,49.576529469074316,28.25087484293471,None,0
2023-06-07 07:00:00,Pipeline,63.68932764497412,51.50621240045695,1.8044109181821395,69.85809601559572,94.03846154090576,Corrosion,1
2023-06-07 08:00:00,Valve,74.32722535086465,46.94405748874857,1.7381572336615527,75.918775373518,57.44728639790006,None,0
2023-06-07 09:00:00,Compressor,64.25338960567137,45.83805277515279,2.3658361633104557,65.54913485716725,18.99037742838001,Leakage,1
2023-06-07 10:00:00,Pump,67.17646077498006,47.54116693671899,2.1733912772970982,44.369809950060514,50.48895850799635,None,0
2023-06-07 11:00:00,Compressor,83.53165306413192,60.88646723774533,2.348378931357151,30.014717430719585,39.36350759203596,Overheating,1
2023-06-07 12:00:00,Heat Exchanger,77.47480547640104,48.00371677027019,1.4198315719499242,78.17094641929688,35.39837444966275,None,0
2023-06-07 13:00:00,Pipeline,74.90335578686653,54.53435267305142,2.7158747421205396,79.35801331896987,58.732801807031535,Wear & Tear,1
2023-06-07 14:00:00,Valve,83.78963973070651,48.120358772643215,1.7865098142466187,71.85627008366171,53.523342167668304,None,0
2023-06-07 15:00:00,Heat Exchanger,79.80608593347347,51.30592270639814,1.4499916789626686,34.59485588205683,53.377044365808274,None,0
2023-06-07 16:00:00,Valve,89.46563291251367,53.958726370043614,1.7803911175890936,65.11333725048277,17.932755799280375,Wear & Tear,1
2023-06-07 17:00:00,Pump,70.4014073768486,47.14048575095038,3.241882996293754,79.26124027629643,82.20863629244229,None,0
2023-06-07 18:00:00,Pump,70.70365021472492,46.794441729236155,1.8061415667542162,53.38009920648994,53.32953838202157,None,0
2023-06-07 19:00:00,Pump,61.98890733608655,58.29434847227665,1.8374517642645372,41.880044053215244,83.88152458316868,None,0
2023-06-07 20:00:00,Valve,70.7101928262758,54.92296447447899,1.9039476596851619,65.25763783448824,84.21351773958553,Electrical Failure,1
2023-06-07 21:00:00,Heat Exchanger,84.64769894302445,53.95336159345364,1.9256898082842724,79.57839763805268,38.54217923632389,None,0
2023-06-07 22:00:00,Pump,87.99987372262134,53.93638146561457,1.6092619670993729,32.932197522423934,10.391167342685112,Overheating,1
2023-06-07 23:00:00,Heat Exchanger,84.60305168086668,52.29787744155533,2.071606541603065,65.81707302964415,92.01211097123065,Wear & Tear,1
2023-06-08 00:00:00,Valve,57.05808133450564,60.088879065875325,2.5377974540991652,68.59042772036051,78.46252237776163,None,0
2023-06-08 01:00:00,Heat Exchanger,85.83145212660735,50.219541509385785,2.1571446577393534,66.14202236089677,19.6526761141124,Electrical Failure,1
2023-06-08 02:00:00,Valve,56.614813767279294,52.886311836004595,1.4444173505500073,69.00202105422292,73.15543306027912,None,0
2023-06-08 03:00:00,Valve,83.98117324122347,42.74543535702993,1.8278270475331457,67.88251845624927,11.802094180199255,None,0
2023-06-08 04:00:00,Pipeline,71.32215473428946,45.875196567043794,1.7242362999491851,37.82423309882094,12.498316229862864,Overheating,1
2023-06-08 05:00:00,Valve,82.02533313933856,43.9959050008248,2.0264697341174007,44.09620661693492,57.32409156380582,Electrical Failure,1
2023-06-08 06:00:00,Valve,61.67551652105434,56.37031791758075,2.6652258357811585,67.13964031734061,18.643368631271194,None,0
2023-06-08 07:00:00,Compressor,86.71167632706147,37.23729923989625,1.9255586019895585,31.061589668206246,96.79028702364269,None,0
2023-06-08 08:00:00,Pump,60.35025253895111,47.98844988623639,1.9559225655648047,68.08467112339466,90.44481039852363,None,0
2023-06-08 09:00:00,Pipeline,68.31545089146823,35.031466986696884,2.888822409409715,69.92319742710191,68.48308281230963,None,0
2023-06-08 10:00:00,Pipeline,65.01905372230965,45.84356052259055,2.43810299583583,44.35048559169951,15.733807375448196,None,0
2023-06-08 11:00:00,Pipeline,57.457151471775006,47.54525525134067,2.2870406410532675,65.88796978518837,39.23517320263586,None,0
2023-06-08 12:00:00,Compressor,75.94527567588469,56.92435546897022,2.979065807650888,62.04540364342587,43.45506981154395,None,0
2023-06-08 13:00:00,Valve,93.06089117836962,51.98313969610729,2.2449056273970065,45.64149288918683,53.27918522458297,Electrical Failure,1
2023-06-08 14:00:00,Pump,101.66905222320008,45.83429238335517,1.0067364290112388,57.77844071248528,25.2012586605807,None,0
2023-06-08 15:00:00,Heat Exchanger,75.97155787086248,55.32981859865913,2.4163328789401803,84.57747176473089,61.97604785174763,Overheating,1
2023-06-08 16:00:00,Valve,86.16681275067522,50.08916127264879,1.2039957714406748,55.596166827592974,49.21935831183009,None,0
2023-06-08 17:00:00,Compressor,77.32094637928537,50.18783429353626,2.226002684291224,67.7906506127701,95.25672670535727,Leakage,1
2023-06-08 18:00:00,Valve,79.98883194768213,43.986642461140036,1.14312821293538,32.12104926244165,94.25757066626971,None,0
2023-06-08 19:00:00,Valve,71.57851348872761,45.04993143048431,1.7665722948000402,34.66800679932593,60.89265598059751,None,0
2023-06-08 20:00:00,Compressor,76.95076925422602,45.87451350027238,1.8181077351950643,34.878484398199106,67.99144023914818,None,0
2023-06-08 21:00:00,Pipeline,80.37478704606428,50.232306365770945,1.6149404463841233,76.69444581758673,22.40168209963682,None,0
2023-06-08 22:00:00,Pipeline,69.21540271123669,50.389428634903375,1.8255740014044,51.01541368820716,30.099091495615443,None,0
2023-06-08 23:00:00,Pump,74.22505700107013,57.72046331762023,2.5162808601802764,43.6567013019488,91.06438637817186,None,0
2023-06-09 00:00:00,Pump,74.41569881002512,51.92527583968917,1.6430235439202234,74.83947410710337,72.92493306061615,None,0
2023-06-09 01:00:00,Pipeline,83.26403317330525,36.462171531639456,2.2725704397552704,40.197603753370466,27.04871775547698,None,0
2023-06-09 02:00:00,Heat Exchanger,64.33967828372319,51.31320993935845,1.5171751801963498,44.78955150421684,61.31892754659006,Corrosion,1
2023-06-09 03:00:00,Valve,74.48457791392349,42.74991821916234,1.9052502118039354,55.85588659620125,94.12851254405041,None,0
2023-06-09 04:00:00,Heat Exchanger,94.12005469052697,45.170145376942315,2.161919633163725,49.886284140876796,41.06539955457133,None,0
2023-06-09 05:00:00,Valve,86.64060152585938,45.93915264136835,1.5017357916907201,65.12353266219866,26.723833796717674,None,0
2023-06-09 06:00:00,Pipeline,88.49179048888705,46.68330838243849,1.3441397835446551,50.270437144490856,94.78227492181885,None,0
2023-06-09 07:00:00,Pump,75.24431840178035,43.12425303979848,2.245939075289444,53.57709815153352,51.51388242628893,None,0
2023-06-09 08:00:00,Pump,78.20997563686024,51.01741001726144,2.5615401996703193,81.77319649496916,47.55177987964898,None,0
2023-06-09 09:00:00,Heat Exchanger,85.02236166702926,42.945988574545204,1.960467490256314,83.07188637768014,34.081047981347524,None,0
2023-06-09 10:00:00,Pump,90.60255529530932,51.78333803624923,1.7713435467216478,79.66267144880445,90.24267654524299,None,0
2023-06-09 11:00:00,Pipeline,55.48397087117114,61.18485538530815,2.0778376938441934,81.88985596227795,86.10550902006176,None,0
2023-06-09 12:00:00,Heat Exchanger,61.84558692950154,43.35320470532968,2.02773995938269,64.18372016034702,46.269135949307866,None,0
2023-06-09 13:00:00,Valve,88.09444101402647,48.57744847830389,2.121451270355626,68.77399288508303,12.755195190737096,Electrical Failure,1
2023-06-09 14:00:00,Pump,72.23110644231197,37.38271318743765,0.7358774498431429,63.43038999329643,50.19862874555256,None,0
2023-06-09 15:00:00,Compressor,68.28279210741923,48.49532353514933,1.4654478544170184,77.1352850431752,26.277221492204795,None,0
2023-06-09 16:00:00,Pump,62.45839013004396,53.21358576315742,1.577384947281573,63.060029145686656,22.846066313399305,None,0
2023-06-09 17:00:00,Valve,69.44983298455891,53.60319615678633,2.0754338142557813,36.66461787304683,45.37842507058812,None,0
2023-06-09 18:00:00,Heat Exchanger,60.97630716576175,50.386818651420484,2.0929389418111333,78.5748072274116,18.91692436101645,Overheating,1
2023-06-09 19:00:00,Valve,95.91094272732477,54.44631712379488,2.318090244342018,75.63511024065218,96.17180562384985,None,0
2023-06-09 20:00:00,Compressor,74.77563948019427,62.73027267971396,2.1287908746052184,79.21803571695753,14.278526360315363,None,0
2023-06-09 21:00:00,Pipeline,74.42049458237283,58.561523437188,1.3496324648063323,41.42576780338571,46.12326646588544,None,0
2023-06-09 22:00:00,Pump,80.88076675167832,47.38739535295181,2.72350230879253,46.29702316289802,24.64324318285254,None,0
2023-06-09 23:00:00,Heat Exchanger,84.6234516926657,42.74448006766631,2.635959151711183,47.7451018358118,71.99301893758806,None,0
2023-06-10 00:00:00,Pipeline,84.45888156554639,47.969242917130984,1.370901354986537,60.48483217114042,17.093030429310556,None,0
2023-06-10 01:00:00,Valve,85.73621943907571,45.26508617191326,2.1663526471870913,38.032625049807585,59.21250167877709,None,0
2023-06-10 02:00:00,Heat Exchanger,68.69154449209144,52.256737739323164,1.7022878073784922,53.12290519649204,79.57913456817438,None,0
2023-06-10 03:00:00,Pipeline,72.02133195043139,44.09403230285251,2.069431994600274,40.92948966474178,95.50538515440736,None,0
2023-06-10 04:00:00,Heat Exchanger,82.69031655442275,49.63588783704829,2.526655139820935,45.88576278196419,72.86748066724714,None,0
2023-06-10 05:00:00,Compressor,69.7261093836038,54.19007027268155,3.0650521331604796,72.38325807350564,18.954258187112515,Overheating,1
2023-06-10 06:00:00,Compressor,74.94893367972774,49.496520635914116,2.375638852571305,81.28866937903686,17.966849474272692,None,0
2023-06-10 07:00:00,Pump,78.98763764424814,45.268430886261015,2.147467367555068,31.37435199583103,75.84382436842593,None,0
2023-06-10 08:00:00,Pump,82.85185082310376,55.87407028792846,1.8300894158458514,63.953817801300026,29.37964645031218,None,0
2023-06-10 09:00:00,Compressor,57.22319037629799,40.60509527623086,2.0910674355055883,32.16358572373603,50.25153777699239,None,0
2023-06-10 10:00:00,Heat Exchanger,82.14745649888945,48.36102472061268,2.679885946664157,35.11495470069302,97.8958991216223,None,0
2023-06-10 11:00:00,Compressor,72.66275942148275,49.79169988309333,1.9776456216202074,72.30504207684655,83.79161185634881,None,0
2023-06-10 12:00:00,Pump,82.07457710864381,50.07954329199816,1.5569436743261749,74.136486390127,86.19340215701806,None,0
2023-06-10 13:00:00,Compressor,82.76931692354829,50.90248028039041,1.1901550672416867,78.83884039036792,87.46929142552708,None,0
2023-06-10 14:00:00,Compressor,91.07915061119158,53.05219909904746,2.2565239337051253,58.454490706218294,65.75908061094022,None,0
2023-06-10 15:00:00,Heat Exchanger,88.53453647621203,49.82296280477325,2.1236440628138697,81.58844892097129,76.95405314762306,None,0
2023-06-10 16:00:00,Pipeline,88.46571662610296,48.1597085892816,1.6770459133688518,40.01029749849746,42.30648231708585,None,0
2023-06-10 17:00:00,Pump,89.43670319166239,47.962053276701525,2.513007062853649,44.98298481810016,99.86016039155656,None,0
2023-06-10 18:00:00,Heat Exchanger,77.91378984815945,46.94242098980823,1.7891115678061849,38.07012885611828,35.16599526891805,Wear & Tear,1
2023-06-10 19:00:00,Compressor,75.3218508703684,53.93771662163432,1.9326779540876025,77.8522356349126,63.10066629731676,Wear & Tear,1
2023-06-10 20:00:00,Compressor,83.72817083178334,46.76735760261743,1.9916679333510283,43.720507103197136,35.3855510489074,Overheating,1
2023-06-10 21:00:00,Pipeline,82.32080951433022,54.23385554504122,1.8245236289309559,39.33067456549774,20.086394550406585,None,0
2023-06-10 22:00:00,Pump,71.9093376326174,50.09499541129936,2.1179325328747853,67.38664125528337,61.0827233359309,None,0
2023-06-10 23:00:00,Pump,79.04823408808268,47.393725965719355,2.5757575729665003,34.624921581640464,41.801380377952576,Leakage,1
2023-06-11 00:00:00,Valve,74.64903533215406,53.092036078720675,1.4287590509407886,32.69401663321035,62.48973407710489,None,0
2023-06-11 01:00:00,Pump,66.46067091539945,46.362730376384405,2.2442600692370043,36.40305891314753,60.28106289984935,None,0
2023-06-11 02:00:00,Pipeline,87.9046074137635,53.19092020364106,2.0860793348032205,30.014453039230055,58.80310562292054,None,0
2023-06-11 03:00:00,Valve,75.5519924253009,51.06363060595893,2.076881914772353,71.81940925330755,21.097100984187648,None,0
2023-06-11 04:00:00,Valve,95.48708257698851,47.018376554540396,2.435922284937045,63.73411930286872,49.61626969153214,None,0
2023-06-11 05:00:00,Compressor,58.745077298001675,52.64317407667279,2.0246487126085793,42.592506542263436,83.08035454589125,Wear & Tear,1
2023-06-11 06:00:00,Compressor,69.43221227156634,52.7329486284432,2.2401146309528515,43.98029687865575,38.36291459901722,Leakage,1
2023-06-11 07:00:00,Pump,75.32638836690872,55.78759802904979,2.3579323147855735,78.65811590820238,49.94483547628587,None,0
2023-06-11 08:00:00,Valve,86.37381097628914,54.83073506204648,1.7478173998096966,60.10920695161802,54.444843128824125,None,0
2023-06-11 09:00:00,Compressor,78.99469372602185,52.456370103631414,2.149591730406899,71.91170142490438,87.64581813325702,Corrosion,1
2023-06-11 10:00:00,Pipeline,78.10472754180752,44.36204524395618,1.874606196394684,57.16532707649493,69.00397923034171,None,0
2023-06-11 11:00:00,Compressor,63.727362074458526,62.242934940870285,1.9336591101400522,44.26308156124754,19.01822813535826,None,0
2023-06-11 12:00:00,Compressor,63.43058602770529,42.98191894464095,1.838969301760834,88.2241680409744,87.86538872245191,None,0
2023-06-11 13:00:00,Valve,78.22504660289904,54.74631587141155,2.235540202048443,63.938853802523845,84.8859377933881,None,0
2023-06-11 14:00:00,Valve,61.35894006181641,52.15641908443149,2.040822354509127,37.858914226074745,77.82813825392579,Electrical Failure,1
2023-06-11 15:00:00,Heat Exchanger,69.68122249710672,44.12928813759443,2.1972720171583373,54.365402531034405,51.94522164869539,None,0
2023-06-11 16:00:00,Pipeline,80.00917329085857,49.3784953056075,1.9912413185521258,49.76024471681404,78.17908451372261,None,0
2023-06-11 17:00:00,Valve,65.17675727723224,49.606235568776796,1.1979394937648375,42.84524811531128,53.08678563784815,None,0
2023-06-11 18:00:00,Pump,91.05355962361807,56.527913579052615,2.015684208049854,86.00639935441558,76.29611808944466,None,0
2023-06-11 19:00:00,Pipeline,87.2393634423789,46.43344549859894,2.0317689775784085,82.85519972758516,89.20991484752827,None,0
2023-06-11 20:00:00,Pipeline,59.285800016616996,48.69027496787823,2.12129796857673,41.948826991206985,90.14874266175372,None,0
2023-06-11 21:00:00,Valve,65.67628756818013,38.31965197489369,1.703135403157129,51.12887334333101,50.912071676870916,None,0
2023-06-11 22:00:00,Pipeline,52.142227555050496,58.67381396561788,1.402265141667244,75.7389235002493,87.34084114168263,Electrical Failure,1
2023-06-11 23:00:00,Valve,67.17408637451867,44.64765878489965,2.312303322447139,42.51036288841294,19.13116424569418,None,0
2023-06-12 00:00:00,Compressor,82.66388476572399,51.63455432119587,1.8631967217329155,65.49389175625467,19.16374757381029,None,0
2023-06-12 01:00:00,Heat Exchanger,70.86105057725143,49.49296085139068,2.085622023842498,71.987636527489,59.3440252180732,None,0
2023-06-12 02:00:00,Compressor,79.60797243615967,49.5099951660833,1.8592699600558522,69.23833954264597,68.66601566106421,None,0
2023-06-12 03:00:00,Valve,59.776656817182555,54.049309924354375,1.9969690871132026,72.38451841653003,23.769439838056243,None,0
2023-06-12 04:00:00,Valve,82.97975254581905,58.35631230151817,1.7753573260320958,72.40197534172577,52.49620403253937,None,0
2023-06-12 05:00:00,Compressor,69.4489077207165,51.25746834970996,1.515958205423086,87.8883551909357,18.492640103433075,Overheating,1
2023-06-12 06:00:00,Pump,75.12169682282905,53.275390088152626,2.2368658303843287,50.78993337121918,64.18895369979793,None,0
2023-06-12 07:00:00,Pump,74.07125498606948,51.6444576836352,1.6984399558869399,82.71542546255037,86.9584633077563,None,0
2023-06-12 08:00:00,Pump,62.28451479107716,55.08765711965313,2.0819757404474055,31.308423750906407,76.38750784175714,None,0
2023-06-12 09:00:00,Valve,63.469156682602176,47.68541810256836,2.205230110951039,47.292177799396995,44.04623971863441,None,0
2023-06-12 10:00:00,Pipeline,84.67794469003427,55.37695277208207,1.706593642198459,32.91934691994789,99.44144169734095,Leakage,1
2023-06-12 11:00:00,Valve,78.98992157501695,55.55249932823692,1.3980571828135075,69.07223759735041,69.66414788195232,None,0
2023-06-12 12:00:00,Pipeline,85.50049041553427,55.41268504341455,3.213042806926526,36.047422243897174,83.37235909982311,None,0
2023-06-12 13:00:00,Compressor,78.24658235502518,46.69926066331762,1.736114062027287,80.74241181912278,70.27276485625595,None,0
2023-06-12 14:00:00,Heat Exchanger,76.42990634809216,49.15831182881404,2.3117085793005794,68.79550102741558,99.04746619784139,None,0
2023-06-12 15:00:00,Pipeline,57.73989381333233,51.19733494390218,2.9697317747850622,31.72892406321634,83.92237904959957,None,0
2023-06-12 16:00:00,Pump,72.2963330323883,43.14578977585497,2.3949538734269464,72.88664192607737,56.74808961058965,Electrical Failure,1
2023-06-12 17:00:00,Valve,74.72615679596257,57.97460104043007,1.8497785955862243,81.72209683541766,43.01916065538308,None,0
2023-06-12 18:00:00,Compressor,94.53107198272573,49.93861733248912,1.9664418062324442,69.66726045972896,71.39393462339581,None,0
2023-06-12 19:00:00,Pump,81.86956632098678,51.41963943802361,1.5836963901305758,31.83145295610193,63.1199627926308,None,0
2023-06-12 20:00:00,Compressor,90.36061181709529,47.114977801363985,2.440848213478871,81.4751729076244,66.64155319247908,None,0
2023-06-12 21:00:00,Heat Exchanger,80.97537705894729,43.365612203164886,2.283135354029344,73.9478347760421,40.871058965538126,Corrosion,1
2023-06-12 22:00:00,Valve,67.8869677305052,46.97985057262615,1.7427870908691285,52.707078749039056,48.585557851349904,None,0
2023-06-12 23:00:00,Valve,76.17124216149851,51.09602093816794,1.4789125964507779,49.71781549893016,60.22869174015848,Wear & Tear,1
2023-06-13 00:00:00,Heat Exchanger,77.36223646264233,53.367144063768464,1.3393831311681543,58.789210884446405,85.53550617296587,Wear & Tear,1
2023-06-13 01:00:00,Valve,65.60844430229318,50.808957703013604,2.4932570019021005,82.02610505627226,78.66180259866128,None,0
2023-06-13 02:00:00,Pipeline,71.15612623407078,51.73362008120975,2.0601865644777804,45.12356111217345,20.679028345251133,None,0
2023-06-13 03:00:00,Compressor,72.94233006322828,48.31486812659312,2.107492268166376,36.05782867447207,32.09988250174526,Leakage,1
2023-06-13 04:00:00,Pump,91.05619832565118,52.48124283122714,1.5885256870688214,81.878182377663,12.399195243972468,Electrical Failure,1
2023-06-13 05:00:00,Heat Exchanger,54.192594746090215,57.414164331929534,1.268248448347797,31.577390932843375,10.716451116903228,None,0
2023-06-13 06:00:00,Pipeline,87.05818420716044,53.52394721219493,2.481306787355816,84.65982133464388,30.19379223522176,None,0
2023-06-13 07:00:00,Pump,65.63204765040618,54.0477094412647,2.0210195184986155,48.34471165808404,81.93888532083966,None,0
2023-06-13 08:00:00,Pump,61.27920812730386,51.47008199653315,2.45361733002881,60.49336210129606,91.42728923569484,None,0
2023-06-13 09:00:00,Heat Exchanger,86.79942130038464,42.48422465200199,1.807033436742218,37.93773148513368,45.25915293087383,Overheating,1
2023-06-13 10:00:00,Pipeline,82.31898069234381,44.77666734684378,1.8815910784815708,84.13529816260112,60.68787369460107,None,0
2023-06-13 11:00:00,Pump,87.5451870238119,52.27437900331922,2.356649088310316,74.99017340306429,73.54473417598427,None,0
2023-06-13 12:00:00,Pump,83.00701947545576,49.94530474019957,2.366174039825262,85.44933519648205,95.76430293265538,None,0
2023-06-13 13:00:00,Pipeline,95.59845001737402,52.19921443236414,2.398782811342977,70.99374306708975,92.16390135676885,None,0
2023-06-13 14:00:00,Valve,80.58723836944485,58.382117089220365,1.852399373448652,41.081626604539565,15.147307304324194,None,0
2023-06-13 15:00:00,Pump,73.43522623876842,53.630179996146666,2.307273618825434,48.49602017917496,32.33492588883527,None,0
2023-06-13 16:00:00,Compressor,78.42926377321342,56.29443102871411,2.5545497327383595,59.2109145062084,14.423008955965937,Electrical Failure,1
2023-06-13 17:00:00,Pipeline,87.43469128345964,50.47340694735365,1.9476139941592328,66.43549232161241,65.48881788901463,None,0
2023-06-13 18:00:00,Pump,67.20624674739884,45.9639216125778,1.7432558181129731,85.58756624017641,73.94439848253751,None,0
2023-06-13 19:00:00,Heat Exchanger,68.4811141746862,49.7106692039283,2.671373801658383,53.03708794734834,37.74550711208603,Electrical Failure,1
2023-06-13 20:00:00,Compressor,71.91039985402092,45.97624093140431,1.6727771332243464,72.18432131442876,86.8466717319893,None,0
2023-06-13 21:00:00,Pump,53.954172012346675,57.79147478386224,2.3147382485572385,87.6605309346493,50.75314753703479,None,0
2023-06-13 22:00:00,Compressor,76.38078408417547,53.95195538267735,1.9707888447400692,39.14244380492718,99.85433635873113,None,0
2023-06-13 23:00:00,Compressor,56.13871296048974,52.6025624831414,1.0792171917577198,81.76257532677289,10.035972333039243,None,0
2023-06-14 00:00:00,Valve,75.53059312932619,56.17971601114051,2.5642970337392903,55.24236422359192,19.8540737576701,None,0
2023-06-14 01:00:00,Compressor,83.6528975613525,39.899717927383875,0.621073185226316,73.9453065557602,37.16139186418063,None,0
2023-06-14 02:00:00,Valve,70.23123539356165,52.9406897567133,1.0079359666211956,47.61230032422502,12.295683815834185,None,0
2023-06-14 03:00:00,Pipeline,91.77115870186871,43.446771078478136,2.263665039740336,50.03905309596009,80.41055119644257,None,0
2023-06-14 04:00:00,Valve,60.39499100581512,49.96372150767169,2.2635355993390576,31.627993492083966,14.74946090841585,None,0
2023-06-14 05:00:00,Heat Exchanger,86.91260681631833,48.441462037663925,1.681210071061232,88.28424919001758,77.40816699644445,Electrical Failure,1
2023-06-14 06:00:00,Pump,81.7513705640692,53.30868306048474,2.0739110451516223,78.80715451384707,14.731161291059447,None,0
2023-06-14 07:00:00,Pipeline,57.83966751689311,51.14093644480478,0.7342849771109976,35.635077475573226,32.74545381877411,Wear & Tear,1
2023-06-14 08:00:00,Pipeline,102.10794299040532,56.72558586805894,2.3534877322352994,89.97052773982647,85.71491340926767,None,0
2023-06-14 09:00:00,Heat Exchanger,74.36254714496035,46.990514195336935,2.1248627435267986,66.3014758321765,95.59857648139518,Leakage,1
2023-06-14 10:00:00,Valve,66.22515977844368,53.54557194816642,1.9771785733331022,81.22371827786299,47.3073708394461,Corrosion,1
2023-06-14 11:00:00,Pump,60.92912805215983,50.81111608449416,2.010420741068886,33.99964579667214,97.29450678812962,None,0
2023-06-14 12:00:00,Valve,72.79981972340326,41.823548649642234,2.246627088096516,53.36707070951542,66.41928313826884,None,0
2023-06-14 13:00:00,Compressor,73.7259312761004,45.406917707384835,1.9855492382510695,70.1790673382166,47.42516101896383,None,0
2023-06-14 14:00:00,Valve,76.02645528539665,49.25060983238916,1.0629722486343898,36.38602312198209,82.25212095711252,None,0
2023-06-14 15:00:00,Pipeline,72.0220384377604,55.561462249458636,3.098166117261261,59.33417031924004,36.579566812618104,None,0
2023-06-14 16:00:00,Pump,81.33225310115094,52.318615287785576,2.6004004097142257,56.56067247264849,33.92166352241966,None,0
2023-06-14 17:00:00,Valve,71.12370167336753,44.16249588059643,1.357527669022586,42.96241346841478,69.08929092199668,None,0
2023-06-14 18:00:00,Pump,55.65035882759529,49.298418859764205,1.8274313847617047,48.016190151108134,45.143862577128544,Overheating,1
2023-06-14 19:00:00,Pump,73.50638504350358,60.08903224396515,1.8819829049219796,88.02710126969895,22.232622425048163,None,0
2023-06-14 20:00:00,Compressor,51.32522346626722,50.55611667420429,2.5394247832544816,47.318909160596164,16.02678117609179,None,0
2023-06-14 21:00:00,Compressor,78.5377063089139,48.36337212463802,0.9203655323401161,42.80556803810466,80.90583186236296,None,0
2023-06-14 22:00:00,Pipeline,65.20699769717365,52.458698203781104,1.7504958677851055,62.1725502641,70.831965862211,None,0
2023-06-14 23:00:00,Heat Exchanger,76.63360354915801,53.81696539790985,1.1196817783312483,70.25748204421788,47.0618402145943,None,0
2023-06-15 00:00:00,Pump,88.14074981524604,47.719158262599706,1.8574522420858308,73.50558666417389,90.6604871653951,Electrical Failure,1
2023-06-15 01:00:00,Heat Exchanger,65.51251304732,52.51287387185719,1.7637495534575478,75.25483106981497,46.97710771983396,None,0
2023-06-15 02:00:00,Pipeline,85.61256258512118,48.35555251664596,2.0398470336913563,32.20994949088519,73.92659243188452,None,0
2023-06-15 03:00:00,Pump,70.66610433313846,53.59663800914719,1.6975628004954082,53.62562402277379,91.82037476865635,Wear & Tear,1
2023-06-15 04:00:00,Pump,92.53194802065585,50.84846578985642,1.6244883043047378,76.43748478698541,85.66439128375991,None,0
2023-06-15 05:00:00,Heat Exchanger,71.34847386801786,52.40983913526446,2.309828345881574,84.29112610800777,55.9994298705621,Wear & Tear,1
2023-06-15 06:00:00,Valve,66.59507014493309,46.20408226916248,2.2273363704712903,66.132007399967,71.25727532020593,Leakage,1
2023-06-15 07:00:00,Compressor,81.87238450395289,45.893568079635706,2.275699171389121,33.13841121058114,47.22991990546321,None,0
2023-06-15 08:00:00,Valve,70.64210270376364,54.727486523296974,1.9115499547545787,53.79874835130787,68.24774550647027,None,0
2023-06-15 09:00:00,Heat Exchanger,66.58550485870991,49.60301809307253,1.7141307088874054,34.45362695210728,33.17971945108563,None,0
2023-06-15 10:00:00,Compressor,70.2216014929621,51.42517371049681,1.9405737589896146,74.91227176107508,49.1267902392598,None,0
2023-06-15 11:00:00,Valve,74.55393467816998,48.4680228645674,2.250581035034226,33.810328156899914,28.859116384165514,None,0
2023-06-15 12:00:00,Compressor,88.42180131244854,54.49363387006822,0.9116101495140758,41.14386400411064,13.436645741159321,None,0
2023-06-15 13:00:00,Pump,55.65912254540423,46.960950099851715,2.197055965185429,55.017505437886456,62.9685865517835,None,0
2023-06-15 14:00:00,Valve,75.23080658950421,49.321993800495584,2.154569093667399,57.75890202689232,87.79864108157179,None,0
2023-06-15 15:00:00,Compressor,81.24903594654043,53.929964063515655,2.0310754530428636,54.38890201890074,12.302044716087236,Wear & Tear,1
2023-06-15 16:00:00,Compressor,76.93448574991797,55.86483849582133,1.9253432890641624,57.80379879636,27.642676665636632,None,0
2023-06-15 17:00:00,Compressor,88.09865169433535,47.38120354486658,0.7169403070337932,72.79434912121198,51.4166553343378,None,0
2023-06-15 18:00:00,Valve,74.25654670241475,59.79841990977941,1.7800733684497971,52.15612937733249,69.93071351580281,None,0
2023-06-15 19:00:00,Pipeline,73.15448557814055,51.56620846846808,2.8947193555386868,62.86502754903715,25.41062743028978,None,0
2023-06-15 20:00:00,Valve,80.92329547013344,44.785358690956315,2.006450647784153,48.20215545172393,15.102534607356185,None,0
2023-06-15 21:00:00,Heat Exchanger,75.9931381495135,51.84526024294984,1.846355080662641,51.217649705428954,56.71438459542003,None,0
2023-06-15 22:00:00,Valve,71.0959126171953,48.08500392758271,2.0084530977950563,66.82793754252485,83.68387417515778,Corrosion,1
2023-06-15 23:00:00,Compressor,80.16144039586379,52.170342435915884,2.177386434314004,59.4296790982212,13.171141838149417,Corrosion,1
2023-06-16 00:00:00,Pump,68.47471706783355,49.78571876169831,2.3294101223447323,73.38217769155688,41.443250532312334,Overheating,1
2023-06-16 01:00:00,Valve,68.88822847980673,50.371368450950726,1.885559918421029,63.63231528310499,69.71632685140017,Wear & Tear,1
2023-06-16 02:00:00,Valve,69.72005978234387,45.44203311706927,2.2124598011968417,78.21444512303236,21.76678054922203,None,0
2023-06-16 03:00:00,Compressor,88.53069160166407,54.9503061535818,2.83832540138068,56.60449277968299,31.23520992034811,None,0
2023-06-16 04:00:00,Pump,42.789836440142864,44.21936316424484,2.5031253997163576,59.46201719200809,58.194337940763944,None,0
2023-06-16 05:00:00,Pump,78.95598834762943,44.45617552297502,3.1701501079284897,70.19828093405637,95.79085267277962,None,0
2023-06-16 06:00:00,Heat Exchanger,75.34271814200223,51.83680174573743,1.671614820824142,43.274636664722934,35.860835641938046,None,0
2023-06-16 07:00:00,Valve,58.191295407618796,58.01422123588985,2.8380947537510077,53.15577221587565,53.87746790986393,None,0
2023-06-16 08:00:00,Pump,78.09726779136003,48.237034514677966,1.6046631800387026,67.49047464070247,45.993777675797645,Wear & Tear,1
2023-06-16 09:00:00,Pump,79.75751991831532,53.50486161351983,2.1767830733702316,31.732576155944184,90.7657004827072,None,0
2023-06-16 10:00:00,Pipeline,80.896392313574,55.36670088431772,2.36623826461905,56.218286018036494,16.470087762800407,None,0
2023-06-16 11:00:00,Pipeline,48.48171936955051,54.073422186470346,1.7446114040477638,65.93099617836701,60.95328322066879,None,0
2023-06-16 12:00:00,Pump,88.66389411854439,48.44395855413159,2.043982138737138,88.04253191869188,86.15077292709496,None,0
2023-06-16 13:00:00,Heat Exchanger,67.6226329531516,44.544766414029624,2.4552305512259207,82.62099369706027,98.93058193563326,Electrical Failure,1
2023-06-16 14:00:00,Pump,81.86567746753175,38.962262171643225,1.644864550844046,46.84451717655949,72.88529477696267,None,0
2023-06-16 15:00:00,Compressor,82.41073780682287,48.68579750268803,2.8346917297738234,60.432606241735485,44.19419280998721,None,0
2023-06-16 16:00:00,Valve,66.23302914380707,55.89043684281087,1.3077016876363254,33.38486235960548,47.06419172805495,None,0
2023-06-16 17:00:00,Heat Exchanger,81.6045995235155,44.37917007619033,2.9698457213641922,44.445264889068426,41.65139977684875,Electrical Failure,1
2023-06-16 18:00:00,Compressor,71.14506759087642,53.501049237593826,2.5006630673997963,76.4913520840854,64.3251789826258,Corrosion,1
2023-06-16 19:00:00,Heat Exchanger,54.28622820661843,45.24923734974064,1.9551372118361108,37.398840736520675,76.54651936464259,Leakage,1
2023-06-16 20:00:00,Compressor,86.67741925527778,50.53036288193419,1.7986658943816343,45.4614314900374,83.75208072300379,Overheating,1
2023-06-16 21:00:00,Valve,67.2495503698376,53.53895807077509,1.7464858686044882,86.64255010414848,47.493379871485466,Corrosion,1
2023-06-16 22:00:00,Valve,66.45506537261946,46.70252281580786,1.9321021798714926,79.43134802954748,74.50376520331353,Wear & Tear,1
2023-06-16 23:00:00,Pipeline,70.96934131963278,50.85242340348457,1.9757520692255868,76.90966275893473,92.46003328267987,None,0
2023-06-17 00:00:00,Compressor,77.72236725327389,47.92454331637336,2.627613123317291,81.87344941812941,92.87423150056348,None,0
2023-06-17 01:00:00,Pipeline,74.42729589177898,53.52574329469088,2.984327050192292,74.97634119494123,73.36261024431784,None,0
2023-06-17 02:00:00,Compressor,80.4806692470717,51.17658584242319,2.099689960327004,37.235172967094094,67.32119735312824,None,0
2023-06-17 03:00:00,Pipeline,61.60510633471341,50.282538372146334,1.577185756005298,60.99367958911388,57.83734679725061,None,0
2023-06-17 04:00:00,Valve,67.57613629569265,57.79174980070989,1.727136979681903,56.65463524813932,26.48779013639157,None,0
2023-06-17 05:00:00,Heat Exchanger,73.84002927678466,53.31153071184151,1.9084546076943578,48.66909469622281,21.126668734487662,None,0
2023-06-17 06:00:00,Pipeline,93.97887292658706,46.54824066936855,1.4849389473516124,80.04242458317633,53.713990611044224,None,0
2023-06-17 07:00:00,Compressor,73.86187461586242,49.57068049601119,1.4105292989463107,57.84835214245402,24.34997405867134,None,0
2023-06-17 08:00:00,Compressor,85.85222263661632,49.6205060746017,3.0485636061865136,33.617856081452985,61.92999331024024,None,0
2023-06-17 09:00:00,Valve,75.38555168784318,50.40159786312606,2.151306762973127,46.497935023216094,68.11324572710964,Overheating,1
2023-06-17 10:00:00,Compressor,70.16341362562432,62.622546383037474,1.5834334331598265,43.71726348176671,57.305403776803665,None,0
2023-06-17 11:00:00,Pump,72.5327557588556,51.85425946355498,2.4083017851788564,83.24873308867701,13.278404126135229,None,0
2023-06-17 12:00:00,Heat Exchanger,73.31580287971119,39.82048714947612,1.4108269375965772,68.84628603834,15.195516292209895,Leakage,1
2023-06-17 13:00:00,Pipeline,81.03645738960739,47.286005141415174,1.4519939760644731,63.62257595292451,20.200706621333694,Overheating,1
2023-06-17 14:00:00,Heat Exchanger,88.74611267576554,40.33813956252096,1.5984787994678775,60.398954500722304,23.82812244895051,None,0
2023-06-17 15:00:00,Valve,78.59680847686322,48.3510087147708,2.8272566404325166,69.00678165248793,99.08943523923999,None,0
2023-06-17 16:00:00,Pipeline,86.87077678741755,40.06344885136786,1.873559967110813,75.29253280662749,41.00455151768102,None,0
2023-06-17 17:00:00,Pipeline,65.35210262370315,45.64204764465786,0.7791465065487566,63.263082349890595,36.277603627715756,Electrical Failure,1
2023-06-17 18:00:00,Pump,70.85369491185969,42.3963923518294,2.6050329665877965,86.29712490915664,14.703997209780617,None,0
2023-06-17 19:00:00,Valve,67.75697465792334,51.92080088983739,1.8468093179188212,88.61005023902308,67.17883516170369,Leakage,1
2023-06-17 20:00:00,Compressor,78.14444590874852,50.0026968131444,1.0752959970607971,89.72053899652937,68.69717066181526,None,0
2023-06-17 21:00:00,Pump,71.41041614820587,51.51481153749366,1.841658256018295,70.16346660531869,25.79038206207982,None,0
2023-06-17 22:00:00,Pump,82.29772937034195,49.47724305715737,2.2605019483024513,85.9572280053527,92.73173868321518,Electrical Failure,1
2023-06-17 23:00:00,Heat Exchanger,65.68998288367558,43.028511248977914,2.2020245832664846,54.268781718477285,82.04441919356145,Wear & Tear,1
2023-06-18 00:00:00,Heat Exchanger,75.43030973321281,52.56760684627368,2.89920748958241,81.57554347484312,30.728738512675726,None,0
2023-06-18 01:00:00,Heat Exchanger,81.86857911012257,59.611122801347264,1.5736160687150347,84.55045792438085,53.726475782488365,Wear & Tear,1
2023-06-18 02:00:00,Pump,54.3469722495939,52.04606289303273,2.023360060132486,84.24842833993654,51.25517705789649,Leakage,1
2023-06-18 03:00:00,Compressor,96.21631307330203,47.87037700341217,1.650215360710789,79.85077697450289,41.36683999080887,None,0
2023-06-18 04:00:00,Pipeline,72.16848115120125,42.859664119472775,1.2289035529063885,54.39594969847502,83.58712415430519,None,0
2023-06-18 05:00:00,Heat Exchanger,54.74960086323827,45.45966514620017,2.4427636861529773,39.53444891884406,19.83380370590359,None,0
2023-06-18 06:00:00,Compressor,76.58093898576786,52.2651982828603,2.2316347845737603,50.03738138066675,47.378281584501345,None,0
2023-06-18 07:00:00,Valve,75.33443467973152,55.365590133996875,2.1418392248494262,76.03731415788558,48.52280174942953,None,0
2023-06-18 08:00:00,Heat Exchanger,74.18105620427507,51.30433087360988,2.213395096629322,43.973130679798516,52.18530441527617,None,0
2023-06-18 09:00:00,Pipeline,84.91191112926666,53.99943644852992,1.65726357365579,58.69632388955834,87.52149919887658,None,0
2023-06-18 10:00:00,Valve,82.47444971427056,53.53839122013621,1.4971524563409033,63.923971079080324,29.635018318135113,None,0
2023-06-18 11:00:00,Valve,77.97876191023845,52.53267195692959,2.01882368608468,66.23151374627253,19.263085616104547,None,0
2023-06-18 12:00:00,Pipeline,79.50155633946648,46.70763202369372,2.580605701205807,86.14353290272791,65.60276165389972,None,0
2023-06-18 13:00:00,Heat Exchanger,73.95641550561913,50.86961755987576,2.8040385677267734,69.68958122485905,25.645102748024243,None,0
2023-06-18 14:00:00,Pump,92.75490849240049,45.75811098058931,2.3977163534037165,77.17792896463814,16.743887726915776,None,0
2023-06-18 15:00:00,Pipeline,60.208039816422335,50.08714476479051,2.014587213384048,64.91270087349801,48.398429851394816,None,0
2023-06-18 16:00:00,Pipeline,76.39651674215897,51.65431765533456,2.134891964699968,80.01481913171779,29.768178777232684,None,0
2023-06-18 17:00:00,Pipeline,75.6502463118878,58.39391903693428,2.0057969296626856,45.81981678418577,42.50949569811853,Corrosion,1
2023-06-18 18:00:00,Valve,83.13280406064592,43.45134012816184,1.4870283301502858,42.592660300127356,33.37399720922117,Leakage,1
2023-06-18 19:00:00,Compressor,66.561461225751,52.40753815495653,2.0123236891052714,85.57920292547819,18.337281645107417,None,0
2023-06-18 20:00:00,Pump,57.56327397603464,57.406182958117974,1.3325865912057533,71.6088525814427,60.43124826317814,None,0
2023-06-18 21:00:00,Heat Exchanger,76.56823016098193,53.79423882919398,1.9379613869484802,70.29153462349328,12.431657623553711,None,0
2023-06-18 22:00:00,Heat Exchanger,77.81230492218604,54.16472721412521,2.8180525552981597,58.03771431770699,96.97378131949596,None,0
2023-06-18 23:00:00,Compressor,89.89599409447649,52.93847450933906,2.411429611391676,52.60183555761063,40.71974695614696,None,0
2023-06-19 00:00:00,Pipeline,62.296379536749136,56.49167244887708,1.538440407881735,63.34147166871833,72.56417594408234,Wear & Tear,1
2023-06-19 01:00:00,Pump,86.5469376671672,44.56260915943816,1.9637854651788584,37.23398096530003,82.93265852927048,None,0
2023-06-19 02:00:00,Heat Exchanger,98.67414364027121,43.070366670148765,1.582811844122631,57.282753664986465,35.11943159855996,None,0
2023-06-19 03:00:00,Heat Exchanger,71.22235112477523,49.96832929767372,1.968743115911395,57.32206226792886,77.38648381990615,None,0
2023-06-19 04:00:00,Pipeline,62.09057780506776,39.194189482141454,2.5205539082622814,62.30019077665591,84.91787698822387,None,0
2023-06-19 05:00:00,Compressor,70.93025633626628,56.15322902089006,2.326503969154952,68.08113686203214,31.718551043045217,None,0
2023-06-19 06:00:00,Pump,75.1400496737138,56.103575977477206,3.242072040372668,87.43910195912173,99.32452092064655,None,0
2023-06-19 07:00:00,Compressor,80.63787875006915,47.83324722457737,2.5962387012537858,69.13014762550542,11.861981455788042,None,0
2023-06-19 08:00:00,Compressor,69.08605270161952,48.146147016697455,2.102000190538846,83.0235091172047,29.530043221198696,None,0
2023-06-19 09:00:00,Pump,90.55198534147343,49.63826262424664,2.3385749870666466,63.378231688149825,80.20186806492936,None,0
2023-06-19 10:00:00,Pump,63.854676849919386,50.2601032521981,1.898778412908332,67.6156729576494,27.471792255017757,None,0
2023-06-19 11:00:00,Heat Exchanger,57.607948478272,50.63586959597143,1.436247876456752,34.19021718657417,72.84338769755858,None,0
2023-06-19 12:00:00,Heat Exchanger,86.06710424287317,52.791160534391516,2.6528882891437604,37.99582337306494,86.99773644846132,None,0
2023-06-19 13:00:00,Pump,52.253789687938,49.13686823495761,2.504495738465824,64.78022611185237,96.32928453708341,None,0
2023-06-19 14:00:00,Valve,72.95870231127284,54.71596651738897,1.879472892703018,53.742772197481756,52.682276386024256,None,0
2023-06-19 15:00:00,Heat Exchanger,106.17681129208047,52.22973888562652,2.136967868465669,77.92863119193011,97.39982106839057,None,0
2023-06-19 16:00:00,Valve,74.87956447040068,46.96518277063682,2.620469593692403,62.59067249245056,47.046006701351075,None,0
2023-06-19 17:00:00,Pump,63.7923234930375,56.675563339020485,2.42317571310301,82.93746233708026,29.631523570694718,Overheating,1
2023-06-19 18:00:00,Heat Exchanger,74.42602536213207,43.208715069387566,1.2684493743751506,88.33990070773748,56.252966777625275,Leakage,1
2023-06-19 19:00:00,Compressor,74.49199211380467,49.539170945892614,2.121810010744912,38.8581111072891,68.48409198803434,Leakage,1
2023-06-19 20:00:00,Pump,76.60649940353116,54.83458700537734,1.916184237255818,53.68966509933759,51.21669844449494,Electrical Failure,1
2023-06-19 21:00:00,Pipeline,81.62262982159619,46.38463447543928,2.5565003495693404,69.89886151428185,61.02751995701124,None,0
2023-06-19 22:00:00,Valve,64.6088883163226,51.54777823383576,2.5155213693913305,48.329325324020985,47.476826895446976,None,0
2023-06-19 23:00:00,Pump,91.87548055236793,52.71669798499524,2.6593039140890227,46.02194026328971,57.22857586191248,None,0
2023-06-20 00:00:00,Pump,77.45114284372617,45.697380660093806,1.4410528306398962,78.8243136377302,95.73361047519055,Overheating,1
2023-06-20 01:00:00,Heat Exchanger,82.26794046401804,49.637611402029826,1.6079442329718807,88.82270814352458,54.98480372826988,None,0
2023-06-20 02:00:00,Heat Exchanger,68.71850600244358,49.21748084895395,2.5570412180677193,76.42819987484887,32.786166952833426,None,0
2023-06-20 03:00:00,Heat Exchanger,87.86382136995533,47.241310740838536,1.7041770923287771,61.42059736824682,78.28719593613135,None,0
2023-06-20 04:00:00,Pipeline,72.42947591186936,61.50837426025387,1.2392835095428463,56.55067391671888,40.38260120033944,None,0
2023-06-20 05:00:00,Heat Exchanger,77.77552513493532,46.18446823277262,2.2662982438070327,62.378863231821896,83.45864537392517,Wear & Tear,1
2023-06-20 06:00:00,Pump,65.6689392281289,55.024651470339414,1.7263907798670135,57.77038213126415,15.115779008549664,Corrosion,1
2023-06-20 07:00:00,Heat Exchanger,65.03068373597873,48.03599491559429,2.8948953851542,60.17328340714008,39.896017939782226,None,0
2023-06-20 08:00:00,Compressor,81.88205306452883,44.56681905557359,2.1480922769942317,42.20718303175366,18.49239174345755,None,0
2023-06-20 09:00:00,Heat Exchanger,70.56393169792614,50.514071215775346,2.080129643320833,84.22451695855966,17.67860418212483,None,0
2023-06-20 10:00:00,Pipeline,66.46176912495623,53.245466921937506,1.8153780541921214,75.27210009139608,69.25506032551935,None,0
2023-06-20 11:00:00,Compressor,68.56816657972969,54.6025478753284,2.795417666963486,70.8586453615932,44.68013212182467,None,0
2023-06-20 12:00:00,Pump,81.9895307171742,57.811325553275346,2.1792772299449106,86.99549825846839,88.43310477866012,None,0
2023-06-20 13:00:00,Pump,68.70962138796389,64.7262314496755,1.7957502409218968,47.063659914770284,56.47646240861762,None,0
2023-06-20 14:00:00,Valve,73.82345068397836,51.252571018777985,1.6029581466972767,34.869564653616855,36.580889905505444,None,0
2023-06-20 15:00:00,Compressor,75.15027750287096,46.68453913087306,1.963263472717891,79.5683196213199,74.87999991659753,None,0
2023-06-20 16:00:00,Valve,55.82651113989701,52.264371633974456,1.5111765814225973,89.90501781895529,66.16151124271298,Leakage,1
2023-06-20 17:00:00,Compressor,60.28873594626482,48.66893524796754,2.514438720839472,64.70594628121196,81.9635158746283,None,0
2023-06-20 18:00:00,Compressor,78.36277889247563,54.62983064926115,1.095828972987883,33.52856327476091,67.92294487076964,None,0
2023-06-20 19:00:00,Pipeline,67.62970638847302,43.51417851817139,1.9302429858334647,76.82808240929647,25.031207538902823,Overheating,1
2023-06-20 20:00:00,Valve,85.56724911280418,61.841672712002186,2.305066772543967,34.42494293075049,70.32790339003594,Electrical Failure,1
2023-06-20 21:00:00,Pipeline,84.66807104250545,54.28024047387756,2.171059710054829,62.400839175556875,45.239427785422926,None,0
2023-06-20 22:00:00,Compressor,82.19168666355438,41.57997991101918,1.6413585134921655,46.65194845263163,51.68287272318113,None,0
2023-06-20 23:00:00,Pump,93.19771787312598,46.45485548842514,2.3301293533532745,84.90160683554373,92.94081181636102,None,0
2023-06-21 00:00:00,Compressor,74.16910672256817,54.080405220569695,1.5569803058070462,57.0798727955691,42.39676416679723,Electrical Failure,1
2023-06-21 01:00:00,Pipeline,81.4888192590384,55.88172028085727,1.988807671751595,83.9078009087132,65.07632286917548,None,0
2023-06-21 02:00:00,Valve,69.15599023403969,43.63881186384018,2.325920785990178,47.944865115274055,42.71335600710156,Overheating,1
2023-06-21 03:00:00,Valve,99.52369912868724,53.565129252164745,2.2314563897465565,53.24175502928107,18.52547368220126,Corrosion,1
2023-06-21 04:00:00,Pipeline,94.83633652436019,40.26330063669038,1.662480494290266,86.82715129482483,50.81728078434705,None,0
2023-06-21 05:00:00,Valve,75.11880434517792,49.55332067264477,2.598747258282182,42.07886705589812,63.73553540136867,None,0
2023-06-21 06:00:00,Heat Exchanger,78.86586229905193,55.56023421051603,2.043347285742767,64.7100690990687,46.67529628338389,None,0
2023-06-21 07:00:00,Pump,88.59297599364805,47.2424213494851,2.371497705469576,53.310619713606684,45.15995662103659,Wear & Tear,1
2023-06-21 08:00:00,Pump,73.52860495185892,42.465388504309935,2.7645505033366238,76.45001310412364,83.83406625049572,None,0
2023-06-21 09:00:00,Pump,68.43375929200295,50.731073981887796,2.5587602743873035,37.757782270281446,12.67166550605232,None,0
2023-06-21 10:00:00,Valve,83.73989751006883,46.97640566682261,2.560064703165522,56.23289814028011,36.6026857066108,None,0
2023-06-21 11:00:00,Valve,75.7843924608367,53.147791830329176,2.096339964924736,71.93595761071579,83.05815388394905,None,0
2023-06-21 12:00:00,Compressor,76.8299444964526,45.5733678389097,2.3969675604552547,54.42097410036959,92.84771337500474,Corrosion,1
2023-06-21 13:00:00,Compressor,66.65728656932035,46.1368155517345,2.106798287282158,33.5119043565226,47.10696272567454,Leakage,1
2023-06-21 14:00:00,Pump,57.82327851636604,39.89498839561878,1.3953377661107933,72.30673568012062,89.99148188764687,None,0
2023-06-21 15:00:00,Heat Exchanger,77.361424098791,50.84972355525741,2.1513718962525212,60.19189966109899,27.903710991252943,None,0
2023-06-21 16:00:00,Compressor,84.049620414942,49.195475308617006,2.128180491869233,30.67852120080603,29.928436107415536,None,0
2023-06-21 17:00:00,Compressor,72.74193250923958,44.05807664629965,2.2918646807609098,66.75935371370238,86.15722389263232,None,0
2023-06-21 18:00:00,Valve,89.36429519558867,50.96899356883546,1.9360015123933023,85.19286135172719,91.29319672065564,None,0
2023-06-21 19:00:00,Heat Exchanger,67.96083674584456,55.1353515032207,1.6192722216180746,36.66155689270134,30.052519116640074,None,0
2023-06-21 20:00:00,Pump,64.4529554503408,48.92216028290525,2.3282530415876135,65.44027410055014,15.339177097175,None,0
2023-06-21 21:00:00,Compressor,74.32769692803869,51.34083474910987,1.343363856373876,73.72013290575782,18.129172334975898,Wear & Tear,1
2023-06-21 22:00:00,Heat Exchanger,74.1740742464871,51.36655624792582,2.7294095679282346,34.24642020841833,33.52427518387269,None,0
2023-06-21 23:00:00,Heat Exchanger,82.69968731335223,43.978350864105195,1.8842909693975038,31.356927489851177,78.53041694321153,None,0
2023-06-22 00:00:00,Pump,67.25037175936015,60.28292910353798,2.1227640860280843,57.85175199869684,55.899264501665456,Electrical Failure,1
2023-06-22 01:00:00,Heat Exchanger,88.68094236814898,47.64575084938858,2.279279076640786,77.47120123406182,51.002995801849266,None,0
2023-06-22 02:00:00,Heat Exchanger,94.66916962508253,53.28058100930135,2.2953440224220953,39.6431646059597,62.572593804940084,None,0
2023-06-22 03:00:00,Heat Exchanger,74.60855973031659,53.84607638614525,1.2955078500241326,80.19823633289538,90.12008021159676,None,0
2023-06-22 04:00:00,Compressor,87.49710420184319,49.30202436442124,2.412043290272132,69.39463532541578,18.13873416090918,Corrosion,1
2023-06-22 05:00:00,Pump,64.43502929374739,53.03397512529817,2.1515769141881367,49.93039726730914,72.52517148729231,None,0
2023-06-22 06:00:00,Heat Exchanger,85.75221541181917,51.229096109081944,1.6823693077206956,60.949547909546965,93.41117610898647,Wear & Tear,1
2023-06-22 07:00:00,Heat Exchanger,85.47276408559463,42.91180121386297,1.625166524527043,87.93449878360431,29.201503758256,None,0
2023-06-22 08:00:00,Compressor,83.63437280189879,48.33863649374956,1.8329734589715772,42.98621823794033,85.3995084365651,Electrical Failure,1
2023-06-22 09:00:00,Pump,74.84436911129706,46.93724548822969,1.3506291566947541,59.97212386464241,72.8222239683552,None,0
2023-06-22 10:00:00,Valve,45.45751058757969,47.691274793269365,2.8611336954935127,67.46919336645723,11.302168246583022,None,0
2023-06-22 11:00:00,Compressor,68.58272856347871,43.47998411081681,2.7430756625716723,38.280876328539975,30.845051232591537,None,0
2023-06-22 12:00:00,Pump,68.74083982315398,55.63216858373015,2.22585010048797,32.61132531739858,64.52602848062926,Corrosion,1
2023-06-22 13:00:00,Heat Exchanger,65.21745061939522,58.009963273067065,1.8883007918289545,30.807597175888276,55.21603055420905,None,0
2023-06-22 14:00:00,Pump,76.22243004547066,54.890014879992044,1.9014460060313023,49.48157139600097,57.514262727417936,None,0
2023-06-22 15:00:00,Pump,70.81036554478766,56.35264612073571,2.379032853086984,34.43683766909192,30.87373821461404,None,0
2023-06-22 16:00:00,Pump,66.75387990234978,48.27682581495922,2.8789134497509754,78.22619715246688,70.7503123637764,None,0
2023-06-22 17:00:00,Valve,64.4119985175218,46.818715825069816,1.7148016302016285,89.83917162970477,33.97765338430992,None,0
2023-06-22 18:00:00,Pump,67.84487014514771,46.107064765941445,1.441206978688338,33.67822930406784,45.04914698306085,None,0
2023-06-22 19:00:00,Valve,86.21499211849928,53.220324614786115,2.7738203867976354,55.96357655600637,43.20243242920686,None,0
2023-06-22 20:00:00,Heat Exchanger,68.38974945372506,51.13531526572075,1.1064307062077743,31.543927378954486,70.48225199079087,None,0
2023-06-22 21:00:00,Valve,69.85061293566727,49.61389144200787,1.4957345958736767,38.0394534454358,18.122748551489565,None,0
2023-06-22 22:00:00,Heat Exchanger,70.43302384976754,56.47574272097671,1.8765710537445737,49.37535365464044,28.498771093616668,None,0
2023-06-22 23:00:00,Heat Exchanger,78.3899351380942,52.024706769076715,1.2197832660974846,53.62189278345899,28.044736361656106,None,0
2023-06-23 00:00:00,Valve,79.56249488528533,45.806711812397076,2.556074531403299,86.38697678571842,19.75822067041391,Corrosion,1
2023-06-23 01:00:00,Compressor,44.55343460756838,46.59545585432153,2.42845263525255,53.750208525413754,28.683548095281314,None,0
2023-06-23 02:00:00,Pipeline,85.21635213827608,53.40996649627073,1.7126033863923413,59.776659543444126,64.63542411310189,None,0
2023-06-23 03:00:00,Pump,89.36368034243753,55.208664263272986,2.6398070595888736,44.735002096431984,75.89513537867694,None,0
2023-06-23 04:00:00,Pipeline,64.4981346263833,52.75840116127985,2.724646214201913,30.00750832539453,69.42731022722104,None,0
2023-06-23 05:00:00,Pump,65.27701755265166,59.48444373936041,1.9434146758549682,83.96006740398812,52.76693241827941,Wear & Tear,1
2023-06-23 06:00:00,Pump,70.49746612221729,58.175035828657094,1.7746659112159962,34.90288542217829,14.719111398645728,None,0
2023-06-23 07:00:00,Heat Exchanger,67.43995980543396,52.205179174253814,3.129801013871239,87.85493046217374,96.31063096180975,None,0
2023-06-23 08:00:00,Pump,77.23926873946607,45.80709670259249,2.3605809110420775,37.850646246015614,25.126881475374276,None,0
2023-06-23 09:00:00,Pump,55.534747136411355,43.45006244134116,2.1281623264844267,66.29270884502643,70.15792333651038,None,0
2023-06-23 10:00:00,Valve,63.8207239196326,48.06309127492643,2.681772973319806,89.96463527139821,92.16015539339,None,0
2023-06-23 11:00:00,Pipeline,90.39197200174908,53.766067232080786,2.1509653175015107,38.30787576418055,72.79993863828898,None,0
2023-06-23 12:00:00,Valve,65.71780032651982,59.13323539655969,1.7471897070404059,55.43658509638945,29.62446761700552,None,0
2023-06-23 13:00:00,Pump,87.43428278102925,52.087235172054,2.040079880243777,76.82542013828859,38.421666888762076,None,0
2023-06-23 14:00:00,Heat Exchanger,78.55338195590137,55.84361397115618,2.5193271436598677,31.931408990998097,12.718528030998566,None,0
2023-06-23 15:00:00,Valve,56.90732285411742,48.77346256906099,1.003907216825393,71.38696506840267,65.14824167579022,None,0
2023-06-23 16:00:00,Valve,81.35329195216207,53.11384562613775,1.8559846302803895,34.82240027344797,65.169368279341,None,0
2023-06-23 17:00:00,Compressor,73.82332697807146,54.116784147385864,2.6915286992908025,44.19120853639358,75.29505232387413,None,0
2023-06-23 18:00:00,Pump,70.4453294375026,40.10202862073736,1.7440657994532411,39.60456974960162,10.989666034805921,None,0
2023-06-23 19:00:00,Heat Exchanger,77.44957093172005,47.93280598811745,2.773054280215705,84.44018589881617,83.605715994202,None,0
2023-06-23 20:00:00,Valve,79.74633485566793,54.74850192138935,2.7073719096799063,40.82740300690085,76.48398616602773,Leakage,1
2023-06-23 21:00:00,Valve,82.0759182197462,51.37234167818283,1.9672354422555243,32.42604573090943,22.679794857167995,None,0
2023-06-23 22:00:00,Heat Exchanger,86.78252847548002,44.01742475924534,1.7157303475554997,65.25754070686573,41.286394834208075,None,0
2023-06-23 23:00:00,Pump,79.08135912778357,37.84938812136322,1.8563205629251827,50.77085552458212,67.46724036137951,None,0
2023-06-24 00:00:00,Compressor,61.243659112136385,48.171096273489965,3.3323072460007173,54.34237323848198,54.62171874462951,None,0
2023-06-24 01:00:00,Valve,70.2635454234881,49.642071535530604,2.937212223466622,37.14376469175282,20.358483751113617,None,0
2023-06-24 02:00:00,Compressor,104.43048335268621,45.58038525085827,2.0626954859033693,74.89406948599168,17.86108376229309,None,0
2023-06-24 03:00:00,Pipeline,82.24491060381727,50.71542468513997,1.6959232241897952,66.09321897861108,80.33106691972824,None,0
2023-06-24 04:00:00,Pump,98.69287300811497,52.531933736164476,2.0585205177906314,51.8530226848968,24.037040621602884,Electrical Failure,1
2023-06-24 05:00:00,Pipeline,88.95434082199185,53.35343585363116,2.1219134633083825,40.294496625788156,25.48834065373992,None,0
2023-06-24 06:00:00,Pipeline,77.41802071555749,38.22040537533839,1.378320631195323,65.60710435023361,84.78308128210818,None,0
2023-06-24 07:00:00,Pipeline,78.01407069781118,43.4285745109594,2.04002063460763,76.71583677044265,65.09256711068954,Wear & Tear,1
2023-06-24 08:00:00,Pump,74.63419960123154,48.47688675822632,2.661202162405865,48.74383703203169,64.42440473385751,Corrosion,1
2023-06-24 09:00:00,Pump,57.621953841535,52.86086565518732,1.1003216593917633,31.551623012315826,53.1411194227006,None,0
2023-06-24 10:00:00,Heat Exchanger,75.18047252468224,52.44617006775018,2.413291982568624,42.86063908517904,61.209551296206186,Overheating,1
2023-06-24 11:00:00,Compressor,87.10674552542197,52.359349739383376,2.68739898502739,70.94386913356976,64.15927213346299,Wear & Tear,1
2023-06-24 12:00:00,Compressor,69.00360005178797,48.08291029015534,1.7197213274528158,89.34578264741536,97.10436113592223,None,0
2023-06-24 13:00:00,Heat Exchanger,79.11952999061809,48.3618328134502,2.847087879095528,30.802574364526592,30.067597672082133,None,0
2023-06-24 14:00:00,Heat Exchanger,83.51591045893197,46.3583536578913,1.6548314687758272,48.369213727926045,29.31061777304132,None,0
2023-06-24 15:00:00,Pipeline,65.90319560687524,53.84097064052924,2.220541330930202,33.72125222693033,15.149663893478412,None,0
2023-06-24 16:00:00,Heat Exchanger,70.48697135656336,45.39755606130211,1.8466136576681849,48.98095726578193,69.237891892839,None,0
2023-06-24 17:00:00,Valve,64.8208850952284,54.25018197594785,1.8465018214186983,54.35486058764528,59.413796274003566,Overheating,1
2023-06-24 18:00:00,Compressor,66.77834393310593,51.03926619068823,1.6913504651209772,85.25172551677531,20.01152834619758,None,0
2023-06-24 19:00:00,Heat Exchanger,62.12394716346939,49.77477760772423,2.3492877404310097,34.83364796429872,42.80850416063685,None,0
2023-06-24 20:00:00,Valve,65.99551538621974,46.71644800111767,2.4244027288657244,76.6280431839462,26.079688479808347,None,0
2023-06-24 21:00:00,Valve,89.19455680797839,43.22229069417937,1.9677889002114057,53.7320637637778,39.83335663607754,None,0
2023-06-24 22:00:00,Valve,65.84522970909708,46.761736218109775,1.320015893163863,78.67577098001567,95.61377524551492,None,0
2023-06-24 23:00:00,Valve,76.2645921906069,48.34996565687557,2.201585083317195,60.804131119537274,71.4986954992476,None,0
2023-06-25 00:00:00,Pipeline,69.97131246329045,38.15487844209375,2.211007179705347,32.356922330604604,10.681219071562776,None,0
2023-06-25 01:00:00,Valve,86.78865937036939,49.01322422332668,1.8916424943067862,86.77235308289033,32.725726640571125,None,0
2023-06-25 02:00:00,Pipeline,88.11162296603617,54.62178684013003,2.933615643590404,34.96404380607131,10.932539237000112,None,0
2023-06-25 03:00:00,Pipeline,83.64069982138948,52.836089527169364,1.218035367549673,65.86101015202536,74.33816488918127,None,0
2023-06-25 04:00:00,Valve,78.06134553102756,47.51897062129246,0.891358144873216,82.66006577601095,52.24796218499305,None,0
2023-06-25 05:00:00,Compressor,72.68940463159102,50.23468149207614,1.6345825501511646,34.786187865011634,99.46168226329503,Leakage,1
2023-06-25 06:00:00,Valve,63.081252958087504,47.219177152890005,2.355212267045725,63.23360330496077,76.02249349203925,None,0
2023-06-25 07:00:00,Valve,94.43528881122197,50.74380366667848,1.4720776812830796,79.45739253146714,56.61216484370937,Overheating,1
2023-06-25 08:00:00,Valve,67.40326982247447,57.70053911872016,1.5095145407369623,89.17948251874775,82.42348853873217,Corrosion,1
2023-06-25 09:00:00,Compressor,81.63646347032841,54.84249401312438,2.4755106680890773,73.45964404884128,73.43232861106685,None,0
2023-06-25 10:00:00,Pump,85.59565572623397,52.60397152846377,2.231273961398875,46.70006252779762,31.939855987238843,None,0
2023-06-25 11:00:00,Pump,69.4471950309467,47.53557543808141,2.1885304548141997,71.97421979072456,57.72324473447649,None,0
2023-06-25 12:00:00,Pipeline,85.38012527315962,53.74969196472419,2.390714459732764,72.34600615845837,60.03988523506638,None,0
2023-06-25 13:00:00,Pipeline,82.64213203338855,41.56561524313474,1.787403523363558,71.99796072627704,50.61085287470231,Wear & Tear,1
2023-06-25 14:00:00,Compressor,92.27963835381766,48.73823259004555,1.8105079629709044,81.25562622558634,26.12733605698258,None,0
2023-06-25 15:00:00,Heat Exchanger,70.30653533573289,52.91855709911975,2.4048896362807124,35.242803751169454,30.103214649209832,None,0
2023-06-25 16:00:00,Pump,62.14135982720285,53.702106070238756,1.3275566096094003,36.505190724926,35.294266086036544,None,0
2023-06-25 17:00:00,Pipeline,69.9451024455549,53.3494224510787,0.9286400768007268,68.43702745353349,10.922963444034737,None,0
2023-06-25 18:00:00,Pump,77.08853542534332,51.474153446048476,1.7833579131860728,87.23286576589126,92.52495029525583,None,0
2023-06-25 19:00:00,Compressor,75.58212727085056,49.021375104580585,2.4654366445328457,57.950318335154755,71.7486392425131,None,0
2023-06-25 20:00:00,Compressor,71.0656210372545,52.689879849132446,2.1277798494934017,87.63376209754051,72.06555842060237,None,0
2023-06-25 21:00:00,Heat Exchanger,55.908025410227566,45.2356947970685,2.4286457520615077,86.28511557096924,61.509755242820916,Wear & Tear,1
2023-06-25 22:00:00,Heat Exchanger,79.70482996129107,45.77661368353375,0.9918528447884174,84.17458429405917,72.03797273449533,None,0
2023-06-25 23:00:00,Compressor,94.723444790822,50.308673382301485,2.157748404161746,84.59105849184512,98.36762948862727,None,0
2023-06-26 00:00:00,Pipeline,79.64251238123003,50.86598821354374,2.326932252321189,83.89912759967916,44.664430387104396,None,0
2023-06-26 01:00:00,Pump,81.09135519053514,40.87192410717677,1.3246012886946577,79.19336301235093,74.12730281889074,None,0
2023-06-26 02:00:00,Valve,80.72445306155102,52.275731904747595,2.4310287952732725,71.69873751631982,42.35761039397754,None,0
2023-06-26 03:00:00,Heat Exchanger,78.970466698824,53.86364188959697,1.9442405517471035,31.464490715556494,86.88599188721433,None,0
2023-06-26 04:00:00,Valve,84.31665966868096,49.61357381266853,3.535668350803001,37.93521552936315,87.22257462010315,None,0
2023-06-26 05:00:00,Pipeline,78.95373681185666,61.87233141641996,0.9113819655516322,38.053923271888024,91.20397828811365,None,0
2023-06-26 06:00:00,Heat Exchanger,71.87322830346724,46.58532446842407,2.6845571838373754,31.412417056775393,10.49169918176905,None,0
2023-06-26 07:00:00,Valve,67.04011089991246,48.19456418306565,1.802920951736963,37.0021061054182,36.83723004964854,Corrosion,1
2023-06-26 08:00:00,Pipeline,72.51026344719325,48.02466546936395,1.191424142779978,85.18478601402637,22.053191608143646,None,0
2023-06-26 09:00:00,Pump,78.14129496450666,49.619061943544914,1.736522428217504,69.82825721464715,50.85875781011411,Wear & Tear,1
2023-06-26 10:00:00,Pipeline,71.83917038877027,48.35637593516854,2.138739620668733,48.72438109772534,54.5904678411368,Corrosion,1
2023-06-26 11:00:00,Heat Exchanger,78.1433868313143,42.96594727697564,2.518733334782522,77.6016007342008,33.031363854668996,None,0
2023-06-26 12:00:00,Compressor,79.39150133700417,47.26725851881762,2.860982144066088,59.30216921729105,75.11018428405633,None,0
2023-06-26 13:00:00,Pump,83.33179431270182,49.51189652112962,2.710946544352171,38.52762221495259,34.27927454700725,None,0
2023-06-26 14:00:00,Valve,87.82794968838981,56.142860410309986,1.5173089896477527,83.07012487358955,86.85022377550227,None,0
2023-06-26 15:00:00,Heat Exchanger,75.78007418478857,61.011216366864566,2.5650823461330585,50.31971677418835,25.989343132760816,None,0
2023-06-26 16:00:00,Compressor,61.92223434852339,56.67736948925327,2.195642478560437,71.93155383179365,43.05117652887552,None,0
2023-06-26 17:00:00,Pipeline,71.5489590318081,46.12310485163697,1.672698489535506,47.435649629976446,66.00139825818746,None,0
2023-06-26 18:00:00,Compressor,75.440625674066,46.520951946869175,1.8940447032612595,60.004275040428,64.4801563416928,None,0
2023-06-26 19:00:00,Heat Exchanger,56.6423124382291,49.20335711245325,1.645078670277638,78.97516269182492,17.022620080462914,None,0
2023-06-26 20:00:00,Heat Exchanger,88.88664520102482,58.92279444426793,2.0185461709682277,39.40664078546206,86.16327509718533,Wear & Tear,1
2023-06-26 21:00:00,Compressor,76.42377912510466,49.17287973909053,1.63517105885294,88.63508371435671,63.825844008679766,None,0
2023-06-26 22:00:00,Pipeline,78.81352834580285,43.362462547312845,1.4860029633912806,34.212955371643574,88.28735938364515,None,0
2023-06-26 23:00:00,Compressor,88.65526462526266,47.494114315234825,2.239559563891386,62.04053458443025,88.08720204050816,None,0
2023-06-27 00:00:00,Heat Exchanger,68.69857169857653,53.785280009097086,2.3143652741298184,84.96153116111688,59.132682133752795,None,0
2023-06-27 01:00:00,Heat Exchanger,80.7404193088403,53.449701384480434,1.906201499954194,86.74163309295153,91.97033115802941,None,0
2023-06-27 02:00:00,Valve,73.90135876898064,48.99891666754172,2.683825651967986,43.92653777278656,86.35670189321104,None,0
2023-06-27 03:00:00,Valve,73.1591313298408,53.41707336780016,1.8697847067524433,38.63909887288852,96.23106501055939,None,0
2023-06-27 04:00:00,Pump,67.2780761219562,38.63413898726584,1.8486127274372308,73.46418001907347,86.54485587034657,Wear & Tear,1
2023-06-27 05:00:00,Heat Exchanger,91.65603213686528,50.51914617516349,2.3302444911728486,32.518414096574226,83.90834659010345,Electrical Failure,1
2023-06-27 06:00:00,Valve,71.2449995992443,54.30342710684315,1.9337872075283316,59.114338141818855,52.24244326092204,None,0
2023-06-27 07:00:00,Compressor,81.99464246895703,45.83568362422732,2.0423988645130717,77.78131360759092,29.082795434013498,None,0
2023-06-27 08:00:00,Pipeline,56.24992612528064,45.81830731751856,0.7397807646904675,63.61528347101003,91.96378597679373,Overheating,1
2023-06-27 09:00:00,Compressor,86.79988529689787,40.667759236182626,2.0083536923689875,41.2807959464403,75.0294267801468,None,0
2023-06-27 10:00:00,Pipeline,85.52211155957059,57.94947797405347,1.0864020312643698,59.222657968197794,35.35730777786682,Electrical Failure,1
2023-06-27 11:00:00,Valve,75.97434110297303,46.39923011489217,1.3895247145005647,85.27648298693357,40.68961504800782,None,0
2023-06-27 12:00:00,Pump,72.73057533862075,51.20521638931056,1.3323387306222476,67.03277868265661,71.74706606714986,None,0
2023-06-27 13:00:00,Compressor,79.00000005613566,53.019585207416874,1.478708423233087,73.28943765414118,53.00355775183038,None,0
2023-06-27 14:00:00,Compressor,97.8879066088029,57.56033974570727,1.7255730701838736,50.17583277975089,17.333430566173142,None,0
2023-06-27 15:00:00,Compressor,57.36763301096515,49.230511130071825,1.7567536922272573,41.309026510057066,22.73031511710913,None,0
2023-06-27 16:00:00,Pipeline,82.82027387574128,47.302851031107906,2.332137602128563,45.33853379397622,77.10838151610801,None,0
2023-06-27 17:00:00,Valve,65.88382697846097,50.865338242852765,2.1111939070673484,61.9906556256177,39.57125756336478,None,0
2023-06-27 18:00:00,Compressor,74.80081603700269,56.42040138271143,1.049462785591007,46.81320921664222,55.68844855618353,None,0
2023-06-27 19:00:00,Compressor,72.52119880921337,49.149137342996084,2.041647318773404,62.517887245566065,78.99593304281731,None,0
2023-06-27 20:00:00,Pump,70.71681742202244,45.22565459207962,2.1591276232917136,72.46751564257062,77.60580343354472,None,0
2023-06-27 21:00:00,Pump,74.8953487094727,42.29621095842319,1.835716741873521,74.06375257021809,25.03135241985465,None,0
2023-06-27 22:00:00,Valve,63.6582885472221,43.893513076973875,1.9695570115466488,39.88109637966561,18.85544779591318,None,0
2023-06-27 23:00:00,Valve,85.29180436127967,54.32195748703332,2.0951550626985282,75.0258509300318,63.2037063668581,None,0
2023-06-28 00:00:00,Heat Exchanger,57.058564888014,48.39687761846594,2.3822997988177903,70.36128837554153,76.74695865381156,None,0
2023-06-28 01:00:00,Pump,80.39764512828341,46.96239545039645,1.2125600062686326,30.7203080021224,23.413592979586934,None,0
2023-06-28 02:00:00,Heat Exchanger,71.73464147465428,46.42016388408029,1.8778414806801755,33.53233050538505,43.47597585945473,Overheating,1
2023-06-28 03:00:00,Pipeline,63.29075106192546,50.42522930100091,2.7541680490288645,68.77497011162282,88.32501963708766,None,0
2023-06-28 04:00:00,Heat Exchanger,77.02383370598696,48.80272453117208,2.7083306541489782,53.02223397382258,94.9800827404289,None,0
2023-06-28 05:00:00,Compressor,59.43048913293522,48.63433928140374,2.42546846388789,38.76623997453996,50.86627848547159,None,0
2023-06-28 06:00:00,Heat Exchanger,75.39713821719634,56.7466196390537,2.268412341977838,32.66379355017799,17.15643406277497,None,0
2023-06-28 07:00:00,Valve,60.77123092188445,57.69008140930816,2.8273173742010442,39.56390044034585,33.192681058213964,Leakage,1
2023-06-28 08:00:00,Pipeline,79.61272084317831,41.94989163545502,2.958924000803333,87.450837859297,30.96729282839797,None,0
2023-06-28 09:00:00,Compressor,65.75642666369625,51.637963655714785,1.9354600059765739,73.65393849425818,31.506734848695128,Overheating,1
2023-06-28 10:00:00,Heat Exchanger,70.49005982970691,46.11568950689304,1.51528377835584,61.66232525605763,54.4493534841325,None,0
2023-06-28 11:00:00,Pipeline,77.93949387943162,48.758744430694534,1.8648538411877524,86.4924300032755,62.4903086522414,None,0
2023-06-28 12:00:00,Pipeline,67.27457888157764,51.54639192563347,3.5483477568860264,67.14662626089623,21.02586298119418,Wear & Tear,1
2023-06-28 13:00:00,Compressor,74.42036000331697,48.9364004153454,1.215321828637403,73.53871129684003,90.04204058755009,None,0
2023-06-28 14:00:00,Heat Exchanger,59.86169498755146,51.152299403138166,1.7647304302352913,46.95910911035232,65.79764409530034,None,0
2023-06-28 15:00:00,Pipeline,81.30875603596155,53.364851030159585,1.2936544237536842,65.33891061535175,63.75265572412049,None,0
2023-06-28 16:00:00,Pipeline,92.6491380555077,51.4728840027016,2.0623819314386926,38.60863465787041,98.85510985458558,None,0
2023-06-28 17:00:00,Pump,102.92208867909962,46.76581847916188,1.3986544855525662,54.26898871186653,66.53295797438128,None,0
2023-06-28 18:00:00,Pipeline,75.91168146666439,46.854001965148385,1.945624488583191,31.994419499196606,93.60632343710664,Electrical Failure,1
2023-06-28 19:00:00,Pump,82.88204140797187,42.80147351690982,1.0249524199906204,42.99768525496083,35.76312751238126,None,0
2023-06-28 20:00:00,Heat Exchanger,57.19374327092511,45.730398512396405,2.308810332542325,34.49211776536048,31.61165413118478,None,0
2023-06-28 21:00:00,Heat Exchanger,90.02734326305588,59.81034180949264,2.6111726282339873,53.266729170433884,56.48668181420078,None,0
2023-06-28 22:00:00,Heat Exchanger,82.76228504724106,46.03998212952378,1.8080281889682706,80.58210987830941,55.77480528729995,None,0
2023-06-28 23:00:00,Valve,70.16066555048766,44.0331059377809,1.932434996462149,52.676046380703184,30.383528453550717,None,0
2023-06-29 00:00:00,Heat Exchanger,87.37180800289009,51.59963930922387,1.918296384634344,79.89837755967861,72.9690091209953,Overheating,1
2023-06-29 01:00:00,Pipeline,72.45523923354658,49.4481762035407,2.0904553376125126,69.38989875473324,12.667043731302396,None,0
2023-06-29 02:00:00,Compressor,70.41974816985443,49.02203381575387,1.9809152065167859,60.57176679784966,72.15674252945074,None,0
2023-06-29 03:00:00,Pump,79.75334925427491,57.04522983206045,2.384058476215347,44.21350159567983,51.14600975109701,None,0
2023-06-29 04:00:00,Valve,64.3664550016968,52.745633377791826,2.616519566725473,85.32936557064914,72.01067597605712,None,0
2023-06-29 05:00:00,Heat Exchanger,85.21624764399948,47.350035341482624,1.5929643887539084,33.252048530521996,52.937256757736705,None,0
2023-06-29 06:00:00,Heat Exchanger,64.44010188073156,47.8776204120411,1.8453357536128516,71.33478106192891,97.96004045962255,None,0
2023-06-29 07:00:00,Compressor,64.49945210176814,47.487067430471576,2.4508097244623723,67.27439356856213,40.1216455992806,None,0
2023-06-29 08:00:00,Compressor,65.90310211591665,54.37369810790128,1.2891654759704838,56.462491335391604,98.43156433021494,None,0
2023-06-29 09:00:00,Valve,82.59500037516122,48.459261852734315,1.014639359077215,44.419257317556315,15.847654823107783,Electrical Failure,1
2023-06-29 10:00:00,Pump,68.83224638480293,41.03423248772925,2.1131579764492394,55.841756210716014,71.53846972818009,None,0
2023-06-29 11:00:00,Heat Exchanger,61.520042156328316,49.75840160632828,2.248173205535246,82.36636353320523,50.87972861064209,None,0
2023-06-29 12:00:00,Valve,68.94320000064202,42.31486999436036,1.6388499060232038,80.20596661529726,83.99238629767302,Overheating,1
2023-06-29 13:00:00,Pipeline,74.67957629319513,60.92115300877451,1.7106744729397725,86.48287499862175,81.06544627452982,None,0
2023-06-29 14:00:00,Pipeline,63.19027516335615,45.17166043076384,1.6199038391295506,48.46759239751488,82.01891645883437,None,0
2023-06-29 15:00:00,Valve,63.48318890965656,49.190676173211344,1.566537380327783,53.226249502132376,18.526473937226775,None,0
2023-06-29 16:00:00,Heat Exchanger,96.11296334099585,51.29101367350569,2.3467479103023,31.1235691595918,84.01291298751653,None,0
2023-06-29 17:00:00,Valve,66.39434596186113,48.55670919660385,1.4097507565011806,86.57699968320048,29.263614169938485,None,0
2023-06-29 18:00:00,Heat Exchanger,71.76957631226993,48.54984799266904,1.8672385692833255,49.76340550903613,12.311223747313129,Leakage,1
2023-06-29 19:00:00,Compressor,71.32762999200715,52.109136430804384,1.5473319162425738,54.249829291979594,29.596484771597027,None,0
2023-06-29 20:00:00,Valve,70.78643192229558,57.63107979398139,1.2723555120493923,84.46827668684367,53.13565942298495,None,0
2023-06-29 21:00:00,Heat Exchanger,81.21346739969103,53.83754540908649,2.4350890873733855,61.59590581000879,76.79002239202889,Leakage,1
2023-06-29 22:00:00,Valve,84.4814295047205,57.39256939286771,1.7400873889132304,63.97047250532868,29.67692327495683,Electrical Failure,1
2023-06-29 23:00:00,Valve,71.94045568468408,44.76690445953249,2.0942200402103786,40.57397028905501,20.17067932812442,None,0
2023-06-30 00:00:00,Heat Exchanger,62.63521713407651,51.586813166276805,1.245962060099495,59.91960124911927,68.1370529521548,Overheating,1
2023-06-30 01:00:00,Heat Exchanger,87.74440227848903,50.7762302602914,1.629030273121762,85.09251605452646,98.55082327240159,None,0
2023-06-30 02:00:00,Pump,74.04658908803317,51.75545645838368,2.378043940347503,63.52308528647556,64.07832718770563,None,0
2023-06-30 03:00:00,Valve,92.30321814857169,56.88115985317786,3.2936357279226547,45.306981878385486,72.19516277110796,None,0
2023-06-30 04:00:00,Pipeline,52.54414102434837,48.89605425103973,1.0118919678048441,31.87085184808577,60.5050699371778,None,0
2023-06-30 05:00:00,Valve,76.9540322128332,47.97248316722956,1.8994461023552869,50.17810640724408,80.41135998056535,Wear & Tear,1
2023-06-30 06:00:00,Valve,94.18606333876208,52.66990398709332,2.20614029907175,64.35545484386748,97.82239781885004,None,0
2023-06-30 07:00:00,Heat Exchanger,71.46735864561842,41.10898636217076,1.691949923380358,32.556797302249805,58.97163064637664,None,0
2023-06-30 08:00:00,Valve,72.74506576665364,48.81573975438911,2.424760993497062,66.58755463746937,47.51114605684533,None,0
2023-06-30 09:00:00,Valve,77.95511691590339,49.329011553572734,1.5666336646698436,61.40482962708677,87.43087550441139,None,0
2023-06-30 10:00:00,Pipeline,69.41204181115043,45.39820691846538,2.0769238301083206,77.00612814999425,97.2755509383991,None,0
2023-06-30 11:00:00,Heat Exchanger,71.87928067947267,55.285295056782886,1.7389640477508201,31.733290336317708,21.626347678261116,Wear & Tear,1
2023-06-30 12:00:00,Valve,71.62184905808597,44.68879841328358,2.609715541477386,76.85084068912425,62.035386892649015,None,0
2023-06-30 13:00:00,Compressor,68.72579265573627,49.32063475818102,1.6618177484821972,61.25262274548641,81.32139932913977,None,0
2023-06-30 14:00:00,Pump,87.2885655020056,51.465786126614844,1.8240631018567421,52.23175996678269,58.00054646407517,None,0
2023-06-30 15:00:00,Pipeline,79.61078032296435,56.767257807380595,2.4728445187485777,87.92297858152943,46.827727137365386,None,0
2023-06-30 16:00:00,Valve,77.50628232103303,49.947217825595736,1.4859806704535683,39.60717283416318,68.97068390218786,None,0
2023-06-30 17:00:00,Compressor,83.08571006890116,54.68076797064105,2.034375028381786,62.479507145466386,34.31152850620134,None,0
2023-06-30 18:00:00,Valve,72.35644166796533,53.50297698638564,1.088732828156699,49.258888415548704,41.42203686445325,Corrosion,1
2023-06-30 19:00:00,Valve,67.257961816471,50.617287780845714,1.4560332706854626,61.649182727720145,99.30489929932102,None,0
2023-06-30 20:00:00,Heat Exchanger,68.97375695385443,44.55243295863272,2.191065637945402,63.136527154824726,67.28188009370459,Overheating,1
2023-06-30 21:00:00,Heat Exchanger,75.01783041104609,42.827095695478256,1.5046512452318839,35.366894905490746,88.56345684799672,None,0
2023-06-30 22:00:00,Heat Exchanger,64.40788291627098,50.53252700709593,1.7277135340881042,69.668108815101,82.69916617334292,None,0
2023-06-30 23:00:00,Compressor,69.99738983413324,47.28651563048693,2.246543201023969,68.0688897551407,68.70452989546217,Electrical Failure,1
2023-07-01 00:00:00,Valve,69.83883358128566,54.59630545840646,1.710406929426535,76.16803647806785,85.66561742128958,Overheating,1
2023-07-01 01:00:00,Pump,96.24556229829014,53.729282590492886,2.411421036608179,35.43950961955026,35.84426458902139,None,0
2023-07-01 02:00:00,Pipeline,47.261850600660836,49.07694502781475,2.107831393743032,47.83551281422127,67.34048039310684,Electrical Failure,1
2023-07-01 03:00:00,Heat Exchanger,73.20380278594367,44.21143538029365,2.2178415559622513,69.00663598368607,63.15431405715828,None,0
2023-07-01 04:00:00,Heat Exchanger,92.2569379281477,52.553677748036364,2.620482799369266,38.20384955493651,66.01776407140103,None,0
2023-07-01 05:00:00,Valve,76.21844464132454,44.910252769324245,2.1599115313070327,70.65589264730653,25.17687344320977,Leakage,1
2023-07-01 06:00:00,Valve,82.53417473421092,46.207680385345675,2.769423645234672,33.54160264922538,34.95187359982616,None,0
2023-07-01 07:00:00,Compressor,75.99826315099767,45.10292130892423,2.4556311415189116,50.095893177577665,35.79924869132852,None,0
2023-07-01 08:00:00,Compressor,68.3266661878352,49.307494890300234,1.7382737850827716,80.80266733995114,64.1751546315487,None,0
2023-07-01 09:00:00,Heat Exchanger,52.58084065491087,55.85096167035281,2.6465740375106357,76.4574774228696,97.52921923958075,None,0
2023-07-01 10:00:00,Valve,77.05455687036303,49.974795648882356,2.1319330104514727,68.68564291362527,95.86607960639333,None,0
2023-07-01 11:00:00,Pump,67.24393395397608,47.78390653786152,1.8026601456697482,82.22750499750606,30.44705976907269,None,0
2023-07-01 12:00:00,Pipeline,66.99664593834696,42.371925349773775,2.1391928476604414,72.55617265033203,37.43607187600953,Wear & Tear,1
2023-07-01 13:00:00,Valve,70.01012744020888,52.760622923649215,2.5561634121951315,61.162506312648176,13.24557030512504,Corrosion,1
2023-07-01 14:00:00,Valve,92.44861406623494,46.09797697035686,2.227522547121111,88.7830500231472,45.893403087345476,Wear & Tear,1
2023-07-01 15:00:00,Compressor,99.04837542253972,50.58758809579048,2.9111964162756987,71.69136478735916,85.12067095123273,None,0
2023-07-01 16:00:00,Pipeline,77.17207937528401,48.2289069204168,2.543265278949411,66.08203060878019,92.4176565087526,None,0
2023-07-01 17:00:00,Heat Exchanger,70.35232776088273,54.190886097997186,2.2615800167010813,54.53223365721388,31.284683161114927,None,0
2023-07-01 18:00:00,Valve,63.2277358254879,49.21381803985724,1.4869659586294213,84.14474991474302,33.92150261399553,None,0
2023-07-01 19:00:00,Heat Exchanger,79.68540161546069,49.70536822738474,1.9101337429949397,47.74254573629957,29.87648348578783,None,0
2023-07-01 20:00:00,Valve,92.82905600065143,52.4287357372773,2.0358320698754255,30.55317565265416,41.50932108171209,None,0
2023-07-01 21:00:00,Heat Exchanger,72.52659612974843,60.53470091131593,2.3483157506088737,41.804431345941595,82.42834587314903,Leakage,1
2023-07-01 22:00:00,Pipeline,51.21003959246776,54.44223465179277,2.3186665206360964,36.57104951654155,68.21717228960142,None,0
2023-07-01 23:00:00,Compressor,81.70049671815524,49.55696946825695,2.0847702051091432,49.13962645038433,80.734682607733,None,0
2023-07-02 00:00:00,Pipeline,84.85399711450049,50.01598995307644,2.0601749576885857,79.5527206475073,62.47279957017756,None,0
2023-07-02 01:00:00,Pump,59.141543596141524,47.37570269837783,2.360228447538035,69.09178112190045,33.19597702532322,None,0
2023-07-02 02:00:00,Compressor,76.76484183662953,45.25002148240152,1.5707068871850072,40.13883535402275,30.519476219128972,None,0
2023-07-02 03:00:00,Pipeline,79.51226016136098,47.23624606466839,2.8477579096249284,77.32930326554032,10.810063527737482,None,0
2023-07-02 04:00:00,Pump,74.26892697991062,46.13925518144029,0.9764165574182644,60.25319196596416,80.28839231866652,None,0
2023-07-02 05:00:00,Valve,67.09229080914646,53.266841918979424,2.7277047410860145,60.762877447097814,86.24091035482459,None,0
2023-07-02 06:00:00,Valve,85.15937223563556,44.64402571065507,1.977407235787419,51.72673085885239,79.14543396655746,None,0
2023-07-02 07:00:00,Heat Exchanger,70.96620254031318,56.66605280690022,2.501289907135797,81.8769818893214,16.696185195564166,None,0
2023-07-02 08:00:00,Compressor,60.14813837300068,53.76023191809415,2.1819202171463066,49.099638231347555,78.59994644528794,None,0
2023-07-02 09:00:00,Valve,54.50525514330319,50.102508646838345,2.173017205455401,35.64838564018132,14.119070783524238,None,0
2023-07-02 10:00:00,Compressor,87.6084951999931,50.001593057325344,2.2771272380132603,48.163739638316706,19.503375913575205,None,0
2023-07-02 11:00:00,Valve,81.16663976471118,47.21359345192723,2.404527144543889,72.92121277607313,49.64278356394005,None,0
2023-07-02 12:00:00,Heat Exchanger,75.8797354712917,51.35042205673882,1.83558458670638,69.45491320819974,52.853230803235604,Corrosion,1
2023-07-02 13:00:00,Pipeline,70.59725363149197,55.44046231604295,2.5173995652631183,41.28102921321467,83.45067729568267,None,0
2023-07-02 14:00:00,Heat Exchanger,69.71001585796873,46.48421768872093,1.4577646882106081,36.70705794629652,71.15742028368194,Overheating,1
2023-07-02 15:00:00,Pump,64.24263351558389,42.333039555406344,1.9973347133369377,69.65194550410479,23.798816076809466,None,0
2023-07-02 16:00:00,Valve,70.68544355440115,53.51609127428372,2.4179849621361384,70.58261013929473,30.35321049059212,None,0
2023-07-02 17:00:00,Pump,53.79912784879826,51.621829871219,2.4975087898079447,51.96897823263424,35.71076694328181,None,0
2023-07-02 18:00:00,Pump,67.63936346531486,44.3990059927941,2.2303944241307003,80.56808301174479,21.13053737093725,None,0
2023-07-02 19:00:00,Compressor,71.89062483648907,46.33304314542941,1.8033037810221322,88.69231222799502,35.888039772330764,None,0
2023-07-02 20:00:00,Valve,81.09880047190418,45.704478629749296,2.448353889184352,42.33871340696372,75.57383399857598,None,0
2023-07-02 21:00:00,Pump,74.60073536626636,46.377338654828755,1.6653168804406233,64.62412294236171,31.726132309655465,None,0
2023-07-02 22:00:00,Pipeline,82.9492311387556,48.38158622979406,2.8757045368744554,30.32077974023635,85.18236823543478,None,0
2023-07-02 23:00:00,Pump,88.4913510511343,48.66726347859626,1.9576645512501678,72.78326376157725,52.25652956126871,None,0
2023-07-03 00:00:00,Pipeline,85.58170093824101,46.7460317246577,1.2301871528970199,54.85692681379906,39.064218511994994,None,0
2023-07-03 01:00:00,Compressor,79.70509847378557,46.20918090250036,1.402658265991724,41.59615361418989,47.117629409398575,None,0
2023-07-03 02:00:00,Pump,75.11862679180784,48.85607828040309,2.021821818439794,75.13331530586257,73.85470665341423,None,0
2023-07-03 03:00:00,Heat Exchanger,65.19211991586441,50.83845767429781,2.0699126356630266,78.63892785336483,56.511343292139124,None,0
2023-07-03 04:00:00,Compressor,82.39944051379317,48.41851731817577,2.9848283424755477,36.66999007055624,10.655079757755225,None,0
2023-07-03 05:00:00,Pipeline,91.7974738222153,55.79333511670651,1.480750331192887,32.45974571028204,93.00914619265676,None,0
2023-07-03 06:00:00,Compressor,78.42106039650419,52.54043857210393,2.0197310996519655,50.044706500147036,15.939640270166654,None,0
2023-07-03 07:00:00,Pump,94.17259148426123,42.045770715706524,1.4702892964589718,67.55942794566214,94.47592139329471,None,0
2023-07-03 08:00:00,Valve,59.744282919389164,52.61863882706927,1.7536725733932983,77.60517163131799,12.53375412580492,None,0
2023-07-03 09:00:00,Valve,63.45836615220459,53.027719912927914,2.841986015034669,62.76374979782746,79.38814014617036,None,0
2023-07-03 10:00:00,Pipeline,83.55201507748262,47.826325159379046,1.4318318884220047,64.84492657841884,58.12072373649594,Wear & Tear,1
2023-07-03 11:00:00,Pipeline,77.64290210153251,42.52401206348422,2.293521212033917,77.99149330517346,55.51535625436954,None,0
2023-07-03 12:00:00,Valve,88.13782176571807,50.04033379705568,2.196453679507196,61.73060245312556,16.550065228960406,Overheating,1
2023-07-03 13:00:00,Pipeline,74.8452835927326,49.96145674258878,1.9879142868208957,66.66926941357804,31.487050930412465,None,0
2023-07-03 14:00:00,Compressor,66.32024577471668,44.391768817334025,2.2597183115958686,60.973040398593554,79.97925853586727,None,0
2023-07-03 15:00:00,Heat Exchanger,72.86406757794957,42.743903918700326,1.4199898090283556,82.82749400206224,90.21338469302447,None,0
2023-07-03 16:00:00,Heat Exchanger,59.67316029076266,49.5622322677328,2.828161253901779,44.13099711510533,57.62068129476816,None,0
2023-07-03 17:00:00,Compressor,63.714093269029654,48.83461403974589,2.9624227475617606,45.83961507243056,41.80090567263358,None,0
2023-07-03 18:00:00,Heat Exchanger,84.7244399791801,47.913673173388034,2.0235523488796567,37.677687696109544,15.394888725778975,Leakage,1
2023-07-03 19:00:00,Pump,83.7278741446961,49.58294632626719,3.211553065306777,79.1680050896653,71.39606734597064,None,0
2023-07-03 20:00:00,Compressor,78.63004284806077,44.486118130898404,1.8004860342250397,54.70663743374144,35.06019496176543,None,0
2023-07-03 21:00:00,Pipeline,57.78922479039531,47.82589693566943,2.20021599692814,50.87363645287463,14.951234349293212,None,0
2023-07-03 22:00:00,Compressor,71.41596424487112,52.666625153071735,2.715944531887257,88.88092302522938,69.926655618876,None,0
2023-07-03 23:00:00,Valve,62.75000111339949,48.25014959824355,1.7704977698885451,85.60820198638713,53.71478141803826,None,0
2023-07-04 00:00:00,Pipeline,86.76533253787765,41.64013764103724,1.3092254705602808,88.31926092748569,11.076593473155153,None,0
2023-07-04 01:00:00,Valve,69.16277866437399,47.63653861138214,1.194141467190573,38.537939805521574,19.983163519571235,None,0
2023-07-04 02:00:00,Pipeline,64.1425228921845,44.6492076824657,3.030413281951329,83.47510878888997,72.92817363213497,None,0
2023-07-04 03:00:00,Heat Exchanger,75.29796165121425,51.33568148230865,1.7354876746806112,49.72257596324709,15.730419975920968,None,0
2023-07-04 04:00:00,Compressor,68.59845543165389,51.594187016902126,1.9071316182907507,30.759406212711752,87.93667583586912,Electrical Failure,1
2023-07-04 05:00:00,Pump,89.83743910203707,41.70612687456985,1.4436179608394728,53.47790015898413,38.01936496779394,None,0
2023-07-04 06:00:00,Pipeline,67.65189102465808,53.79506485291095,2.474169639664594,60.551781188283584,17.979982339278216,None,0
2023-07-04 07:00:00,Pipeline,61.00771740775369,44.43906849360721,1.6092200703877075,36.49322541404432,78.37816403512589,None,0
2023-07-04 08:00:00,Valve,53.470864842424845,57.79591145241176,1.754368486169339,62.260657012455376,57.19845110077214,Leakage,1
2023-07-04 09:00:00,Heat Exchanger,74.69213497586586,49.756118677496914,2.1497602097080803,79.16781505060389,37.597602914136786,None,0
2023-07-04 10:00:00,Valve,69.38069886142074,43.76803250730419,1.4679770363772138,52.659057050351635,46.548850750234116,None,0
2023-07-04 11:00:00,Valve,60.71095393488273,44.290069646536594,1.9107088652428874,51.15868839205813,11.927115604434329,None,0
2023-07-04 12:00:00,Heat Exchanger,86.89226461255785,51.740476458936726,2.701104794751635,50.328625213840645,69.6428683785486,None,0
2023-07-04 13:00:00,Pump,81.67245147429242,48.043500550508114,2.2141271987584314,85.38566675302152,42.91963200671001,None,0
2023-07-04 14:00:00,Valve,74.7178212106277,49.5167304519093,2.065271146214179,32.92548592741195,74.26338127553167,None,0
2023-07-04 15:00:00,Valve,88.64326244170867,58.0639011634852,2.1074323547319325,56.70456851957732,66.53540313572924,None,0
2023-07-04 16:00:00,Pipeline,81.62536033398612,46.50377967885463,1.8054324520117182,45.87596724898301,68.61287673187641,Wear & Tear,1
2023-07-04 17:00:00,Heat Exchanger,66.77144098481568,50.29981428847853,2.9980761598774626,83.62842152324966,81.36034399039892,None,0
2023-07-04 18:00:00,Compressor,64.60779836009235,57.09922243686527,1.5939214347329664,35.763135815028235,66.8042270538626,None,0
2023-07-04 19:00:00,Pump,83.17981544453862,51.352567377332,2.105463080981965,54.68656600082465,47.68533363177032,None,0
2023-07-04 20:00:00,Pump,78.96366956467351,41.96698632320997,2.0575127831714037,54.40896912186514,45.09348055611721,Electrical Failure,1
2023-07-04 21:00:00,Heat Exchanger,76.69747767970662,52.52694505866069,2.5043812535665677,83.30366505282136,20.762389608837022,None,0
2023-07-04 22:00:00,Pipeline,66.53502197131093,44.18498571108278,2.55158696939682,42.929606702458166,80.14990718406176,None,0
2023-07-04 23:00:00,Pipeline,81.07947567005753,57.034037643664824,1.9839905977564647,68.69372461809667,78.49975975791595,None,0
2023-07-05 00:00:00,Heat Exchanger,67.44501116866051,45.88566197501011,2.145333246556525,38.06436761326734,32.16685303769711,Corrosion,1
2023-07-05 01:00:00,Pipeline,73.98013345406322,64.84754753872832,2.1642673769569742,87.23854284483257,87.64137214283302,None,0
2023-07-05 02:00:00,Pump,89.4694414638698,57.336879941638394,0.8639291722146965,65.58089755633715,63.01029320115654,Leakage,1
2023-07-05 03:00:00,Pump,68.39165764189855,46.016937151860105,1.2055051987611123,67.57540381924022,53.08181581551106,None,0
2023-07-05 04:00:00,Compressor,59.27010742927139,50.100069025008054,1.6974681546390147,56.02640409962833,11.574667146294628,Leakage,1
2023-07-05 05:00:00,Heat Exchanger,64.4745280812989,53.76822140816732,1.7192006618115656,50.53696275997933,44.44670672778847,Corrosion,1
2023-07-05 06:00:00,Valve,84.94298826687623,53.918302371133535,1.4003587890179339,42.76058576969258,67.66036914120967,Wear & Tear,1
2023-07-05 07:00:00,Valve,77.54731137380209,52.211681299880986,2.3747912856868147,66.23926522993554,18.07730539195451,None,0
2023-07-05 08:00:00,Compressor,73.71122621311247,56.26079518483055,2.0010592105087364,87.27370472089427,51.36105779987935,None,0
2023-07-05 09:00:00,Compressor,69.90906194688431,49.38515526682815,1.8926527263065813,51.587457245544186,99.40923562254365,None,0
2023-07-05 10:00:00,Pipeline,79.8535990755319,48.16641165711984,1.3719223627463066,82.98941331972325,74.48847734881608,Electrical Failure,1
2023-07-05 11:00:00,Compressor,66.50895149009776,48.265680060376944,1.9777275678776056,38.92657877083498,59.21837987514439,Leakage,1
2023-07-05 12:00:00,Compressor,78.05665568642596,54.29186615986064,0.6866576220006941,86.16756125290804,57.9729596445169,None,0
2023-07-05 13:00:00,Valve,67.68745431187043,51.82590520151323,1.9185218445970795,51.029177033884594,13.938857403237499,None,0
2023-07-05 14:00:00,Pipeline,66.02340614724946,51.456418328451285,2.031591834403878,52.783632695600744,96.15829936671425,None,0
2023-07-05 15:00:00,Compressor,68.62512565174988,53.97617124628591,2.1209574921607492,57.770535422059694,93.53598942565387,None,0
2023-07-05 16:00:00,Compressor,71.24592553516038,39.744737960730724,1.2179491182603601,73.094656196859,71.41642396079018,None,0
2023-07-05 17:00:00,Pipeline,74.51170164066296,51.55034411937575,2.1124083683457373,73.17920602134211,18.911048471339498,None,0
2023-07-05 18:00:00,Heat Exchanger,77.35455795111115,51.09284444436858,1.4792843650677288,58.77531508317992,28.705050707449438,None,0
2023-07-05 19:00:00,Pipeline,38.11634708571556,58.344040406503524,1.593765083853833,61.38917395883615,26.551858228802672,Wear & Tear,1
2023-07-05 20:00:00,Valve,66.92349442253236,42.35706008868166,2.3589656929113323,31.80062926644847,56.7620636591097,Overheating,1
2023-07-05 21:00:00,Heat Exchanger,71.08430022643961,57.78593316188379,3.007056861679872,48.257802093499535,28.7023487051787,None,0
2023-07-05 22:00:00,Pump,90.0506203860833,50.37704564462333,2.02567937940134,50.76102445383657,72.62205053897785,None,0
2023-07-05 23:00:00,Pipeline,64.19997391617868,52.444947653300225,1.591452270679884,63.523636123545565,59.07068973724501,None,0
2023-07-06 00:00:00,Valve,76.62796618099912,58.37959393804688,2.0943352237549995,63.49798604227827,11.589235933838994,None,0
2023-07-06 01:00:00,Heat Exchanger,89.95030309735837,52.80380634002786,2.469514578749573,72.5939878636724,76.96515133320864,None,0
2023-07-06 02:00:00,Pipeline,61.870314700527274,52.001841447312806,2.3104987829363677,73.02163777308485,26.994586298855367,None,0
2023-07-06 03:00:00,Compressor,78.93975225864402,51.21145592901159,3.371556436231873,44.11264345272498,84.23966077126092,None,0
2023-07-06 04:00:00,Pipeline,66.9772816606548,47.582609325028116,1.6423312154526666,76.21122906628949,41.95408934106811,None,0
2023-07-06 05:00:00,Pump,69.95366257710765,49.85755437744803,2.126115739959649,31.176214082776923,40.47577119834728,None,0
2023-07-06 06:00:00,Pipeline,66.96889166046685,46.42243616938626,2.7744589767091017,72.96971307640322,11.063560220038948,Leakage,1
2023-07-06 07:00:00,Heat Exchanger,67.68142691584114,49.77716550287259,2.743079618509266,36.123666211165386,98.89560846307154,None,0
2023-07-06 08:00:00,Heat Exchanger,102.21912147906494,38.32034651472452,1.0249610367378097,73.77889250527315,65.08039052546775,None,0
2023-07-06 09:00:00,Pipeline,83.44455872071666,52.14519783783774,1.9983211899800093,61.62708543410426,48.04571495673916,Leakage,1
2023-07-06 10:00:00,Heat Exchanger,86.0173786178621,49.39131373108187,2.74226038292435,56.235270040985526,18.695926401520516,None,0
2023-07-06 11:00:00,Compressor,79.91993486836496,48.31898131666618,3.4453214951995688,71.43998338568574,72.92332577359151,None,0
2023-07-06 12:00:00,Pipeline,58.93743211598042,51.09879041970071,2.3518979418754093,32.18225002483396,35.4457422992745,Corrosion,1
2023-07-06 13:00:00,Compressor,78.94957970323307,42.8321803851728,1.816068353151758,43.4082195405347,98.9452736537976,None,0
2023-07-06 14:00:00,Compressor,85.72929614507346,59.64634998310641,1.495398423781305,66.98640854805925,95.54926232343908,None,0
2023-07-06 15:00:00,Valve,66.46600525960889,49.486162692562004,3.1093716787654246,80.83292439784907,76.17670109225098,None,0
2023-07-06 16:00:00,Pipeline,84.65326667161126,49.27077783513905,2.3643707932328795,52.86645821670702,97.39647372546722,None,0
2023-07-06 17:00:00,Heat Exchanger,82.04336209854078,45.173018949335386,1.5759665365572912,45.525688358013426,19.507047620838655,None,0
2023-07-06 18:00:00,Compressor,93.5204004481367,50.11973191224631,1.8984218168331095,61.12418614733966,35.19238244828907,None,0
2023-07-06 19:00:00,Valve,70.82216987486382,56.9347994513664,2.155093258414352,67.33891514321049,32.79189599120612,None,0
2023-07-06 20:00:00,Pipeline,64.02389017724273,55.17958104716017,2.271903326944059,55.20618188434479,16.481139261337226,None,0
2023-07-06 21:00:00,Pipeline,71.38371890627454,54.27218875570278,1.550190671227105,82.6026409595853,97.50039381743102,None,0
2023-07-06 22:00:00,Pump,89.35570993163623,52.731994758336356,1.6929047909372537,61.40632253160081,15.397667798220446,None,0
2023-07-06 23:00:00,Pump,56.71594119158037,48.20728736218695,1.17353271881352,32.1494152542351,87.10200135948966,None,0
2023-07-07 00:00:00,Compressor,54.31624284568968,42.74918416481649,2.519881144802391,43.383237282371425,79.13452821191554,None,0
2023-07-07 01:00:00,Pump,75.89395278931613,48.994806140666824,1.829190766614842,57.038821855068875,43.82803787243135,None,0
2023-07-07 02:00:00,Compressor,70.57410707225844,48.82064267733161,2.233160824591646,71.86353114101601,11.69266263668191,None,0
2023-07-07 03:00:00,Heat Exchanger,75.07727893175685,55.243972198356204,2.7111292542881635,43.18513462755533,10.548631448368257,None,0
2023-07-07 04:00:00,Compressor,84.45311771235865,51.546952212299104,2.109935071186973,88.57544638304526,28.35944566245309,None,0
2023-07-07 05:00:00,Pump,69.47430653881148,58.061557639517744,1.943514762025466,49.11349549128501,54.448892203041375,Wear & Tear,1
2023-07-07 06:00:00,Heat Exchanger,56.2699416906938,55.98744270019087,2.0969607384419673,61.9488124116353,51.21189803666362,None,0
2023-07-07 07:00:00,Pump,95.44481557199944,47.71752195247952,2.0315968019251134,31.13798308386247,62.67633189084348,None,0
2023-07-07 08:00:00,Compressor,65.02771712561224,41.02435401690066,2.6230824989389725,83.09344328584827,79.4763378694686,None,0
2023-07-07 09:00:00,Valve,64.40962877987903,56.9278761697074,2.155419198769395,77.330079211511,43.96191533741852,None,0
2023-07-07 10:00:00,Pipeline,86.03720013722597,56.79692611615372,1.7277994902105438,41.727480257735564,24.432732595838566,None,0
2023-07-07 11:00:00,Pump,71.15510878958482,43.16894204548887,2.523924528444875,85.99420147439056,82.00440251455815,None,0
2023-07-07 12:00:00,Compressor,74.36610147965189,57.5462000991375,2.615242178179176,48.95038582784428,39.942161319808974,Leakage,1
2023-07-07 13:00:00,Heat Exchanger,79.82790124060318,51.91058585296259,1.3308346865897682,71.53117730280702,35.81937080140156,None,0
2023-07-07 14:00:00,Pump,85.83583103109996,50.803427490628266,2.7663919423840526,79.138579080996,78.78808345863118,None,0
2023-07-07 15:00:00,Pump,71.66539306818228,58.07391627123664,2.1823558866042427,74.45486767423085,94.072549427483,None,0
2023-07-07 16:00:00,Pipeline,90.199520059143,56.72342586615307,2.1416349750732993,85.05496704179046,92.34651538096811,None,0
2023-07-07 17:00:00,Compressor,53.642001512651944,53.256654759976016,2.5033123157982575,81.85648562044251,22.36981832714607,None,0
2023-07-07 18:00:00,Valve,82.59787236953078,52.36608532905991,1.7165118044978607,89.67669084549661,55.28423381223696,None,0
2023-07-07 19:00:00,Heat Exchanger,66.60472441982343,53.08197145265179,2.477082257095462,40.956684754568734,18.358325535535606,None,0
2023-07-07 20:00:00,Compressor,88.72271316607991,47.99971283058737,1.8116122651310724,48.285708073602,96.48783630157598,None,0
2023-07-07 21:00:00,Heat Exchanger,76.42044478830545,49.724492751338396,1.2625246601448308,68.1735520458978,29.370509728915543,None,0
2023-07-07 22:00:00,Pump,68.27094667990599,45.488414227027285,1.5011218604465328,73.98283115349503,27.768661728919724,None,0
2023-07-07 23:00:00,Pipeline,81.62841093021632,48.334801121305404,2.2835109164516134,62.07630327334255,89.99971057058315,None,0
2023-07-08 00:00:00,Pipeline,83.93188347207251,48.16683060665534,1.527265830002671,34.43570189319689,97.10654996097685,None,0
2023-07-08 01:00:00,Valve,81.41894122858638,46.823473151891676,2.8050380615948245,80.49571360802292,72.78690333657309,Electrical Failure,1
2023-07-08 02:00:00,Pipeline,64.7030376036694,50.68373251324232,2.5946417267198214,87.65246136127632,20.89045303293024,None,0
2023-07-08 03:00:00,Pump,70.15982876377915,48.38009574649711,2.6667195830164827,54.33101062958369,53.72700494866064,None,0
2023-07-08 04:00:00,Valve,74.95927162878564,52.51117360175987,2.062389289838706,43.48874890193076,83.49445846554434,Leakage,1
2023-07-08 05:00:00,Compressor,74.58740347349939,41.88839693353117,2.1289308086474796,31.15882529772525,61.522946533742065,None,0
2023-07-08 06:00:00,Pipeline,82.49745475438348,49.433226029463505,1.4031440728778612,44.23794216561512,21.93353692555012,None,0
2023-07-08 07:00:00,Valve,54.85098767493392,50.65775820088748,2.4978917550787454,71.99512649030532,25.469897455290504,None,0
2023-07-08 08:00:00,Pump,78.34327054553503,48.446853800815596,2.1899167275185425,84.69536326036382,87.77275082513245,Overheating,1
2023-07-08 09:00:00,Heat Exchanger,72.1001864556336,49.138036500953845,2.28365281264613,35.61078398590595,57.43262473187351,None,0
2023-07-08 10:00:00,Heat Exchanger,66.61499383616048,42.073769946350716,2.844155905726441,63.1955512297158,73.52530963900412,None,0
2023-07-08 11:00:00,Pump,67.575132222304,51.78238552334746,1.697018508026245,71.73187491070993,43.57562736097583,Wear & Tear,1
2023-07-08 12:00:00,Pump,72.85462335482036,53.23802991283535,1.9369292250613408,46.582849266376115,57.923702462695736,None,0
2023-07-08 13:00:00,Heat Exchanger,38.98914895540482,52.46768647101884,2.163335460771084,64.19382235021811,97.93928263489225,None,0
2023-07-08 14:00:00,Valve,67.9871042920845,55.19363529721092,1.5322822972706467,72.91490556034637,39.67327332713243,None,0
2023-07-08 15:00:00,Heat Exchanger,66.24185175353706,51.00764802891251,1.90620058936158,80.2631545881226,70.7309674757447,None,0
2023-07-08 16:00:00,Pump,80.32783209322625,52.39340590325469,2.2464749052334847,57.14999104919885,25.52550014757068,None,0
2023-07-08 17:00:00,Pipeline,66.9447331748948,50.78045369228426,1.8372893643135844,74.87143313513764,20.956589673429995,Leakage,1
2023-07-08 18:00:00,Compressor,72.8488619982951,53.43775359796247,2.654494704864556,48.10697830439098,80.52761001331268,None,0
2023-07-08 19:00:00,Pipeline,90.42276627661302,42.11385181933939,1.244537719091503,42.782804806329516,85.96973889884491,None,0
2023-07-08 20:00:00,Pipeline,84.94351519815423,45.53209516010995,2.561385620116671,41.23882476544004,70.14805258144739,None,0
2023-07-08 21:00:00,Pump,84.02271399943453,57.93449828516545,2.3305927374080024,51.53236390954358,24.237625379002758,None,0
2023-07-08 22:00:00,Heat Exchanger,70.00127569589148,37.69782088951897,1.7155857062217046,32.15278090733094,31.652916907828473,None,0
2023-07-08 23:00:00,Valve,80.43032279289652,49.29911035087328,1.537795715885001,46.97951025991498,92.00581372856004,None,0
2023-07-09 00:00:00,Pipeline,72.66102199546405,55.861374798040345,0.9598586913787741,69.13336946659369,35.98336439197807,None,0
2023-07-09 01:00:00,Heat Exchanger,73.03906789323062,49.53369667229118,1.602412493793083,68.8751428296082,83.69744645774058,None,0
2023-07-09 02:00:00,Valve,79.0968534374655,47.974944642746514,2.5235883275014985,34.413228389489475,35.73435600193615,None,0
2023-07-09 03:00:00,Pipeline,69.03006411579068,50.6471083840765,1.9719571368606628,47.244937024837206,94.55163123910911,None,0
2023-07-09 04:00:00,Valve,89.93003104443204,48.23439909998777,2.5814904401959207,64.1734598806753,92.30076215533028,None,0
2023-07-09 05:00:00,Heat Exchanger,73.39869860402062,50.1542474637847,1.6900644646877239,49.11312825018617,13.893685626590916,None,0
2023-07-09 06:00:00,Compressor,81.18360566259665,46.58309481739935,2.3535530800532816,55.079281451332406,79.33725881806677,Overheating,1
2023-07-09 07:00:00,Heat Exchanger,89.55600479257298,55.54337209977862,1.6412506989577893,72.76864542694584,25.251558421096636,None,0
2023-07-09 08:00:00,Pump,85.31653774575175,57.1163246053283,1.5172124968950804,30.556009767397804,29.374446331574333,Corrosion,1
2023-07-09 09:00:00,Valve,60.91080897309475,49.333048389441885,1.9464363914146618,46.583612645305834,51.386069109832825,None,0
2023-07-09 10:00:00,Compressor,79.44895895009884,43.06755289654379,1.6675167443400016,38.542334627101,61.86863347745051,Electrical Failure,1
2023-07-09 11:00:00,Valve,83.50719394460647,47.38078414843302,1.2285889254813938,37.656550965869506,39.32197470734428,None,0
2023-07-09 12:00:00,Valve,83.91863022160749,49.080056699485176,1.9088426496415034,87.54241298683482,61.78450289987883,None,0
2023-07-09 13:00:00,Pipeline,63.86705165885369,52.52769438451604,2.0532177082156444,52.593619893745064,25.359253420702295,Electrical Failure,1
2023-07-09 14:00:00,Pump,68.42964762982676,44.95993388414661,2.6341793057480336,61.62531509457839,12.010388894293337,Corrosion,1
2023-07-09 15:00:00,Valve,84.94558235741621,46.154188406789245,2.46840283856653,74.02931322417795,61.41019495255868,None,0
2023-07-09 16:00:00,Heat Exchanger,67.38239629317354,52.55338068929404,2.609971599616416,32.84684849160301,56.567373396608694,None,0
2023-07-09 17:00:00,Heat Exchanger,72.00303943335686,54.694544160197786,2.3601787491967543,44.4613583134619,72.06885676683325,None,0
2023-07-09 18:00:00,Pipeline,90.75875809501969,46.89202977414658,2.1663063794749875,79.92886724062275,68.4839855771042,Electrical Failure,1
2023-07-09 19:00:00,Pump,74.5220074961521,43.33391473024502,1.3855275467640538,81.71943679067286,90.77377422105599,None,0
2023-07-09 20:00:00,Pump,67.73225862166157,66.42059100643942,2.0749360989676373,52.37705523844812,51.35217581453913,Electrical Failure,1
2023-07-09 21:00:00,Heat Exchanger,66.22382643137095,53.91652118544357,2.298396888665407,52.4916959791061,10.753252722364783,None,0
2023-07-09 22:00:00,Compressor,78.32719329585188,48.66498119116484,2.728718974685218,75.41381262653292,66.75874134371686,None,0
2023-07-09 23:00:00,Pipeline,61.66851991522791,54.3451563776542,2.3431442708659067,47.70421360499215,70.76191866428965,None,0
2023-07-10 00:00:00,Pipeline,72.52664036103582,49.37771685142789,2.6201917173027107,37.02564486839989,56.934549045637276,None,0
2023-07-10 01:00:00,Heat Exchanger,78.33230534990022,54.335784445500934,1.4840010543173805,45.45212701443501,72.0374383217094,None,0
2023-07-10 02:00:00,Heat Exchanger,87.99149820547667,50.79696598888111,1.8367911869259526,53.24068389814649,39.12254319125374,None,0
2023-07-10 03:00:00,Compressor,81.67548080369995,50.45635949083787,2.2146753568306354,33.132282575705894,23.392747287197125,None,0
2023-07-10 04:00:00,Compressor,67.85934882017821,49.43209065884606,2.580476345371281,58.72081525201049,69.8098297560766,None,0
2023-07-10 05:00:00,Pump,86.7841931756372,42.76309333268455,1.9273856770805402,74.4004507663667,32.06677862939758,Corrosion,1
2023-07-10 06:00:00,Pipeline,72.00484962452522,59.6904744969657,1.9587770204254233,60.8247086688277,51.06843183557844,None,0
2023-07-10 07:00:00,Pipeline,62.64296977950591,45.292330398661285,2.3435701530014894,34.31372043087042,54.24604575504838,Leakage,1
2023-07-10 08:00:00,Heat Exchanger,73.27958640734528,43.19988211844703,1.4370645864274378,56.40897788075751,52.94795954215496,Overheating,1
2023-07-10 09:00:00,Pump,89.38169201145702,48.93570058621816,2.8037022749117146,72.53427648256996,63.86042293119603,None,0
2023-07-10 10:00:00,Pipeline,76.65240050064925,45.19264093244747,1.5604319534461575,33.48579923941139,12.650833803327297,None,0
2023-07-10 11:00:00,Pump,75.12521864329787,49.74143604719865,1.0407052882203485,33.59083138361331,99.07142454370793,None,0
2023-07-10 12:00:00,Pump,91.37211644702853,53.43881924280884,2.00503350426129,52.23608419085896,74.46794265447141,Corrosion,1
2023-07-10 13:00:00,Heat Exchanger,60.68645152945573,54.97651450264611,2.8492293511877826,41.69783784742255,48.28490036188864,None,0
2023-07-10 14:00:00,Pump,62.14400885947228,54.07365360810841,2.293226565166805,86.08684747850523,27.219702726121987,None,0
2023-07-10 15:00:00,Compressor,58.84153529033168,48.4718397260716,2.3755452715018164,64.8806162243846,17.215959019902066,Electrical Failure,1
2023-07-10 16:00:00,Compressor,78.72648186480055,50.24795913830793,2.020692881153557,47.23952396435377,70.49713785635097,None,0
2023-07-10 17:00:00,Valve,76.66493127115125,52.03939525448745,1.9238112513644114,72.28660374689704,38.526005346270246,None,0
2023-07-10 18:00:00,Heat Exchanger,90.42736367279775,41.21106288028964,1.2275453152034421,52.49574308155973,30.65306124248812,None,0
2023-07-10 19:00:00,Valve,77.4347507713677,52.852923500599296,0.8703068710479069,37.9269386627406,44.19589484011001,None,0
2023-07-10 20:00:00,Compressor,70.95842840520697,42.713503562080845,2.0981361692204317,44.23393379061483,63.36307790269391,None,0
2023-07-10 21:00:00,Valve,75.01794872878106,60.20173299453245,2.656274597170113,68.56483706756254,70.45346950156011,None,0
2023-07-10 22:00:00,Heat Exchanger,76.17707418460958,47.97742457679152,2.1720668524140327,33.112566359819496,68.0653062419077,Wear & Tear,1
2023-07-10 23:00:00,Heat Exchanger,58.28238726671833,49.07562411402704,2.3117997635260066,46.36134240288382,87.69390251427762,Leakage,1
2023-07-11 00:00:00,Pump,102.10331644334893,46.15146450381072,2.79185877281977,42.498688658530476,29.68816879631037,None,0
2023-07-11 01:00:00,Pipeline,80.19871018101911,46.85014984072155,2.164383425720529,42.06810664059192,67.3071546877422,None,0
2023-07-11 02:00:00,Pump,77.10008308022589,61.3704678457162,1.9386724498461902,70.96574471855826,19.10029385674847,None,0
2023-07-11 03:00:00,Heat Exchanger,81.1516398427858,54.70184844311649,1.5907375971749675,79.54901500526188,59.314122090926006,Wear & Tear,1
2023-07-11 04:00:00,Compressor,82.09410980586605,42.25398777426081,3.011106281486043,72.95199648385552,62.55625622407041,None,0
2023-07-11 05:00:00,Compressor,73.59446514497569,57.521064503426146,2.26327388957684,68.74366894803073,29.46135690407563,None,0
2023-07-11 06:00:00,Pump,68.687588637593,55.96621137570716,1.5281991420403345,84.98710630907183,45.25238169921131,None,0
2023-07-11 07:00:00,Heat Exchanger,80.99450686321704,48.593937688558555,1.4144161660993815,33.503542825457814,84.44736006254222,Overheating,1
2023-07-11 08:00:00,Compressor,78.85710840531452,51.53348471014919,2.6265318634644563,40.048985158574446,23.35681483776671,None,0
2023-07-11 09:00:00,Heat Exchanger,66.90109900910592,49.925279602894626,1.4812791517958372,54.864411340231925,49.10555778542562,None,0
2023-07-11 10:00:00,Compressor,89.19035611367264,59.86289952223466,2.9269170787511105,52.34709861023207,93.94597640903066,None,0
2023-07-11 11:00:00,Heat Exchanger,77.93352036322983,46.01854905503955,0.6217686014546444,55.08309617778134,55.36980349296408,None,0
2023-07-11 12:00:00,Valve,82.29819362267631,50.73005304887864,2.7112975988949883,42.38729430256236,75.26203406499583,None,0
2023-07-11 13:00:00,Heat Exchanger,88.91920887679919,47.85927334503597,2.2434474055809823,38.9701989348137,84.41794355999959,Electrical Failure,1
2023-07-11 14:00:00,Heat Exchanger,75.21888821164835,42.83479797691073,2.059297211528437,60.551594847475684,28.33969373609432,None,0
2023-07-11 15:00:00,Pump,78.16952006984116,60.958191275274935,1.9122707824791185,85.68315144412762,29.639551197963915,None,0
2023-07-11 16:00:00,Valve,83.10027238506116,44.09216710448794,2.9453649242970146,53.518167740995025,78.27323104885451,Overheating,1
2023-07-11 17:00:00,Pipeline,67.75138916199948,51.10064593743888,2.3535294292006017,32.60119284717169,77.79760643587608,Electrical Failure,1
2023-07-11 18:00:00,Pump,75.54051662846001,41.296496968098324,1.5483981955522743,72.37004057337147,15.416498857565717,None,0
2023-07-11 19:00:00,Pipeline,76.25548586651148,48.00464730378453,1.1405450219855593,47.46629433163049,39.02484166254679,None,0
2023-07-11 20:00:00,Compressor,65.43941448316606,52.10984410716729,2.088648606573654,44.705700438293526,45.86792427175942,None,0
2023-07-11 21:00:00,Pipeline,98.17636788673879,45.87633010248818,1.999464433231293,49.45548004187772,84.61363631240383,Electrical Failure,1
2023-07-11 22:00:00,Heat Exchanger,60.92706556507598,52.934009253678276,1.2400659813122454,73.42893143447257,47.96760298867637,None,0
2023-07-11 23:00:00,Pipeline,62.01896096312842,48.654794540559585,1.972303237258832,79.12916321221824,93.33360013629193,None,0
2023-07-12 00:00:00,Pump,88.14226575703579,55.80041256199306,1.7130326834629,65.28336404033782,99.6946999426576,None,0
2023-07-12 01:00:00,Pump,82.13266250796542,56.80880456670111,2.0046450341533473,49.34872522317309,80.26535491249146,None,0
2023-07-12 02:00:00,Pipeline,64.74035182519222,47.06627619634994,2.362961805824201,48.62869398703669,69.97480206105317,None,0
2023-07-12 03:00:00,Pump,81.07289015101694,50.38366429696478,2.746304973732018,37.45850099432778,45.27074493884105,Electrical Failure,1
2023-07-12 04:00:00,Pump,89.6785044499731,50.917271132361165,2.4544445181846437,85.99806289411168,16.033550144683005,None,0
2023-07-12 05:00:00,Pipeline,74.69736942403014,53.09674647717349,1.6392796250848973,68.28836393812918,61.582488075651746,None,0
2023-07-12 06:00:00,Valve,100.98822900074582,50.07190998122133,2.1844575644145974,31.618477191351843,42.55344149895918,Wear & Tear,1
2023-07-12 07:00:00,Valve,57.75938189131965,50.95105479671421,2.031553560746012,69.74202571120084,41.58082682491092,None,0
2023-07-12 08:00:00,Compressor,81.93823453859102,48.7829676260244,1.3339355226845495,56.82920545161048,71.8938327438492,Overheating,1
2023-07-12 09:00:00,Pump,86.66528336221003,50.57619933486009,2.199116392346136,88.35347778281516,51.72754227369722,None,0
2023-07-12 10:00:00,Pipeline,83.91343901605246,56.48970096767566,2.928336168958857,79.14412948838441,77.68844602943051,None,0
2023-07-12 11:00:00,Pump,72.95644273354351,53.230416206059274,2.016213302093502,40.27894522996789,45.83559004168412,None,0
2023-07-12 12:00:00,Heat Exchanger,72.0955851798885,53.506278197216844,1.2029086601372998,73.20666713249199,23.577704693790636,None,0
2023-07-12 13:00:00,Pump,79.44145171087257,53.61535162067789,2.0151343355543094,59.133960230115804,51.52127735712219,None,0
2023-07-12 14:00:00,Pump,83.1575448665207,49.230956110594825,1.3931439005133748,41.22270982019569,95.5911262892827,None,0
2023-07-12 15:00:00,Valve,81.02473436282364,51.59413521789765,2.4318027534431437,71.92439443979694,82.13721662049025,None,0
2023-07-12 16:00:00,Pipeline,85.40057890793389,44.57413160832128,2.2624324958625643,62.84325472165472,28.517432956603006,None,0
2023-07-12 17:00:00,Pump,64.81130042933265,56.34403828158479,1.9145449732626283,31.82243272629423,45.21704514804484,None,0
2023-07-12 18:00:00,Valve,72.72229020876365,36.0851978382839,1.8344178670720894,68.79527703172955,93.5012885698484,None,0
2023-07-12 19:00:00,Compressor,65.59984067876246,49.564258038322876,1.8938828491922266,68.09922539174644,21.132915285390986,None,0
2023-07-12 20:00:00,Valve,71.13887223913858,55.70447988575137,2.00413724717116,38.64510966308776,32.85552176784424,None,0
2023-07-12 21:00:00,Valve,85.15220891814306,43.18066033185329,1.613882489329229,50.93926361980157,33.60003812847067,Overheating,1
2023-07-12 22:00:00,Valve,76.07983920725229,51.99889958808426,1.3061234594992817,65.15393824506239,61.383958809578516,None,0
2023-07-12 23:00:00,Pump,101.0685916314977,46.596167767104866,2.569349473347324,38.32698084640379,46.96599877401905,Corrosion,1
2023-07-13 00:00:00,Pump,76.93406367189716,48.155983674055655,1.807299511751521,81.16340267008539,17.18836065966699,None,0
2023-07-13 01:00:00,Compressor,75.59691880579736,54.72970480319719,2.083521552084572,31.649162777262227,66.62633091193771,Electrical Failure,1
2023-07-13 02:00:00,Heat Exchanger,76.06182919440216,50.99028462942575,2.142640975583747,36.1702448981613,18.91700780681352,Overheating,1
2023-07-13 03:00:00,Heat Exchanger,68.62191307140064,39.82822066057818,2.1610102398276068,36.966415191293045,64.57734387811703,None,0
2023-07-13 04:00:00,Heat Exchanger,74.42163387622406,45.117872301342004,1.413091001450788,61.68642755850331,55.63075422034232,None,0
2023-07-13 05:00:00,Compressor,86.27788027111646,54.876678674443795,1.1620799177240762,67.20684073011752,54.43017946527813,None,0
2023-07-13 06:00:00,Heat Exchanger,76.13970668127773,52.24471359096499,1.705653737654004,54.224447790089194,16.074662076930686,Electrical Failure,1
2023-07-13 07:00:00,Heat Exchanger,67.06540270116528,58.740677862621425,2.197855766208477,47.32000966008997,67.52984021951823,None,0
2023-07-13 08:00:00,Valve,65.74915379521364,58.41323797006649,1.6360250662628435,78.55904253753344,48.81882327303977,Overheating,1
2023-07-13 09:00:00,Pump,70.49798108334157,48.28877434926604,1.8225393231503833,34.097159023585206,46.99955100571179,None,0
2023-07-13 10:00:00,Pump,75.7386343441088,62.516189025347444,3.063648706874784,46.8175116679675,63.6806256776683,None,0
2023-07-13 11:00:00,Valve,86.93586535476263,50.122398349259555,1.0772880575977322,32.346934728238246,64.56232539518928,Corrosion,1
2023-07-13 12:00:00,Valve,61.59511358633563,45.186657327954876,1.6224830020447507,30.83340809797608,11.352996618578967,None,0
2023-07-13 13:00:00,Valve,71.80173722111243,46.831800670447116,2.9483020342869644,51.202793215932076,21.270331108288598,None,0
2023-07-13 14:00:00,Pump,76.44310019435079,38.716374473552904,1.9777006640023882,41.68941974669592,31.286639876024857,None,0
2023-07-13 15:00:00,Heat Exchanger,56.66294232370565,58.03509504124641,1.6470074172505447,46.10195129029478,71.01796000113812,Wear & Tear,1
2023-07-13 16:00:00,Valve,66.66401717033594,57.973809945219315,2.58438445850556,79.25682944729809,61.90670143266467,None,0
2023-07-13 17:00:00,Compressor,68.20111460263814,44.92246280593339,2.027615218240556,39.778805774953284,78.18662191462784,None,0
2023-07-13 18:00:00,Valve,67.04029626149502,48.860578558090474,1.825845802477997,76.81400202910805,76.65470249894713,None,0
2023-07-13 19:00:00,Pipeline,76.91889545021647,50.47803772056289,2.0961844635187554,70.50303738878182,86.78645822855357,None,0
2023-07-13 20:00:00,Valve,73.39440390498203,45.19823473928943,1.670945595308617,49.58673150844996,43.91333751451725,Leakage,1
2023-07-13 21:00:00,Pump,69.44713897398964,41.22448984364419,1.4912544685559608,62.79336871057727,41.05574795649725,None,0
2023-07-13 22:00:00,Valve,79.27962626552635,48.94821198111544,1.9432015361826258,56.66613658647233,84.79138627481169,None,0
2023-07-13 23:00:00,Pipeline,92.2307471764625,48.39460285270376,1.4945015199619964,37.703718929859924,31.38413804804661,None,0
2023-07-14 00:00:00,Compressor,91.39256516741753,48.057943795056126,2.00534665589824,84.43111930405054,51.50551363062463,None,0
2023-07-14 01:00:00,Heat Exchanger,55.77228227937664,51.113580313004825,2.1772032837371693,64.17707805514561,27.489308682002473,None,0
2023-07-14 02:00:00,Valve,80.77072183835139,57.14759829262996,2.4265302280258054,82.81440274772729,92.24566679252922,None,0
2023-07-14 03:00:00,Pipeline,73.21976709936162,48.48453640154137,2.5639624927584137,79.4295907087974,46.702271178696286,None,0
2023-07-14 04:00:00,Pipeline,76.55155342865356,50.852214993606815,1.797131749183874,34.78655551856539,29.12382084077455,None,0
2023-07-14 05:00:00,Compressor,71.01716966457451,53.63435261872468,2.2497073039695348,42.43623996110715,72.28120515120207,None,0
2023-07-14 06:00:00,Pump,76.17588629887203,52.770714632563745,2.2462617231031783,38.71566686248985,32.018021038943075,None,0
2023-07-14 07:00:00,Valve,76.51407396072018,46.92788237776079,2.163909357907992,79.84677196721512,94.91532428532011,None,0
2023-07-14 08:00:00,Pipeline,69.21048242651077,50.48188561557018,1.7602702945247708,81.74679758731213,43.08553133284703,None,0
2023-07-14 09:00:00,Compressor,66.03632452174818,52.73769910084527,1.4859660937679446,61.67829058850195,69.81766408916533,None,0
2023-07-14 10:00:00,Heat Exchanger,70.51304317380516,44.35824331244611,2.25100094453328,36.25068435048041,41.07204380416721,None,0
2023-07-14 11:00:00,Pipeline,77.34259264456766,56.31769505398254,1.146568718903475,38.13699711258097,82.65210246941264,Overheating,1
2023-07-14 12:00:00,Compressor,80.98996341684264,57.15794452607056,1.8660802837158443,78.81292874629605,90.72304669204982,None,0
2023-07-14 13:00:00,Pump,83.53348977340147,46.38609872277753,0.7231844921757009,85.75140819175982,80.91265234733075,None,0
2023-07-14 14:00:00,Pump,70.05809976933088,50.968350091740845,1.3317987883208682,41.96854110663941,86.3649116854768,Corrosion,1
2023-07-14 15:00:00,Pipeline,77.83844567302737,53.211391283355155,1.5614330307762878,30.668254588330385,19.16927451438724,Corrosion,1
2023-07-14 16:00:00,Pipeline,84.62502591953299,47.271929218356235,2.5483621038146422,49.85717430904667,93.16582093297598,None,0
2023-07-14 17:00:00,Valve,86.65594895144127,52.408069228440475,2.3440540122021343,31.829963378872883,66.18706559877523,None,0
2023-07-14 18:00:00,Compressor,74.41167145868478,50.81627813146083,1.7230326580788788,79.67849496468227,88.22957789495797,None,0
2023-07-14 19:00:00,Pipeline,72.79068275060388,42.660409111806,2.3646848975648753,59.4907354335751,71.5993087766874,None,0
2023-07-14 20:00:00,Valve,76.91124233836392,52.29580657989279,2.443811481690198,68.51164672578119,28.166290168933934,Wear & Tear,1
2023-07-14 21:00:00,Valve,63.502925271025944,44.499287918644825,1.9196675758126391,54.68909256819253,64.85995914811087,Corrosion,1
2023-07-14 22:00:00,Pipeline,73.06390488964492,54.696014258310235,1.307810927893155,50.73045282074891,18.185161575082688,None,0
2023-07-14 23:00:00,Pump,82.4458639847313,46.64394462433056,1.8960438449669428,43.33202478456509,72.61507271963427,Corrosion,1
2023-07-15 00:00:00,Compressor,81.41947129443702,49.193572831694276,1.951053797413932,76.23195282228875,46.810102697251544,None,0
2023-07-15 01:00:00,Compressor,72.29732395636111,56.86139456723288,1.3837728045848872,71.73285506493175,23.655985579018804,None,0
2023-07-15 02:00:00,Pump,77.17718201087166,52.48190823264422,2.183523396464984,51.64373906976517,98.13068342815727,None,0
2023-07-15 03:00:00,Pipeline,66.75349659709312,44.602630402127275,2.139905927151178,49.266968057950976,91.0975981789613,Leakage,1
2023-07-15 04:00:00,Compressor,82.03492148225025,44.925417146004584,2.2225213499470935,30.07457271892074,90.41893420629285,None,0
2023-07-15 05:00:00,Pipeline,74.22178563863527,47.00348605688137,2.139461548583722,33.813127802728346,80.99382757170275,None,0
2023-07-15 06:00:00,Pipeline,72.24048548303861,51.97322041678333,2.3649215175574914,67.39533149355809,72.27830126291659,Overheating,1
2023-07-15 07:00:00,Valve,71.38276163906613,51.79149907466384,1.9103359860634843,60.8764386141277,68.95715322630207,None,0
2023-07-15 08:00:00,Pump,74.37106133100141,45.78448847668565,2.1008925536854766,56.088192269101356,19.548445393346974,None,0
2023-07-15 09:00:00,Pipeline,70.52122355068042,44.163952571928206,1.8011298578772341,79.65013444809951,91.05096117866087,None,0
2023-07-15 10:00:00,Heat Exchanger,81.58143036002564,51.40791702542917,1.707750392189025,60.2338922641708,89.30155566741493,None,0
2023-07-15 11:00:00,Pump,71.04716451983819,49.090699671049194,2.669124815381038,53.0696148844392,77.30673638723681,None,0
2023-07-15 12:00:00,Compressor,90.92964096027382,60.78607943723868,0.9781156492367518,39.6753808514991,93.45834631676102,None,0
2023-07-15 13:00:00,Valve,89.65210503481381,50.1830182828154,2.438379994577132,79.24128049287715,59.777510625819275,None,0
2023-07-15 14:00:00,Compressor,66.08456510145496,59.07126413850138,1.6897295622771697,64.57489500727127,50.28781012457998,None,0
2023-07-15 15:00:00,Compressor,75.6970426942928,44.1480820094783,1.6249809111784395,35.54759795536544,97.11526619496509,None,0
2023-07-15 16:00:00,Pump,68.49343378663805,42.13393530219146,2.1307887420327036,68.93390387982456,51.77180690178904,Leakage,1
2023-07-15 17:00:00,Compressor,71.73352436811389,44.39957433737233,1.2551951938244987,55.504244729304595,67.7191996960442,None,0
2023-07-15 18:00:00,Pipeline,95.02427467644797,55.94564890726733,1.5919884640268984,78.68317341527975,43.57559321725951,None,0
2023-07-15 19:00:00,Compressor,71.924285828842,58.78050794846767,1.575430176743504,85.13487581975977,67.26936034177551,Wear & Tear,1
2023-07-15 20:00:00,Valve,78.60226037077429,46.08910273023683,1.8893008709074526,66.02794879057475,74.80890960631189,None,0
2023-07-15 21:00:00,Valve,80.41321294008279,47.69716985120221,1.5979311559196558,73.89676915880199,66.21899727596954,Overheating,1
2023-07-15 22:00:00,Heat Exchanger,64.9937062751676,44.1550954489375,2.8005593428196347,33.39545085612994,56.3106647094578,None,0
2023-07-15 23:00:00,Valve,66.44904525590795,40.941800764408065,2.898508258248977,63.61532730006944,37.00997178627095,None,0
2023-07-16 00:00:00,Compressor,62.93977628591881,53.59205848888315,0.9890032386259684,75.32039870132844,67.94611085226009,None,0
2023-07-16 01:00:00,Valve,66.14029266102223,51.11510151481082,2.2721613523828683,59.805728968686225,91.75860057352266,None,0
2023-07-16 02:00:00,Pump,46.49969890682818,50.052439913369376,2.429331719538787,65.61300537026023,10.622133205270062,None,0
2023-07-16 03:00:00,Valve,80.44582400793628,42.9997173141831,2.2714926011955527,83.93689113486266,22.053612468672135,None,0
2023-07-16 04:00:00,Pipeline,95.5419384125607,58.1997834091433,1.6709432534541526,41.88597432187197,20.779584264987015,None,0
2023-07-16 05:00:00,Pump,76.47820739036527,47.483216309752635,1.8779522189207292,35.894790453114716,93.08847726035687,None,0
2023-07-16 06:00:00,Heat Exchanger,60.837311406593926,52.668132124082376,1.6258626726111522,71.43861678837006,69.64729200663533,None,0
2023-07-16 07:00:00,Pipeline,68.57223617100053,42.727192973776376,1.7898679844205856,79.37093433134665,95.66092958231354,None,0
2023-07-16 08:00:00,Compressor,70.41123154975003,49.047374051899816,1.395017485666412,81.02941131495382,62.453194589118546,Corrosion,1
2023-07-16 09:00:00,Compressor,64.82415222786625,51.45687228119292,1.9426055891827247,68.49866982547321,51.555960744332836,None,0
2023-07-16 10:00:00,Compressor,83.60182638395156,51.63537609026654,1.248599144347465,79.9928050902482,81.31086206329262,None,0
2023-07-16 11:00:00,Pipeline,83.10260044375335,50.77324271618313,1.8999327228859313,72.03985234339741,24.48480407277021,None,0
2023-07-16 12:00:00,Pipeline,63.445482061823405,52.472612460243866,1.3757091554501177,35.24261495440744,44.320430468558925,Wear & Tear,1
2023-07-16 13:00:00,Pipeline,82.25081044447508,44.34739771983519,2.103408180895702,75.72261047309928,51.96468164808014,None,0
2023-07-16 14:00:00,Pump,90.26812663577266,50.986863027198304,1.6602902195285547,40.76158137301978,36.861255506090636,None,0
2023-07-16 15:00:00,Pump,94.02558205229559,50.568788417401386,2.1452901739372687,44.19656055545836,43.415705116763064,None,0
2023-07-16 16:00:00,Compressor,103.65212023085962,51.158363420975306,2.5407903641823912,53.67903761991989,17.029466823197644,None,0
2023-07-16 17:00:00,Valve,65.98007350556803,50.36172608659591,2.794723468052354,48.874023979580215,27.818523050460218,Overheating,1
2023-07-16 18:00:00,Compressor,103.24220426395203,43.633936130433014,0.7359977054897548,49.299104298174726,40.194704829783554,None,0
2023-07-16 19:00:00,Heat Exchanger,71.45793611491212,43.41100123945513,1.5829029530631087,40.15557145224275,81.63013899098209,None,0
2023-07-16 20:00:00,Pump,69.07534544619486,38.92865907057724,1.848456961443993,47.63226282657266,26.42476193585775,Wear & Tear,1
2023-07-16 21:00:00,Pipeline,78.27072374877845,54.08767254922649,2.2301639091907415,31.179755398552906,41.197633658580216,None,0
2023-07-16 22:00:00,Pump,69.17938665906988,54.13828754867599,1.1748227479227353,58.374656801299565,15.842825937724166,None,0
2023-07-16 23:00:00,Pipeline,78.99044140646527,54.217751456110605,1.5089537965998923,76.11545752618841,60.139391034394535,None,0
2023-07-17 00:00:00,Heat Exchanger,61.799228122626985,51.533949812307256,2.065178601328555,81.73484215349038,65.01257993268351,None,0
2023-07-17 01:00:00,Heat Exchanger,72.61247397936566,39.334403911409446,2.0424441207633337,79.2257135375663,87.89648171159503,None,0
2023-07-17 02:00:00,Pump,87.8558223436168,44.86644754107367,2.1888092032100466,54.98746313970679,83.72043986517676,None,0
2023-07-17 03:00:00,Pipeline,74.42938708568845,50.85207708796556,2.2218378634440583,73.82558886983136,35.684015921549246,Electrical Failure,1
2023-07-17 04:00:00,Heat Exchanger,76.41595786739883,50.67759001395898,2.1692972165579314,47.27344644571275,22.325832027087376,None,0
2023-07-17 05:00:00,Compressor,79.75258604717311,48.88625893423989,2.096827658315746,33.333748363057076,24.047486398936336,Overheating,1
2023-07-17 06:00:00,Compressor,86.70661629317661,51.844586014541235,2.027869886663184,70.55829152347599,97.20675487364001,Wear & Tear,1
2023-07-17 07:00:00,Pipeline,58.447752878105675,50.05825853842623,2.3323815448621814,68.92776988418436,70.59032326066216,None,0
2023-07-17 08:00:00,Pump,80.84524051837435,50.60385232775681,0.8803386667178874,78.09776372777253,13.831370902291537,Overheating,1
2023-07-17 09:00:00,Heat Exchanger,72.31860860758236,46.80467333583992,2.7721667434856174,66.9663724021728,22.310132954058513,None,0
2023-07-17 10:00:00,Pump,76.66637895311838,54.91005493060795,0.897758974559838,39.413497498434985,53.72200585908602,None,0
2023-07-17 11:00:00,Compressor,85.59950169762377,47.84614195659808,1.460419091547754,81.18974352301188,28.70459238638078,None,0
2023-07-17 12:00:00,Heat Exchanger,63.058133485881555,43.34675458489687,1.8866196016749277,67.63516728112205,82.32930865000169,Wear & Tear,1
2023-07-17 13:00:00,Pump,64.87355558556911,46.14500493590636,2.3363064455449214,78.45658194210024,61.58954058124284,Corrosion,1
2023-07-17 14:00:00,Valve,55.645700402861934,48.2576690431901,0.5023665546001919,76.44642722256245,65.13689870103686,None,0
2023-07-17 15:00:00,Pipeline,69.50841058236223,54.970013941844236,1.9859378380290829,47.87186923350531,51.65429932442906,None,0
2023-07-17 16:00:00,Pipeline,88.30432344378816,49.78866000782603,2.3961975197078673,34.47317849112314,33.045649788368394,Overheating,1
2023-07-17 17:00:00,Valve,73.79412811526531,49.06925890517176,2.4972590580142384,40.59026454537509,63.04632518822919,None,0
2023-07-17 18:00:00,Compressor,61.59875104345214,43.756682876186865,1.6513351707512707,35.571740058795044,74.52730415446587,None,0
2023-07-17 19:00:00,Heat Exchanger,70.14321255424953,53.92741294914788,1.8495823565224838,44.604745924808185,43.38532698671502,Leakage,1
2023-07-17 20:00:00,Pipeline,60.12138296509377,46.74023922988307,1.691925935553686,57.57193638155958,55.44492675560518,None,0
2023-07-17 21:00:00,Valve,63.74813898268838,49.49986070529332,1.8036626732369578,84.40863629887697,85.57155734248299,None,0
2023-07-17 22:00:00,Valve,78.88818910263713,57.40091538440932,1.4840867246357825,82.32112535523808,23.381358564021426,None,0
2023-07-17 23:00:00,Compressor,63.26126673693971,52.54381665524652,1.555373918764541,73.11598890574368,59.07019773466903,Corrosion,1
2023-07-18 00:00:00,Compressor,86.12634305203302,41.85872976142413,2.217188461014184,31.44674157286956,41.35713956463053,None,0
2023-07-18 01:00:00,Pump,74.28879709169664,41.15244881823764,2.065807686636371,50.483352079233214,73.25152823955074,None,0
2023-07-18 02:00:00,Pipeline,75.85594703944525,49.67844774940377,2.2457932537952368,70.94090558907118,11.692921884615519,None,0
2023-07-18 03:00:00,Pump,72.21627032392107,43.936296925625975,2.1070071948504183,37.7417338103441,70.34259698228698,None,0
2023-07-18 04:00:00,Valve,82.72847838543723,53.242733738164986,2.352169300573798,78.06527100095451,19.260796061456865,Overheating,1
2023-07-18 05:00:00,Heat Exchanger,82.8315988777701,50.211315324824895,2.4391069990774974,84.87442079925562,15.82909776942922,None,0
2023-07-18 06:00:00,Heat Exchanger,78.35054351912171,50.82692384511932,1.129141690066948,51.24626679826953,75.21609708627517,None,0
2023-07-18 07:00:00,Compressor,80.64789105907649,46.46628409178823,1.5728451747928187,72.35058371183001,67.63079376136662,None,0
2023-07-18 08:00:00,Heat Exchanger,72.87910330079575,58.70691827643353,1.8843120212549807,38.8922479601228,90.54423378033928,Leakage,1
2023-07-18 09:00:00,Heat Exchanger,80.42203006909048,64.2129686400523,1.9886612372563295,71.44898694678162,56.76894602205806,Leakage,1
2023-07-18 10:00:00,Heat Exchanger,71.62122224526193,48.60707638121642,1.6649547130909832,31.287324737222598,57.70219829744504,None,0
2023-07-18 11:00:00,Valve,75.02231622162402,51.76519624207501,2.4560118354941527,39.04629040866606,73.63160520188956,None,0
2023-07-18 12:00:00,Heat Exchanger,72.25356250633702,50.48708671532156,2.989974184145299,72.5928867965202,39.1057818717926,None,0
2023-07-18 13:00:00,Heat Exchanger,70.42781460680804,48.70156568279466,2.093080977790867,72.71101337257838,13.32212098797393,None,0
2023-07-18 14:00:00,Heat Exchanger,68.1088820227821,45.839647661336016,2.0421705160991057,68.46976235071062,30.704124314715205,None,0
2023-07-18 15:00:00,Pump,79.67690103858885,44.57516006259762,2.4247281275521657,58.641841463052195,31.421207070672995,None,0
2023-07-18 16:00:00,Valve,88.10605912813463,44.32201367237238,1.067080122398282,70.4944854703167,40.209296525037445,None,0
2023-07-18 17:00:00,Compressor,86.71101971669559,52.026200127745724,2.0142344702192054,76.4280478973273,94.91164597364167,None,0
2023-07-18 18:00:00,Pump,62.43434664054565,47.401627608981826,2.4895179127337586,87.98889954220462,82.43585187968331,None,0
2023-07-18 19:00:00,Pipeline,87.89203051406874,37.108535749297346,1.6784230013994441,83.3184618929163,94.23606206846729,None,0
2023-07-18 20:00:00,Valve,71.81841498382072,52.224291102991614,1.3867197100490172,77.67205215396748,99.87486311017004,Wear & Tear,1
2023-07-18 21:00:00,Valve,81.00733015145592,49.80869358767922,1.9070971949501108,71.68545100286238,49.040110367834004,None,0
2023-07-18 22:00:00,Pipeline,65.9378466795279,56.73336500700573,1.9696572833990398,64.44933272594204,30.436598501227415,None,0
2023-07-18 23:00:00,Pipeline,76.41979913874005,51.86561198545505,1.5456738590422707,37.23652940111498,60.40037451297242,None,0
2023-07-19 00:00:00,Pipeline,78.13723182896908,42.606632018448515,3.0480806380254757,39.933410525903575,89.3020972553307,None,0
2023-07-19 01:00:00,Compressor,60.15395208080347,38.85161679635009,1.7606518094960273,79.21677364025396,51.915867491312035,Leakage,1
2023-07-19 02:00:00,Heat Exchanger,81.08267166344189,46.40263807831031,1.4231703242867155,78.19877473243324,55.48593723150282,None,0
2023-07-19 03:00:00,Valve,88.45935007838315,46.87446289653174,1.9531893404646943,66.86753555840178,22.099519533504406,None,0
2023-07-19 04:00:00,Heat Exchanger,73.25352054318373,54.71579600500083,2.4539303188522457,56.330407962969204,47.84099433109849,Overheating,1
2023-07-19 05:00:00,Heat Exchanger,88.60168130828013,49.95564533855213,2.0087071244991157,31.56195898941634,44.829532882772035,None,0
2023-07-19 06:00:00,Pipeline,73.10306506547593,55.668442490492545,2.2427969600220012,49.630616551712635,41.65196525789047,None,0
2023-07-19 07:00:00,Compressor,83.49584531046617,43.375834721486825,1.5642447028334214,55.238379453919066,89.85688029317798,None,0
2023-07-19 08:00:00,Pump,52.814300340489005,54.82632192190224,2.743844223201757,59.14897717040523,15.337128989109965,None,0
2023-07-19 09:00:00,Compressor,99.18777779313464,53.6049457671546,2.2808555139592217,85.75947591367256,97.49324646076123,None,0
2023-07-19 10:00:00,Heat Exchanger,89.95458245242958,39.90882944284402,2.523850784438805,36.52256398800857,10.742214274582242,None,0
2023-07-19 11:00:00,Compressor,72.15374495746322,56.61308920630386,2.1825803162375847,61.13201518678622,95.10346125548281,None,0
2023-07-19 12:00:00,Pipeline,55.279109733561825,50.467292458831764,2.4124420188643922,52.07533781749679,59.32427525546892,None,0
2023-07-19 13:00:00,Pump,77.8802836830549,51.96022251934253,1.5634737201613862,89.40588715296309,73.22007199601043,None,0
2023-07-19 14:00:00,Pipeline,60.56074452926243,45.675519437857886,1.7542947916552187,81.71184097697432,26.84195647256109,None,0
2023-07-19 15:00:00,Pump,79.44853537557488,56.37623506460986,2.673240297778015,56.327151254335256,68.87903851149463,Leakage,1
2023-07-19 16:00:00,Heat Exchanger,79.11565719164282,44.07073835380565,2.779870973641982,89.98173656128563,89.37619016749593,Overheating,1
2023-07-19 17:00:00,Pump,65.58596830997975,54.16046009186973,1.4264672001404617,60.843794788289784,22.553212585028643,None,0
2023-07-19 18:00:00,Pump,86.20967023614378,54.10303737954336,2.124868033931906,40.027067795484044,21.437345104596098,None,0
2023-07-19 19:00:00,Pump,83.05574702806173,45.12916285913889,1.7845280997573862,63.352481509602875,37.35801182345255,None,0
2023-07-19 20:00:00,Compressor,84.75823337288563,59.916867997112874,1.6514842653175692,43.572345948218796,24.555330322785835,None,0
2023-07-19 21:00:00,Compressor,75.08857703668896,51.1576424010876,2.1424198476777248,68.17877040457512,19.95812632840124,None,0
2023-07-19 22:00:00,Heat Exchanger,60.844759330862935,53.26946305135512,2.570481466182704,86.24641049303554,71.04871323867626,None,0
2023-07-19 23:00:00,Pump,84.77872272211138,42.36439602332122,2.225831236642097,77.1719146101017,29.24439525212417,Electrical Failure,1
2023-07-20 00:00:00,Valve,72.29628600864208,60.58865001504282,1.8402437750404825,46.38982142514331,70.03134094617876,Leakage,1
2023-07-20 01:00:00,Heat Exchanger,61.102198568073305,43.87721529887455,2.25743058996758,47.81151749796042,87.57363044042347,Wear & Tear,1
2023-07-20 02:00:00,Pump,88.52039365974326,55.12443216382965,1.8200119132095494,34.157292185418726,68.68223122717005,None,0
2023-07-20 03:00:00,Pump,95.9940752050251,45.02614141034152,2.206057150365301,47.152070138776644,20.74303629238608,Overheating,1
2023-07-20 04:00:00,Compressor,74.58751871020797,46.905055985761585,2.6982328502278667,35.55748798066904,61.62198166427005,Electrical Failure,1
2023-07-20 05:00:00,Heat Exchanger,96.59121154603292,53.943770219427236,0.9614201703495862,59.96692315953857,45.42658157903958,None,0
2023-07-20 06:00:00,Pump,75.9131472861135,55.13776356837579,2.398626149270017,72.50082476989546,40.90338430502453,Electrical Failure,1
2023-07-20 07:00:00,Pump,71.19544095833649,43.64357875442949,1.2304725392147657,75.07086968994952,38.6678321766849,Wear & Tear,1
2023-07-20 08:00:00,Heat Exchanger,68.69541545814522,55.45236084528497,2.614163855272231,33.571753934890744,93.6489001437681,None,0
2023-07-20 09:00:00,Valve,91.37082407992742,55.22490247566597,1.6814871950635697,50.397353894292124,76.82567110099549,None,0
2023-07-20 10:00:00,Heat Exchanger,67.19856118612228,45.31023295577554,1.391164311196758,47.29030599284602,22.04639106222655,Leakage,1
2023-07-20 11:00:00,Heat Exchanger,82.35269309974987,57.99323796795555,2.3476346135443737,36.258019379240075,52.840493175921736,Leakage,1
2023-07-20 12:00:00,Valve,69.40836164940792,42.71571185875981,2.1820850315712055,51.748278655920345,38.640076772852765,None,0
2023-07-20 13:00:00,Heat Exchanger,70.39693237425637,46.876137086111925,1.5004065485191709,47.95920654835417,98.01444812913624,None,0
2023-07-20 14:00:00,Pump,85.30249693969567,52.39501312045994,1.3735001214158031,68.06995376035661,98.02260756578525,Leakage,1
2023-07-20 15:00:00,Heat Exchanger,71.19963153710647,45.73216857648697,1.906259256254359,82.99815982402278,38.75810268997314,Electrical Failure,1
2023-07-20 16:00:00,Valve,70.95204620579707,51.31909542839671,1.3979565249144017,57.29050325239295,41.690180453090925,None,0
2023-07-20 17:00:00,Pipeline,86.32804697174807,51.20538039401647,1.4692635135381862,74.79991036600912,63.947278642289106,None,0
2023-07-20 18:00:00,Heat Exchanger,90.97397293221623,49.064628650386396,2.057810395210717,38.760622026640455,53.13763128947501,None,0
2023-07-20 19:00:00,Compressor,81.44689803284233,54.1620026929528,1.5170641828724516,83.69798271863188,29.179078494259727,None,0
2023-07-20 20:00:00,Pump,68.45230224376051,48.8581960367118,2.2132696450132716,39.15568429290553,69.43709502897502,Wear & Tear,1
2023-07-20 21:00:00,Pump,69.8939150070242,51.15770534406903,2.7450717979417383,41.52607083596336,40.07157794877146,None,0
2023-07-20 22:00:00,Compressor,75.79915263740037,55.732359387439516,1.9257222925497088,36.38782821526059,68.83448484989509,None,0
2023-07-20 23:00:00,Compressor,78.20930061925658,53.953431050129204,2.065075530992792,48.58077009123219,44.531337009501975,Overheating,1
2023-07-21 00:00:00,Heat Exchanger,65.12134089860228,53.930086454071045,3.009048366417743,63.14462680293156,73.01889044706445,None,0
2023-07-21 01:00:00,Compressor,82.23037939579864,44.2541019889161,1.4061994413113266,89.2796466843796,70.10195238006855,Electrical Failure,1
2023-07-21 02:00:00,Pipeline,75.85513329639599,52.62396287750661,2.595617597590371,77.60208207945263,55.793148032890066,None,0
2023-07-21 03:00:00,Valve,57.84291681361871,45.607506045152476,2.535428798956241,52.82614817351892,73.42659916397477,Overheating,1
2023-07-21 04:00:00,Compressor,65.7107351753927,43.59292510110987,2.4271586695868916,64.55076347421422,51.48691086088137,None,0
2023-07-21 05:00:00,Compressor,69.95871326348336,49.64146826857516,2.6458739253663155,67.39848185635246,20.45244696851106,None,0
2023-07-21 06:00:00,Pipeline,74.27142311158946,45.478524066742054,2.1402874829793093,79.36363327484082,26.38956280036192,None,0
2023-07-21 07:00:00,Pump,93.89278795503996,53.95308859419988,1.7085352522003663,74.18710712518802,32.13938207490516,None,0
2023-07-21 08:00:00,Pump,77.38171306139628,54.07267729847662,2.5472866456102836,64.15746761826841,15.690603540312694,None,0
2023-07-21 09:00:00,Heat Exchanger,66.59228110101375,40.48686881784279,2.5664211058564472,70.1509816223794,74.02430985676031,None,0
2023-07-21 10:00:00,Pipeline,77.20630804307163,45.85848730211555,2.552656950746644,74.75505665777398,43.06512041484565,Overheating,1
2023-07-21 11:00:00,Valve,71.4791225254612,42.701066640410005,2.022251041159618,37.98864354800426,18.417096669429757,None,0
2023-07-21 12:00:00,Valve,78.24758239533541,47.686853617035545,1.6419027431933366,42.0273276783228,83.79623086530222,Wear & Tear,1
2023-07-21 13:00:00,Pipeline,80.80567687035615,52.27587834934412,2.095681127055806,71.31505733445101,71.52888560172174,None,0
2023-07-21 14:00:00,Valve,87.09230647223939,48.78855950910806,2.4711150087839178,81.02553371925792,50.70018134149308,None,0
2023-07-21 15:00:00,Pump,74.75713504329974,47.051203796664325,2.5121758949299826,54.55573696198607,32.26828015834608,Wear & Tear,1
2023-07-21 16:00:00,Valve,91.38960527599833,56.5008826340657,1.7851619364627025,88.79341934827235,23.65713044135621,None,0
2023-07-21 17:00:00,Valve,84.08022662536192,38.47571413701856,2.157686448063695,42.964303960402376,51.25367725795558,None,0
2023-07-21 18:00:00,Pipeline,67.92560455187812,56.18435946759112,1.345610847757022,55.00195692260633,89.67211687095062,None,0
2023-07-21 19:00:00,Pipeline,97.09855665748464,47.27855853422257,2.4924750515029257,52.71138260779519,26.955579094477294,Overheating,1
2023-07-21 20:00:00,Valve,78.26994513270098,49.60945494943605,1.6083456216374683,85.81775644358575,61.179330609233915,None,0
2023-07-21 21:00:00,Compressor,66.64875496027764,47.36318331139946,2.3926276797857735,47.12271105435237,96.55173957000304,None,0
2023-07-21 22:00:00,Pipeline,91.52913051230422,57.714440527695594,1.425347711304919,58.24744668253294,67.34049172881515,Corrosion,1
2023-07-21 23:00:00,Heat Exchanger,95.77777585198444,43.8451075159737,2.515707953217004,41.23403037691977,49.59682571402815,None,0
2023-07-22 00:00:00,Heat Exchanger,74.6697473628044,50.05868184860968,2.160917595011385,61.27597431374663,74.47356756450176,None,0
2023-07-22 01:00:00,Pump,69.96349739624404,52.637193259299984,1.609321152191527,81.44425016781547,84.21201271168358,None,0
2023-07-22 02:00:00,Valve,73.27625042546337,41.94498616057416,2.3456781905402626,48.24236771343385,63.14646680981579,None,0
2023-07-22 03:00:00,Compressor,82.147317275177,45.400509147769235,1.7048191540973345,78.6475243297697,88.46491230936934,None,0
2023-07-22 04:00:00,Pump,87.77856655030514,49.259107332508854,2.3747775187225644,84.67869493053756,56.313258343816386,None,0
2023-07-22 05:00:00,Valve,80.70487330863574,45.56667482657812,1.8629442623096393,34.377473382873816,84.7026101985631,None,0
2023-07-22 06:00:00,Pipeline,76.0172320847177,45.92204114390425,1.1394764371851687,75.38547217915506,95.68173163651257,Corrosion,1
2023-07-22 07:00:00,Heat Exchanger,89.98011770304427,48.25068668461781,1.5087918797595314,45.320606169029446,55.111912032116535,None,0
2023-07-22 08:00:00,Compressor,71.87163526948478,53.24790665823087,1.7847926456563579,40.51965975219775,64.45015440267926,Overheating,1
2023-07-22 09:00:00,Heat Exchanger,85.30919338366907,48.286411115609276,2.6840945118742887,66.06734352150215,64.85207886548514,None,0
2023-07-22 10:00:00,Pipeline,72.11937201648722,55.39213097236473,2.4505718152646123,72.33615697372198,80.32913772384616,None,0
2023-07-22 11:00:00,Valve,79.31022958010894,45.01121108670323,2.811930706161071,53.685659144112826,84.06692561596805,Electrical Failure,1
2023-07-22 12:00:00,Pipeline,73.86437435209548,43.74038869763274,2.826817608014929,32.35042242493144,12.450638458545466,None,0
2023-07-22 13:00:00,Pipeline,74.44147817347189,59.63172702860567,1.7326245977045425,84.5222714518076,76.0023607681349,None,0
2023-07-22 14:00:00,Heat Exchanger,71.2261348253779,46.71020936167244,1.9057565701205852,73.8448150108497,80.54337201672139,Electrical Failure,1
2023-07-22 15:00:00,Compressor,88.44854031180694,43.4454399646392,1.7943600378347309,46.300008400980886,73.03864955124132,None,0
2023-07-22 16:00:00,Pipeline,67.67073961891465,41.28973029114085,1.6642446973494618,59.81183134468439,74.23260933907865,None,0
2023-07-22 17:00:00,Heat Exchanger,67.59767747451292,55.37551726904469,1.0792526453317708,31.66756739802468,13.72625732658425,None,0
2023-07-22 18:00:00,Compressor,96.20993565845109,48.2934774266997,1.9926261409915789,50.35696690835651,49.78347957540154,Electrical Failure,1
2023-07-22 19:00:00,Valve,84.77847564654331,48.73145132466801,1.3572172031444447,61.3521141351071,83.63616847495666,Overheating,1
2023-07-22 20:00:00,Valve,51.14886301306964,49.2039914420668,1.9829140592328363,61.033416906975006,94.06064271655933,Corrosion,1
2023-07-22 21:00:00,Pump,69.34741260789596,55.0647144233489,3.0578854047814925,42.491092680512466,30.65211285147413,Overheating,1
2023-07-22 22:00:00,Heat Exchanger,56.88010662437946,49.1023508301204,1.7453274518346458,76.60484197103344,62.127544631751555,None,0
2023-07-22 23:00:00,Compressor,65.49309306584745,61.72026889416313,2.097387002814034,47.931729511598604,82.38972155955253,None,0
2023-07-23 00:00:00,Pipeline,43.6148533376596,50.66880287027114,2.4533241929046414,64.82460139067837,77.71668785732672,Overheating,1
2023-07-23 01:00:00,Valve,73.63010422306057,55.30892383479161,2.1401456459829533,46.291333532278486,65.70011052820712,Leakage,1
2023-07-23 02:00:00,Compressor,63.58058180838688,54.02619928952203,2.1462420939711477,55.51007237920621,11.68220694358002,None,0
2023-07-23 03:00:00,Heat Exchanger,75.59905256796438,49.817763398709815,1.81879878315596,42.450877515013815,75.14972561004093,None,0
2023-07-23 04:00:00,Pump,58.74878741117475,47.06514506989768,1.8840610124693837,67.9804675519223,79.59182529509334,None,0
2023-07-23 05:00:00,Valve,75.8291185317204,51.659819642832765,1.519994738906086,55.535061608481044,75.05645559630715,Wear & Tear,1
2023-07-23 06:00:00,Compressor,70.85083721879673,52.550493656036366,2.423022504444704,30.967038269265856,78.92282453409611,None,0
2023-07-23 07:00:00,Compressor,90.01952965188596,47.137069759367364,1.129254171692952,31.689899641005965,48.782340341097424,None,0
2023-07-23 08:00:00,Compressor,89.11356861745625,50.831694329753276,2.485544169191101,58.26805910828533,99.43769313328518,None,0
2023-07-23 09:00:00,Heat Exchanger,82.85345603010283,56.18102489129798,1.2981508076273789,40.99355201432126,79.3708224285393,None,0
2023-07-23 10:00:00,Heat Exchanger,71.73386219338788,60.34973869534839,2.481303637038326,65.10252288868455,62.0812004751987,None,0
2023-07-23 11:00:00,Heat Exchanger,94.85380395260293,54.27184660174711,1.8230912368939094,54.49150690632128,94.07721427719615,None,0
2023-07-23 12:00:00,Pipeline,59.46964722160179,59.31379843190141,1.3840656559334599,69.26519013238337,91.73785055122165,None,0
2023-07-23 13:00:00,Compressor,60.96441370436337,46.85312894396772,2.2896493225398182,87.1437104438371,83.31103588008385,None,0
2023-07-23 14:00:00,Valve,74.16216900110935,53.50941126029647,2.4643837675378872,61.72416808771521,60.73254270853897,Corrosion,1
2023-07-23 15:00:00,Heat Exchanger,97.5403810892112,56.69259754290636,1.7809606759482315,77.24271621540598,57.439091723204214,None,0
2023-07-23 16:00:00,Heat Exchanger,72.97661093129912,45.51833333514002,2.3603052743394666,75.18245977895623,39.58371387770687,None,0
2023-07-23 17:00:00,Compressor,73.16754756790718,47.57204943977496,0.8574577526653249,85.30746625943192,32.579018119355354,None,0
2023-07-23 18:00:00,Heat Exchanger,60.58089643888191,58.68952380917625,1.3397018551267,42.84107203428037,56.11235652775779,None,0
2023-07-23 19:00:00,Pipeline,84.45929585270379,45.124505721065304,2.6462044652343644,79.63961824709645,62.00035855407764,None,0
2023-07-23 20:00:00,Pipeline,84.53176254329354,43.294349836721445,1.888165362901042,84.33122271028121,32.0073788312961,None,0
2023-07-23 21:00:00,Heat Exchanger,82.8907520139991,57.639907868197554,1.0688933367755762,53.565778856854664,93.03411192881309,None,0
2023-07-23 22:00:00,Compressor,68.70779327152637,55.98381612490219,1.6505669097790032,48.82897167593809,60.154659706088665,None,0
2023-07-23 23:00:00,Compressor,67.93293231626994,52.160601219918846,1.5382997637374596,87.12215458069727,57.38547928439319,None,0
2023-07-24 00:00:00,Compressor,62.0687774959503,49.77144622677086,1.9170191342635376,67.65796932833209,49.20745495295262,None,0
2023-07-24 01:00:00,Pump,75.83872501760933,47.80737747197509,1.8146245080961763,52.8405891144881,15.226416614517449,None,0
2023-07-24 02:00:00,Heat Exchanger,64.19592670721498,51.40974436904526,2.0894658644690804,77.5096632558978,89.41612010138643,None,0
2023-07-24 03:00:00,Compressor,63.22583494750711,57.89903478700775,1.9652669741937125,48.268434096942904,38.52948037987268,Wear & Tear,1
2023-07-24 04:00:00,Pipeline,70.76309283089324,51.19283063071038,2.679869627518509,40.58445516419172,67.82143010214651,Wear & Tear,1
2023-07-24 05:00:00,Valve,70.10843824815784,60.83479633623483,2.2122742998598346,62.638178147862334,64.66902030730319,None,0
2023-07-24 06:00:00,Valve,69.62021471178045,45.51029007179885,2.228835805596793,63.972722694636204,62.60381428460741,Overheating,1
2023-07-24 07:00:00,Compressor,79.66444596840262,49.901596228358656,2.582578561947261,79.54478893604028,57.31409818104257,Wear & Tear,1
2023-07-24 08:00:00,Valve,75.79047802150279,48.134706661680426,1.805615624785209,57.421641301225804,26.329585008819528,None,0
2023-07-24 09:00:00,Valve,72.11843969488882,44.57429228418834,1.3690612783207574,78.87519237032049,35.2545166943169,None,0
2023-07-24 10:00:00,Pump,76.83012928311481,49.23458133495172,2.6034851623161246,48.67936076090031,57.176926414327006,None,0
2023-07-24 11:00:00,Pipeline,65.08472958895368,52.086646508302195,2.0679208740540562,64.52209213066752,81.04082064372334,Wear & Tear,1
2023-07-24 12:00:00,Pipeline,76.05278623909678,52.62115089976015,2.0696756039494644,42.50836673404295,48.87900735853768,Wear & Tear,1
2023-07-24 13:00:00,Pump,76.50602492844634,60.85226089472278,1.6833350392348818,53.126757054995785,28.353029774151775,None,0
2023-07-24 14:00:00,Pump,59.96953140642519,52.3223373486178,1.6915723334482113,81.45238186997106,17.914998232488337,None,0
2023-07-24 15:00:00,Valve,84.95693754370362,55.75068401839808,2.423361169385422,42.9592916061453,69.67099031446219,Wear & Tear,1
2023-07-24 16:00:00,Heat Exchanger,66.18566294773004,50.33047123149488,2.492327899068805,78.61436777395606,48.10059735590481,None,0
2023-07-24 17:00:00,Valve,75.90309799206435,58.390278002262974,2.391911702873329,46.972299470844376,21.283380336037773,None,0
2023-07-24 18:00:00,Pump,86.6441174053527,61.992246427940344,2.3964808027227376,32.06938318076722,70.70201919882854,None,0
2023-07-24 19:00:00,Pipeline,84.25676757713869,52.65542565487975,2.2845147686298795,36.59607420341078,28.682085776893587,None,0
2023-07-24 20:00:00,Valve,75.34333388568835,45.036704922742096,2.0657613650390783,74.75277271924729,55.81144434733094,None,0
2023-07-24 21:00:00,Heat Exchanger,71.37500997117931,47.25597488611416,1.9123101578395096,45.72425559012889,37.55691775691744,None,0
2023-07-24 22:00:00,Valve,84.47511908575567,51.40967151602581,2.6051619249707767,69.24873553447634,93.85210579906003,None,0
2023-07-24 23:00:00,Compressor,81.7469497780862,52.282490176253226,1.8131395647547832,71.95193416543398,30.545925964404905,Electrical Failure,1
2023-07-25 00:00:00,Valve,68.81634979955871,53.49212567192186,2.1849896069403734,50.70710786608109,47.79266693878256,None,0
2023-07-25 01:00:00,Pump,67.0510635299831,52.3009884061502,1.5979935010228767,58.495139232668414,96.35442371452052,None,0
2023-07-25 02:00:00,Pipeline,54.27644818304002,50.0349245812797,1.6703504815747747,54.22602542734864,38.68526619444839,None,0
2023-07-25 03:00:00,Pipeline,76.54031841683587,46.81900779398936,1.8819227160713867,86.84093978127203,68.01338467099,None,0
2023-07-25 04:00:00,Pump,74.17302254981601,52.00569130632115,1.5980308116364181,49.19693174109524,38.505433933569265,None,0
2023-07-25 05:00:00,Compressor,86.36191374642542,59.274936787403284,2.3989259127391502,40.999382533497645,19.96074812055241,None,0
2023-07-25 06:00:00,Pump,78.59055093480367,55.099643027138775,1.3259828742274853,51.935570572534694,66.47925094158634,None,0
2023-07-25 07:00:00,Valve,88.3422919417269,52.67351974818099,2.0496148116905366,70.17094245612073,92.44283817568063,None,0
2023-07-25 08:00:00,Pump,68.02635772083829,55.14783461911375,2.0662540484210905,71.84176142168792,50.730820051068264,None,0
2023-07-25 09:00:00,Pump,86.38150330967619,48.14467985549574,1.0946002108401596,85.44343892160042,66.35588884232205,Leakage,1
2023-07-25 10:00:00,Compressor,69.71083620895345,47.4586742695834,1.7794880897381957,82.90526909254855,64.80085719309608,None,0
2023-07-25 11:00:00,Valve,82.77596061792272,46.26107447817009,2.1278497690240714,47.299231225036536,47.35807323650883,None,0
2023-07-25 12:00:00,Heat Exchanger,60.41241607469306,49.37356688615281,2.214363996647034,57.30979493805579,65.34069748882575,None,0
2023-07-25 13:00:00,Heat Exchanger,77.35135299366189,47.889970516454596,1.897846395699917,74.83613929100605,33.3386275977075,Corrosion,1
2023-07-25 14:00:00,Pipeline,55.153120585540904,56.041373703260696,2.3384441022403575,84.9922368361215,44.02341141427469,Overheating,1
2023-07-25 15:00:00,Pump,72.32862514058246,47.623382911589054,1.9453418713819797,50.22990077141351,49.80869707261376,None,0
2023-07-25 16:00:00,Pipeline,79.40353993877913,45.98639141887542,2.0068264560375284,56.66648605061975,87.76078152062324,None,0
2023-07-25 17:00:00,Compressor,69.79031448768905,59.71288589415316,2.125826934493277,83.96869622721653,41.349960534992945,None,0
2023-07-25 18:00:00,Heat Exchanger,64.49562371244033,47.743123844593285,2.4634998143670845,51.509032389505364,67.16233433042437,None,0
2023-07-25 19:00:00,Pump,83.46118469295934,50.76764228625176,1.662140998792234,58.83077917150415,29.20634536770088,Corrosion,1
2023-07-25 20:00:00,Compressor,73.96537210153076,52.25661412371706,1.7565890637408512,84.27024847308473,32.7312756148534,None,0
2023-07-25 21:00:00,Compressor,70.10429352969328,44.31653440539593,1.6655517541353926,78.1345930793909,68.35859879139798,None,0
2023-07-25 22:00:00,Pump,75.41895921154277,56.17741884751535,1.8339011419290334,44.60585550058816,78.60789346299433,None,0
2023-07-25 23:00:00,Compressor,101.36669141945589,53.185595202056135,2.7131171290398823,49.487703924716,51.59054588736533,None,0
2023-07-26 00:00:00,Pump,86.53502849781543,57.79192005940391,2.286362659664911,51.17752364756035,40.15897270999899,Electrical Failure,1
2023-07-26 01:00:00,Pump,86.62573668187841,46.603890313909496,1.434455127415579,84.76430840586359,91.92444003390452,None,0
2023-07-26 02:00:00,Valve,79.35546318992364,50.4956289623808,1.6997765172056627,89.93602422627235,22.222703354413845,None,0
2023-07-26 03:00:00,Pipeline,76.66485272577147,50.19677877497098,2.186383612138201,76.4402581293264,74.86428138844124,None,0
2023-07-26 04:00:00,Compressor,51.03917711669584,51.31944247175011,1.5467461095336148,59.059578149610395,72.11536747723926,Wear & Tear,1
2023-07-26 05:00:00,Compressor,68.21019653536868,42.726926257114194,1.6373299795926215,30.61042908404874,72.12206464550147,Electrical Failure,1
2023-07-26 06:00:00,Valve,70.19425586797526,50.55418189346111,2.6724798330870745,71.84928339587745,94.1878399981172,None,0
2023-07-26 07:00:00,Valve,56.25107935952467,42.86768044288127,1.6933121857634066,53.361669869867086,75.53712708827129,None,0
2023-07-26 08:00:00,Valve,63.42584209784566,51.79167035598461,2.4773334080146934,67.97918821371633,37.14086704686257,None,0
2023-07-26 09:00:00,Heat Exchanger,55.19163529077366,39.3567543774074,2.627661594765469,66.40163780774573,41.80683018090783,None,0
2023-07-26 10:00:00,Heat Exchanger,74.61676164302628,40.74206582854707,1.633268954415518,58.84992339446324,45.199987587990485,Overheating,1
2023-07-26 11:00:00,Heat Exchanger,83.18765970848816,54.092743582199994,1.5550187217214293,86.66324386357937,12.772780668829546,None,0
2023-07-26 12:00:00,Pump,86.06774518624329,47.26580772402609,1.8619339567594175,31.3887807213205,92.21592838674313,None,0
2023-07-26 13:00:00,Compressor,79.14784462079241,45.0607096318388,1.4556861396631875,72.72794906835529,16.61973434783235,Leakage,1
2023-07-26 14:00:00,Pipeline,65.36603658801431,56.35422810537774,2.060516939251371,54.59039209797276,72.98148538877246,None,0
2023-07-26 15:00:00,Pump,55.6793484148004,51.638131086642076,1.8971740440733067,72.82742702949668,75.71449043589806,None,0
2023-07-26 16:00:00,Compressor,57.43131300598498,54.36045097766892,2.180290007943151,70.51317885237792,85.93435455674857,Electrical Failure,1
2023-07-26 17:00:00,Compressor,62.310174227455015,49.16878963839585,2.6984717281164103,30.614280154559722,59.80260300359703,None,0
2023-07-26 18:00:00,Valve,66.11140301964325,63.39814346950001,2.4087424903851598,47.12030971048027,75.27379814708831,None,0
2023-07-26 19:00:00,Valve,73.40251502008414,46.97743069720102,2.244619887706178,41.34549123022683,37.245063201935594,None,0
2023-07-26 20:00:00,Pump,64.85835781873031,58.72247774679944,1.0169757935160408,40.01918117654954,77.1025609821511,None,0
2023-07-26 21:00:00,Valve,78.38975893668261,49.69316979950044,2.2216879910511875,73.70860104726796,40.90741635356973,None,0
2023-07-26 22:00:00,Compressor,72.67726497200528,41.727448025436274,2.8613138303522745,44.373080945587475,91.25546305840264,None,0
2023-07-26 23:00:00,Valve,75.10545711741025,52.414243728740544,0.4947387418432416,58.48425689923805,24.70436269897445,None,0
2023-07-27 00:00:00,Heat Exchanger,86.40250552671205,51.57381280727582,2.3446912714878128,44.81933971714077,38.41815796065582,None,0
2023-07-27 01:00:00,Valve,63.197682657996296,44.74339092880385,1.9203207126217678,64.8140294061198,54.88925063996176,Overheating,1
2023-07-27 02:00:00,Compressor,79.18704578292369,45.38890361432642,1.5751024984885276,73.23442608359808,79.8265501433288,None,0
2023-07-27 03:00:00,Pump,74.86026771523926,49.87651178457504,2.400564291955977,49.864484321890586,77.39191945927287,None,0
2023-07-27 04:00:00,Pipeline,71.66513719030304,51.74873907623991,2.8548529503036653,66.18125089722733,28.964518689205313,Overheating,1
2023-07-27 05:00:00,Valve,83.8525632086596,37.646683585603,2.3876153644188767,79.49128646482434,22.98121269506167,Overheating,1
2023-07-27 06:00:00,Compressor,83.79014154557007,55.265607262619014,1.8144040243692368,35.6534571098695,37.35726438646884,None,0
2023-07-27 07:00:00,Pipeline,65.53509204011571,47.527510130925116,1.5282650877959219,72.64023594247627,53.53787365083123,None,0
2023-07-27 08:00:00,Pipeline,73.17839416142075,43.34126257800912,2.0723138168947717,49.38869666612281,58.510454034317554,None,0
2023-07-27 09:00:00,Heat Exchanger,77.81211682584065,54.705332757259654,2.436584646190794,37.35899739149666,48.622383185975124,None,0
2023-07-27 10:00:00,Pipeline,72.26993251977416,49.88191010290772,1.8064734868831362,62.739252456860925,69.67811049832062,None,0
2023-07-27 11:00:00,Compressor,80.85021332287798,56.08082888391127,1.8548085041746016,43.575739156063904,48.48030492375139,Leakage,1
2023-07-27 12:00:00,Compressor,77.81192017910276,52.189761314898774,3.411000124919199,79.28170756014946,95.16961089449151,None,0
2023-07-27 13:00:00,Valve,93.32561240356013,49.99242748525977,2.5393259729798627,32.57375457186457,33.487196318338235,Leakage,1
2023-07-27 14:00:00,Valve,59.69720864070212,49.23635027509922,2.575064339196816,35.91917377625385,66.46349086030853,Leakage,1
2023-07-27 15:00:00,Valve,73.77564010252603,52.413563802780686,1.269857046970594,61.25976755914901,65.02401447941186,None,0
2023-07-27 16:00:00,Pipeline,65.91497488487809,47.93234370595335,1.6464056603532697,65.3365070446174,35.34172496940556,None,0
2023-07-27 17:00:00,Pipeline,81.04107455439043,45.7371370562675,2.0373408197271194,73.7931998713648,47.05188620626246,None,0
2023-07-27 18:00:00,Heat Exchanger,58.828281099544554,53.04954561327322,1.4994312210574252,45.55564369513163,42.89262574959737,None,0
2023-07-27 19:00:00,Valve,78.46312710224886,49.277560792777855,2.8001986494446474,80.50562449279751,25.52491540184404,Electrical Failure,1
2023-07-27 20:00:00,Pump,68.69951568651659,50.16783824034503,2.7051561532953228,87.18854038642698,52.95656913683896,None,0
2023-07-27 21:00:00,Heat Exchanger,67.65838133878987,55.44689918077304,1.7332273313079731,59.94235821569181,44.79960277196573,Leakage,1
2023-07-27 22:00:00,Pump,60.53501796459312,49.4306169613213,2.8919593033037425,75.63188189818808,26.048562406044343,None,0
2023-07-27 23:00:00,Pipeline,70.34924053798994,50.07516962770895,1.997873951640029,61.49090127262757,50.48920408759854,None,0
2023-07-28 00:00:00,Heat Exchanger,85.84500530290926,47.00175244274534,3.294694858694524,34.168021764732636,47.96595714328652,Electrical Failure,1
2023-07-28 01:00:00,Heat Exchanger,74.7481131647052,52.15369966990925,2.072343065262518,49.566690770557265,21.822910989351374,None,0
2023-07-28 02:00:00,Compressor,81.27680417874474,51.74913956340044,2.288096375164211,35.2492013776209,21.806878772620976,Leakage,1
2023-07-28 03:00:00,Pipeline,91.64641821966275,54.50387565895279,2.699951720584779,89.33274715530081,68.27566418611276,None,0
2023-07-28 04:00:00,Pipeline,77.63755584822576,47.10435581496562,2.6388166749039046,43.74155472440263,73.59227242453935,None,0
2023-07-28 05:00:00,Heat Exchanger,69.41200427937659,47.71091515204907,2.2553660330679466,68.15402516494312,94.70623779180143,None,0
2023-07-28 06:00:00,Pipeline,79.6725221518279,53.96068699572734,1.929429840278082,47.06070611669624,17.830422141498985,None,0
2023-07-28 07:00:00,Heat Exchanger,69.55703853685708,51.261065016814314,2.2570663499965598,69.19477292135555,20.607534314042816,None,0
